{"type":"FeatureCollection","features":[{"type":"Feature","properties":{"name":"Los Cactus","clave_catastral":"01","clave_parroquia":"01","descripcion":"Los Cactus","layer":"barrios"},"geometry":{"type":"Polygon","coordinates":[[[-80.68520701795548,-0.9632343049857326],[-80.6856499198134,-0.9632326027480929],[-80.68610223859571,-0.9632766174861729],[-80.68647767974635,-0.9633095106233895],[-80.68652822003074,-0.9633131061177806],[-80.68733653749645,-0.9634398077834304],[-80.68790091137306,-0.9635282714951359],[-80.68787142081244,-0.9630890156298904],[-80.68830215864145,-0.9630859299879263],[-80.68830795791001,-0.9621224741584342],[-80.68831011132053,-0.9616577863212968],[-80.68831242892344,-0.9611960180141779],[-80.68831867650391,-0.9609581851486552],[-80.68782277213349,-0.9608653451839757],[-80.68756584305675,-0.9608216886785641],[-80.6864590922584,-0.9606336331652868],[-80.68570990614063,-0.9605221968901675],[-80.68516791654525,-0.9604359177826608],[-80.68505302332731,-0.9612449407774335],[-80.68482109176675,-0.9620348503671038],[-80.6848329367833,-0.9625255661893135],[-80.68487451780938,-0.9629025829067217],[-80.68485072395968,-0.963052188894352],[-80.68477342295557,-0.9632077736852692],[-80.68473345340587,-0.963252141712232],[-80.68498100204012,-0.9632504141296323],[-80.68520701795548,-0.9632343049857326]]]}},{"type":"Feature","properties":{"name":"Villamarina","clave_catastral":"01","clave_parroquia":"01","descripcion":"Villamarina","layer":"barrios"},"geometry":{"type":"Polygon","coordinates":[[[-80.67120818737966,-0.9580021441943815],[-80.67114427024204,-0.9580181951625519],[-80.67111039279811,-0.9580512220871356],[-80.67115857448329,-0.9582624122831049],[-80.67116976956038,-0.958311484138548],[-80.67120394953959,-0.9584613017196517],[-80.6712141914049,-0.9585061946099529],[-80.67124756281683,-0.9586524683495554],[-80.67128738031641,-0.958826995116496],[-80.67130475106045,-0.9589031329888512],[-80.6713472575843,-0.9591074160552324],[-80.67139849809351,-0.9593536687376769],[-80.67143647053065,-0.9595361577159166],[-80.67152623941816,-0.9599221164208983],[-80.67158563754668,-0.9601774938898585],[-80.67185117205231,-0.9613802706659983],[-80.67191660001444,-0.9616766386647129],[-80.67194248196849,-0.9618082444506513],[-80.67206459427643,-0.9624291550995991],[-80.67189268487257,-0.962504871992664],[-80.67240163607141,-0.9633955723302989],[-80.67273375330028,-0.9632482291680587],[-80.67283278962827,-0.963204898076313],[-80.67308193257742,-0.9630954938016885],[-80.67325170867346,-0.9630212105501244],[-80.67371400149655,-0.9628189393480397],[-80.67382899296376,-0.9627686255995087],[-80.67441806336657,-0.9625108837113601],[-80.67456331874295,-0.9624464724425366],[-80.6747837939062,-0.9623491590333657],[-80.6748207892863,-0.9623328301561997],[-80.67540759471561,-0.9620753144162109],[-80.6761694263037,-0.9617409898897193],[-80.67673241939768,-0.9614950255439254],[-80.67694718277008,-0.9613968754513279],[-80.67757346761985,-0.9611006645910294],[-80.67846457014514,-0.960679204958339],[-80.67891437972449,-0.9604617453116332],[-80.6805428883358,-0.9596821457014073],[-80.68067409910168,-0.9596368815865475],[-80.68075742054351,-0.9596164030070611],[-80.68078743539792,-0.9596090262233475],[-80.6809561159794,-0.9595862688764782],[-80.681134320629,-0.9595867561105392],[-80.68131996045355,-0.9596092407287102],[-80.68064704022396,-0.9590696574279461],[-80.67833959655525,-0.9572323592566931],[-80.67753885107673,-0.956594766336778],[-80.67628911176728,-0.9556045381568765],[-80.6761381171349,-0.9554837929191962],[-80.67607270858133,-0.9555361986210896],[-80.67575106168474,-0.956406100603644],[-80.67568279820476,-0.9564719247401143],[-80.67560045865801,-0.9566834164806437],[-80.67547384818407,-0.9569753729032726],[-80.67538812591486,-0.9571737197143477],[-80.67536499604766,-0.9572272394993888],[-80.67534716207342,-0.9572685054345698],[-80.67532095049361,-0.957314486632427],[-80.67530313015023,-0.9573497744306678],[-80.67529539899618,-0.9573668284614455],[-80.67522354780371,-0.9575253221131845],[-80.6751485780702,-0.9576906940056062],[-80.67504574200085,-0.9579175367541239],[-80.67503374791943,-0.9579439930710691],[-80.67499785377272,-0.9580231702302912],[-80.67498493824407,-0.9580516602563165],[-80.67498030404404,-0.9580618830841416],[-80.6749193074059,-0.9580586429066642],[-80.67485831076824,-0.9580554027280925],[-80.67480298614417,-0.9580544854916012],[-80.67474179785636,-0.958053470889567],[-80.67468710058387,-0.9580525645676943],[-80.67456683884785,-0.9580505708444207],[-80.674494345677,-0.9580492095564493],[-80.67418555144216,-0.9580448428166052],[-80.67408044587503,-0.9580433562620669],[-80.67389862931734,-0.9580386895245283],[-80.673760026968,-0.9580368975768039],[-80.67362205011142,-0.9580357778859822],[-80.67348724060699,-0.9580343174162209],[-80.67336845732088,-0.9580330303745228],[-80.67315628693821,-0.9580291839751283],[-80.67310236892841,-0.9580282062304804],[-80.67286781701988,-0.9580242825728078],[-80.67277983587947,-0.9580147465742642],[-80.67236256217693,-0.9580177308996696],[-80.67218554943825,-0.958015383316038],[-80.67215883848533,-0.9580150568562829],[-80.67202990803273,-0.9580127582256069],[-80.67199233889713,-0.9580120615951984],[-80.67171146538617,-0.9580088173589871],[-80.67157866739653,-0.9580072837264453],[-80.67147081964093,-0.9580060718605665],[-80.67131868611686,-0.9580043626469034],[-80.67121369580873,-0.9580009679743284],[-80.67120818737966,-0.9580021441943815]]]}},{"type":"Feature","properties":{"name":"Urb Millenium","clave_catastral":"01","clave_parroquia":"01","descripcion":"Urb Millenium","layer":"barrios"},"geometry":{"type":"Polygon","coordinates":[[[-80.68334393113408,-0.9614534713718115],[-80.6831763108562,-0.9622075359586546],[-80.68301078542054,-0.9629521759991349],[-80.68294670517565,-0.963240447898727],[-80.68431132564665,-0.9632495610358233],[-80.6846141951201,-0.963252973572665],[-80.68473345340587,-0.963252141712232],[-80.68477342295557,-0.9632077736852692],[-80.68485072395968,-0.963052188894352],[-80.68487451780938,-0.9629025829067217],[-80.6848329367833,-0.9625255661893135],[-80.68482109176675,-0.9620348503671038],[-80.68505302332731,-0.9612449407774335],[-80.68516791654525,-0.9604359177826608],[-80.68437253472561,-0.9603093011140516],[-80.68363951822288,-0.9601803369824324],[-80.68356575755438,-0.960485139243417],[-80.68350860037224,-0.9607361724159489],[-80.68342723992768,-0.9610935057072112],[-80.68334393113408,-0.9614534713718115]]]}},{"type":"Feature","properties":{"name":"Aso Empleados Seafman","clave_catastral":"01","clave_parroquia":"01","descripcion":"Aso Empleados Seafman","layer":"barrios"},"geometry":{"type":"Polygon","coordinates":[[[-80.68068279846324,-0.9616731716336631],[-80.6807481021784,-0.9617152234917227],[-80.68117591171563,-0.961785750062262],[-80.68160971165764,-0.9618664370939314],[-80.68204014796135,-0.9619419162230827],[-80.68219757217686,-0.9612119945945637],[-80.68239039226967,-0.9612506061117331],[-80.68261804387902,-0.9612968911475973],[-80.68305900841303,-0.9613920110699183],[-80.68334393113408,-0.9614534713718115],[-80.68342723992768,-0.9610935057072112],[-80.68350860037224,-0.9607361724159489],[-80.68356575755438,-0.960485139243417],[-80.68363951822288,-0.9601803369824324],[-80.68319216554029,-0.960106240727356],[-80.6831274079757,-0.9600858313854133],[-80.68307869273288,-0.9600498332681724],[-80.68306169834115,-0.9599889334108553],[-80.68306231554537,-0.9599072575713733],[-80.68309200074563,-0.9598376128194843],[-80.68290910656546,-0.9599052148175247],[-80.68289518820333,-0.9599513865470469],[-80.68287258879819,-0.9599939367971188],[-80.68284188374409,-0.9600310100509688],[-80.68280511964808,-0.9600618374918497],[-80.68276284404087,-0.9600845780759072],[-80.68271697319497,-0.9600985805873421],[-80.6826692696804,-0.9601033050759469],[-80.68262156703805,-0.9600985716748482],[-80.68258169659212,-0.9600822161333014],[-80.68254924447318,-0.9600588786955058],[-80.68252915634451,-0.9600324310986109],[-80.68248484027006,-0.9599916265315187],[-80.68246582475659,-0.9598958755755405],[-80.68246828462455,-0.9598431568806519],[-80.68231052391126,-0.9598095645709322],[-80.68131996045355,-0.9596092407287102],[-80.681134320629,-0.9595867561105392],[-80.6809561159794,-0.9595862688764782],[-80.68078743539792,-0.9596090262233475],[-80.68075742054351,-0.9596164030070611],[-80.68074502085882,-0.9597277551942227],[-80.68073916141628,-0.9597940284503181],[-80.6807277232014,-0.9599233845297875],[-80.68069431721763,-0.9602996964145093],[-80.6806828936202,-0.9604303670745934],[-80.68063164131169,-0.960947859779111],[-80.68061513954027,-0.9611129596065382],[-80.68066413693785,-0.9615186518482375],[-80.68068279846324,-0.9616731716336631]]]}},{"type":"Feature","properties":{"name":"Los Almendros","clave_catastral":"01","clave_parroquia":"01","descripcion":"Los Almendros","layer":"barrios"},"geometry":{"type":"Polygon","coordinates":[[[-80.68309200074563,-0.9598376128194843],[-80.68306231554537,-0.9599072575713733],[-80.68306169834115,-0.9599889334108553],[-80.68307869273288,-0.9600498332681724],[-80.6831274079757,-0.9600858313854133],[-80.68319216554029,-0.960106240727356],[-80.68363951822288,-0.9601803369824324],[-80.68437253472561,-0.9603093011140516],[-80.68516791654525,-0.9604359177826608],[-80.68570990614063,-0.9605221968901675],[-80.6864590922584,-0.9606336331652868],[-80.68756584305675,-0.9608216886785641],[-80.68782277213349,-0.9608653451839757],[-80.68831867650391,-0.9609581851486552],[-80.68852382127251,-0.9609937058002487],[-80.68851327979894,-0.9608306508745983],[-80.68841252795653,-0.9596054896614419],[-80.6884129076727,-0.9595709558062282],[-80.68840498088505,-0.9594759120167993],[-80.68837677348559,-0.9594746093549702],[-80.68834484340634,-0.959025192693062],[-80.68831537200874,-0.9586993422811646],[-80.68831116457157,-0.9586022438494979],[-80.68328891777168,-0.9597648276317869],[-80.68309200074563,-0.9598376128194843]]]}},{"type":"Feature","properties":{"name":"Puerto Luz","clave_catastral":"01","clave_parroquia":"01","descripcion":"Puerto Luz","layer":"barrios"},"geometry":{"type":"Polygon","coordinates":[[[-80.68608290967201,-0.972091540049945],[-80.68674314272826,-0.9713726621801726],[-80.68647205869524,-0.9711195575425648],[-80.68644351634534,-0.971091469995386],[-80.68615041460677,-0.9708121795626425],[-80.68583422573762,-0.9705012449397117],[-80.68562225890372,-0.9707263996697577],[-80.68516031462265,-0.9712103785193874],[-80.68608290967201,-0.972091540049945]]]}},{"type":"Feature","properties":{"name":"Divino Niño","clave_catastral":"01","clave_parroquia":"01","descripcion":"Divino Niño","layer":"barrios"},"geometry":{"type":"Polygon","coordinates":[[[-80.68209750287573,-0.9697059980826737],[-80.68205664372745,-0.969631834283021],[-80.68198721709263,-0.9694987363750159],[-80.68197040682426,-0.9694731335627864],[-80.68191502864373,-0.9693887872000887],[-80.68189800736666,-0.969362862525017],[-80.68189293506623,-0.9693551360559098],[-80.68205702581534,-0.9692933506522934],[-80.68253777914218,-0.9691123313023127],[-80.68279112636334,-0.9690273195016204],[-80.68291878381545,-0.968980515722933],[-80.68306543777531,-0.9689042789753302],[-80.68320002871769,-0.9687971480271499],[-80.68323635373625,-0.9687529539400684],[-80.68335605567115,-0.9685458564375864],[-80.68350734682177,-0.9683309271909053],[-80.68362687105251,-0.9681815866778294],[-80.68369919490834,-0.9681093255144901],[-80.68386593674387,-0.967942728194501],[-80.68396590065801,-0.9678589426239198],[-80.6843242605286,-0.9675525486031091],[-80.68442119188818,-0.967463837013284],[-80.6844411386906,-0.9674411450304206],[-80.68460047820031,-0.9672598763879278],[-80.68463993068094,-0.9672155251881805],[-80.68493348508618,-0.9668730108220984],[-80.68523466994426,-0.9665310503197305],[-80.68543268905005,-0.9663171995722593],[-80.68535616460325,-0.9652597723308816],[-80.68520701795548,-0.9632343049857326],[-80.68498100204012,-0.9632504141296323],[-80.68473345340587,-0.963252141712232],[-80.6846141951201,-0.963252973572665],[-80.68431132564665,-0.9632495610358233],[-80.68294670517565,-0.963240447898727],[-80.68275381012083,-0.9632412250749383],[-80.68267467365945,-0.9632418645302891],[-80.68224167791894,-0.9632482953470856],[-80.68215252946725,-0.9632630130221429],[-80.68174488221372,-0.9638314232959716],[-80.68149877988803,-0.964160695494968],[-80.68134400350725,-0.9643522560691054],[-80.68172629579688,-0.9646035631282217],[-80.68180362243066,-0.964508107806779],[-80.68212572534138,-0.9647221250842932],[-80.68197022657458,-0.9651531187708002],[-80.68181120289125,-0.9655916317076246],[-80.68164085748485,-0.966048428911634],[-80.68127007078482,-0.9657959306598515],[-80.68125831849952,-0.9657881938509122],[-80.68074753917823,-0.9665742027600999],[-80.68025962075953,-0.9673296364655641],[-80.6798575436278,-0.9679537208664044],[-80.67991758022494,-0.9680143545416797],[-80.68019066340881,-0.9682634578708046],[-80.6802057116382,-0.9682784073793728],[-80.68045319275525,-0.9685242649252075],[-80.68072558666215,-0.9687950690959042],[-80.68101479668921,-0.9690956932376338],[-80.68123852961237,-0.9693760734990207],[-80.68132224519597,-0.9693260381383055],[-80.68146553261941,-0.969342541797829],[-80.68162428303421,-0.969360833870155],[-80.68181250670911,-0.9698209728492059],[-80.68195411421821,-0.9697629429057741],[-80.68209750287573,-0.9697059980826737]]]}},{"type":"Feature","properties":{"name":"Niño Jesús 2","clave_catastral":"01","clave_parroquia":"01","descripcion":"Niño Jesús 2","layer":"barrios"},"geometry":{"type":"Polygon","coordinates":[[[-80.68125831849952,-0.9657881938509122],[-80.68088349774155,-0.9655413556802159],[-80.68050855514113,-0.9652874572748971],[-80.68040940231924,-0.9652099386799762],[-80.6801699318381,-0.9649980264977103],[-80.67982435495234,-0.9646940647332228],[-80.6796540110031,-0.9645384848031995],[-80.67931074405386,-0.9649841390721008],[-80.67896677757884,-0.9654124634021599],[-80.6785528980043,-0.965903238533116],[-80.6784030665723,-0.9660980467267706],[-80.67817971588804,-0.9663677778098217],[-80.67846063682646,-0.966650069161176],[-80.67851811918962,-0.9667023152143769],[-80.67873293581437,-0.9668899764172494],[-80.67885950442346,-0.9670035230066532],[-80.67900410485731,-0.9671402388312629],[-80.67927274583876,-0.9673918893231956],[-80.67952674251629,-0.9676337993685564],[-80.67966761753317,-0.967770175962869],[-80.6798575436278,-0.9679537208664044],[-80.68025962075953,-0.9673296364655641],[-80.68074753917823,-0.9665742027600999],[-80.68125831849952,-0.9657881938509122]]]}},{"type":"Feature","properties":{"name":"Los Bosques","clave_catastral":"01","clave_parroquia":"01","descripcion":"Los Bosques","layer":"barrios"},"geometry":{"type":"Polygon","coordinates":[[[-80.68790091137306,-0.9635282714951359],[-80.68733653749645,-0.9634398077834304],[-80.68652822003074,-0.9633131061177806],[-80.68647767974635,-0.9633095106233895],[-80.68610223859571,-0.9632766174861729],[-80.6856499198134,-0.9632326027480929],[-80.68520701795548,-0.9632343049857326],[-80.68535616460325,-0.9652597723308816],[-80.68543268905005,-0.9663171995722593],[-80.68552697390517,-0.9662369818445599],[-80.6856615191966,-0.9661374439937447],[-80.68584724193947,-0.9660374980299763],[-80.68627981629939,-0.9658414591559962],[-80.68670190046396,-0.9656298131908727],[-80.68712566984254,-0.9654335009346795],[-80.68759514298915,-0.9652170478907038],[-80.68777950188495,-0.9647949300514682],[-80.6878475732047,-0.9645207198492615],[-80.68789412095784,-0.9640324203525807],[-80.68791129083738,-0.9637438405751055],[-80.68790091137306,-0.9635282714951359]]]}},{"type":"Feature","properties":{"name":"Uleam Aereopuerto","clave_catastral":"01","clave_parroquia":"01","descripcion":"Uleam Aereopuerto","layer":"barrios"},"geometry":{"type":"Polygon","coordinates":[[[-80.68068279846324,-0.9616731716336631],[-80.68070640055552,-0.9618477005543724],[-80.68073092545649,-0.9620257234714843],[-80.68071963271689,-0.9620263768051416],[-80.68072047798212,-0.9620343092336014],[-80.68075271912872,-0.9623369899448875],[-80.68076515083719,-0.9624536980450529],[-80.68077114689729,-0.9625099876509041],[-80.68079749229943,-0.962527528931588],[-80.68086431827561,-0.9625950028504633],[-80.68130439627107,-0.9630024215969542],[-80.68142379525152,-0.9631128007900145],[-80.68125715679643,-0.9631973895057513],[-80.68110244760541,-0.9632758435590034],[-80.68061156151806,-0.9635186833178864],[-80.68045400247733,-0.9636289940026757],[-80.68047824014303,-0.9636540426278657],[-80.68057021422105,-0.9637272908635026],[-80.6806097550098,-0.9637593643875135],[-80.68064299965678,-0.963786330867805],[-80.68071835673757,-0.9638420439239468],[-80.68079376810336,-0.9638976837438662],[-80.68082352812857,-0.9639210950671924],[-80.68086820164876,-0.9639545984519202],[-80.68094317035903,-0.9640108220365136],[-80.68096837463227,-0.9640297242496558],[-80.6810272765413,-0.964072533045865],[-80.68104412827455,-0.9640847805673758],[-80.68110017162424,-0.964129262770939],[-80.6811762812776,-0.9641896718108001],[-80.68118333473102,-0.964195270211505],[-80.68120710681048,-0.9642139756191738],[-80.68124989021268,-0.9642476492631147],[-80.68132353886435,-0.9643056160971639],[-80.68134400350725,-0.9643522560691054],[-80.68149877988803,-0.964160695494968],[-80.68174488221372,-0.9638314232959716],[-80.68215252946725,-0.9632630130221429],[-80.68224167791894,-0.9632482953470856],[-80.68267467365945,-0.9632418645302891],[-80.68275381012083,-0.9632412250749383],[-80.68294670517565,-0.963240447898727],[-80.68301078542054,-0.9629521759991349],[-80.6831763108562,-0.9622075359586546],[-80.68334393113408,-0.9614534713718115],[-80.68305900841303,-0.9613920110699183],[-80.68261804387902,-0.9612968911475973],[-80.68239039226967,-0.9612506061117331],[-80.68219757217686,-0.9612119945945637],[-80.68204014796135,-0.9619419162230827],[-80.68160971165764,-0.9618664370939314],[-80.68117591171563,-0.961785750062262],[-80.6807481021784,-0.9617152234917227],[-80.68068279846324,-0.9616731716336631]]]}},{"type":"Feature","properties":{"name":"Valle Hermoso","clave_catastral":"01","clave_parroquia":"01","descripcion":"Valle Hermoso","layer":"barrios"},"geometry":{"type":"Polygon","coordinates":[[[-80.67240163607141,-0.9633955723302989],[-80.67189268487257,-0.962504871992664],[-80.67206459427643,-0.9624291550995991],[-80.67194248196849,-0.9618082444506513],[-80.67191660001444,-0.9616766386647129],[-80.67185117205231,-0.9613802706659983],[-80.67158563754668,-0.9601774938898585],[-80.67152623941816,-0.9599221164208983],[-80.67143647053065,-0.9595361577159166],[-80.67139849809351,-0.9593536687376769],[-80.6713472575843,-0.9591074160552324],[-80.67130475106045,-0.9589031329888512],[-80.67128738031641,-0.958826995116496],[-80.67124756281683,-0.9586524683495554],[-80.6712141914049,-0.9585061946099529],[-80.67120394953959,-0.9584613017196517],[-80.67116976956038,-0.958311484138548],[-80.67115857448329,-0.9582624122831049],[-80.67111039279811,-0.9580512220871356],[-80.67114427024204,-0.9580181951625519],[-80.67120818737966,-0.9580021441943815],[-80.67113277323885,-0.9579684347910417],[-80.67111938177048,-0.9579640003996132],[-80.6710569320013,-0.9579589270641833],[-80.67104602173923,-0.957958040295182],[-80.67098919382502,-0.957953423477548],[-80.67098325020835,-0.9579529406906744],[-80.67093207650491,-0.9579487831084491],[-80.67076041018274,-0.9579326626061118],[-80.67066127383694,-0.9579369051726587],[-80.67028261424775,-0.9579541485554871],[-80.670199197687,-0.957957976462211],[-80.6700807516705,-0.9579641812742778],[-80.67001984792722,-0.9579673708206826],[-80.66994497788001,-0.9579715143896977],[-80.66983675286377,-0.9579775048619865],[-80.66985474344085,-0.9580191722922108],[-80.66981734566319,-0.9580218031915706],[-80.66935273384975,-0.958054495161619],[-80.66890899799363,-0.9580884638371856],[-80.66844889613317,-0.9581229483539745],[-80.66806701346547,-0.958150473234909],[-80.66808289081698,-0.9583336903522337],[-80.66807792464321,-0.9584966303703055],[-80.6681435442718,-0.9593431573413511],[-80.66814969303877,-0.959556801740021],[-80.66817604037819,-0.9598671718524373],[-80.66821485175785,-0.9607595639291446],[-80.66825810786268,-0.9614779758710625],[-80.66825912385458,-0.9615766241267919],[-80.66826333486242,-0.9617328405230552],[-80.66818891779388,-0.9624155255587823],[-80.66815114148257,-0.962753931767722],[-80.668160646076,-0.9632750730273898],[-80.66816828030592,-0.9636472584481198],[-80.66824369026233,-0.9640464028364875],[-80.66847538219234,-0.9648248012864968],[-80.6685558540365,-0.9648720578435785],[-80.66859343223022,-0.9648355020529635],[-80.6686412980528,-0.964806967555873],[-80.6686827324215,-0.9647943201025555],[-80.66872582244258,-0.9647900522680147],[-80.66877616825171,-0.9647869540338263],[-80.66881609705176,-0.9647939477630699],[-80.66885972529981,-0.964809787239048],[-80.66889577273606,-0.9648395712274436],[-80.66892535457453,-0.9648758621872561],[-80.66894733488407,-0.9649172649390464],[-80.67076089128307,-0.964116069244568],[-80.67116793074426,-0.9639377962401312],[-80.67159380135932,-0.9637512755841015],[-80.67201470390924,-0.96356656475497],[-80.67202093535886,-0.9635638109684805],[-80.67207628602881,-0.9635393505254086],[-80.67240163607141,-0.9633955723302989]]]}},{"type":"Feature","properties":{"name":"Nazario Cedeso","clave_catastral":"01","clave_parroquia":"01","descripcion":"Nazario Cedeso","layer":"barrios"},"geometry":{"type":"Polygon","coordinates":[[[-80.68068279846324,-0.9616731716336631],[-80.68066413693785,-0.9615186518482375],[-80.68061513954027,-0.9611129596065382],[-80.68063164131169,-0.960947859779111],[-80.6806828936202,-0.9604303670745934],[-80.68069431721763,-0.9602996964145093],[-80.6807277232014,-0.9599233845297875],[-80.68073916141628,-0.9597940284503181],[-80.68074502085882,-0.9597277551942227],[-80.68075742054351,-0.9596164030070611],[-80.68067409910168,-0.9596368815865475],[-80.6805428883358,-0.9596821457014073],[-80.67891437972449,-0.9604617453116332],[-80.67846457014514,-0.960679204958339],[-80.67757346761985,-0.9611006645910294],[-80.67694718277008,-0.9613968754513279],[-80.67673241939768,-0.9614950255439254],[-80.67711238842799,-0.9619537254433935],[-80.6777371367748,-0.9626314496828172],[-80.67835619608125,-0.9632954770342224],[-80.67905954003626,-0.9639816697565493],[-80.67927605713214,-0.9641890562424607],[-80.67930408111329,-0.9641512618571682],[-80.679410419036,-0.9640291481389482],[-80.679460944378,-0.9639711281539007],[-80.67949718823195,-0.9639297870369603],[-80.6795181393921,-0.9639058900817759],[-80.67956995400345,-0.9638434543041399],[-80.67962075282283,-0.9637827391960202],[-80.67967784214297,-0.9637231682411312],[-80.6797293412222,-0.9636612888286749],[-80.67978337662231,-0.963599985053264],[-80.6798361160896,-0.9635373973636945],[-80.6800669840481,-0.9632850752894342],[-80.68045400247733,-0.9636289940026757],[-80.68061156151806,-0.9635186833178864],[-80.68110244760541,-0.9632758435590034],[-80.68125715679643,-0.9631973895057513],[-80.68142379525152,-0.9631128007900145],[-80.68130439627107,-0.9630024215969542],[-80.68086431827561,-0.9625950028504633],[-80.68079749229943,-0.962527528931588],[-80.68077114689729,-0.9625099876509041],[-80.68076515083719,-0.9624536980450529],[-80.68075271912872,-0.9623369899448875],[-80.68072047798212,-0.9620343092336014],[-80.68071963271689,-0.9620263768051416],[-80.68073092545649,-0.9620257234714843],[-80.68070640055552,-0.9618477005543724],[-80.68068279846324,-0.9616731716336631]]]}},{"type":"Feature","properties":{"name":"Mar y Cielo","clave_catastral":"01","clave_parroquia":"01","descripcion":"Mar y Cielo","layer":"barrios"},"geometry":{"type":"Polygon","coordinates":[[[-80.6796540110031,-0.9645384848031995],[-80.67942841919697,-0.9643349931214118],[-80.67927605713214,-0.9641890562424607],[-80.67905954003626,-0.9639816697565493],[-80.67835619608125,-0.9632954770342224],[-80.6777371367748,-0.9626314496828172],[-80.67711238842799,-0.9619537254433935],[-80.67673241939768,-0.9614950255439254],[-80.6761694263037,-0.9617409898897193],[-80.67540759471561,-0.9620753144162109],[-80.6748207892863,-0.9623328301561997],[-80.6747837939062,-0.9623491590333657],[-80.67456331874295,-0.9624464724425366],[-80.67441806336657,-0.9625108837113601],[-80.67476794572877,-0.9630775420701667],[-80.67498440990963,-0.9633273361280885],[-80.67500606758472,-0.9633523654145363],[-80.67526510858347,-0.9636043517232906],[-80.67545736761384,-0.9637913747665152],[-80.67552385946294,-0.9638539806689296],[-80.6757948308032,-0.9641161101755671],[-80.67604793615516,-0.9643609566197284],[-80.67609130239929,-0.9644029078053649],[-80.67633892342496,-0.964623712422494],[-80.67659426258287,-0.9648647695064766],[-80.67673642277835,-0.965001168865399],[-80.67685305155634,-0.9651140158600101],[-80.67712410568775,-0.9653623115852668],[-80.67738002447702,-0.965608180202139],[-80.67747217447044,-0.9656971566744375],[-80.67765216387522,-0.9658752082029735],[-80.67793729771083,-0.9661474069681475],[-80.67817971588804,-0.9663677778098217],[-80.6784030665723,-0.9660980467267706],[-80.6785528980043,-0.965903238533116],[-80.67896677757884,-0.9654124634021599],[-80.67931074405386,-0.9649841390721008],[-80.6796540110031,-0.9645384848031995]]]}},{"type":"Feature","properties":{"name":"Urb San Jose","clave_catastral":"01","clave_parroquia":"01","descripcion":"Urb San Jose","layer":"barrios"},"geometry":{"type":"Polygon","coordinates":[[[-80.68045400247733,-0.9636289940026757],[-80.6800669840481,-0.9632850752894342],[-80.6798361160896,-0.9635373973636945],[-80.67978337662231,-0.963599985053264],[-80.6797293412222,-0.9636612888286749],[-80.67967784214297,-0.9637231682411312],[-80.67962075282283,-0.9637827391960202],[-80.67956995400345,-0.9638434543041399],[-80.6795181393921,-0.9639058900817759],[-80.67949718823195,-0.9639297870369603],[-80.679460944378,-0.9639711281539007],[-80.679410419036,-0.9640291481389482],[-80.67930408111329,-0.9641512618571682],[-80.67927605713214,-0.9641890562424607],[-80.67942841919697,-0.9643349931214118],[-80.6796540110031,-0.9645384848031995],[-80.67982435495234,-0.9646940647332228],[-80.6801699318381,-0.9649980264977103],[-80.68040940231924,-0.9652099386799762],[-80.68050855514113,-0.9652874572748971],[-80.68088349774155,-0.9655413556802159],[-80.68125831849952,-0.9657881938509122],[-80.68127007078482,-0.9657959306598515],[-80.68164085748485,-0.966048428911634],[-80.68181120289125,-0.9655916317076246],[-80.68197022657458,-0.9651531187708002],[-80.68212572534138,-0.9647221250842932],[-80.68180362243066,-0.964508107806779],[-80.68172629579688,-0.9646035631282217],[-80.68134400350725,-0.9643522560691054],[-80.68132353886435,-0.9643056160971639],[-80.68124989021268,-0.9642476492631147],[-80.68120710681048,-0.9642139756191738],[-80.68118333473102,-0.964195270211505],[-80.6811762812776,-0.9641896718108001],[-80.68110017162424,-0.964129262770939],[-80.68104412827455,-0.9640847805673758],[-80.6810272765413,-0.964072533045865],[-80.68096837463227,-0.9640297242496558],[-80.68094317035903,-0.9640108220365136],[-80.68086820164876,-0.9639545984519202],[-80.68082352812857,-0.9639210950671924],[-80.68079376810336,-0.9638976837438662],[-80.68071835673757,-0.9638420439239468],[-80.68064299965678,-0.963786330867805],[-80.6806097550098,-0.9637593643875135],[-80.68057021422105,-0.9637272908635026],[-80.68047824014303,-0.9636540426278657],[-80.68045400247733,-0.9636289940026757]]]}},{"type":"Feature","properties":{"name":"noname","clave_catastral":"01","clave_parroquia":"01","descripcion":"noname","layer":"barrios"},"geometry":{"type":"Polygon","coordinates":[[[-80.68579783962367,-0.978138130617964],[-80.68578215717622,-0.9781156601916621],[-80.68509527917918,-0.9786092467845009],[-80.6842156282003,-0.9792506531092897],[-80.68432749709518,-0.979456940494444],[-80.68439074050794,-0.9795735619851484],[-80.68459173331081,-0.9799441946983336],[-80.68505113807255,-0.979640106733882],[-80.68529696249693,-0.9794700247467034],[-80.685542912751,-0.9792875253586573],[-80.68572540851228,-0.9791517290835544],[-80.68622954996206,-0.9787691623874366],[-80.68603298719577,-0.9784750592566098],[-80.68579783962367,-0.978138130617964]]]}},{"type":"Feature","properties":{"name":"La Fragata","clave_catastral":"01","clave_parroquia":"01","descripcion":"La Fragata","layer":"barrios"},"geometry":{"type":"Polygon","coordinates":[[[-80.68234056227027,-0.9759622522548311],[-80.68235724118303,-0.9759976970376556],[-80.68249471578007,-0.9763580211044456],[-80.6825842679764,-0.9767310668261473],[-80.6826241994089,-0.9771987869257401],[-80.68298486076677,-0.9769862090840321],[-80.68324708225059,-0.9774771657476151],[-80.68352703090692,-0.977971314987272],[-80.6837922753042,-0.9784473504424369],[-80.68406035102424,-0.9789643203777842],[-80.6842156282003,-0.9792506531092897],[-80.68509527917918,-0.9786092467845009],[-80.68578215717622,-0.9781156601916621],[-80.68579783962367,-0.978138130617964],[-80.68629421359495,-0.9777716605855034],[-80.68665187709696,-0.9775256570507054],[-80.68628122596579,-0.9770480386686985],[-80.68622804651072,-0.9771095255712937],[-80.6849788344121,-0.9755390104181316],[-80.68492687902926,-0.9755789297125118],[-80.6847260777088,-0.9755385966832506],[-80.68374155606159,-0.9753374480051207],[-80.68234056227027,-0.9759622522548311]]]}},{"type":"Feature","properties":{"name":"Costa Azul","clave_catastral":"01","clave_parroquia":"01","descripcion":"Costa Azul","layer":"barrios"},"geometry":{"type":"Polygon","coordinates":[[[-80.68209750287573,-0.9697059980826737],[-80.68195411421821,-0.9697629429057741],[-80.68181250670911,-0.9698209728492059],[-80.68162428303421,-0.969360833870155],[-80.68146553261941,-0.969342541797829],[-80.68132224519597,-0.9693260381383055],[-80.68123852961237,-0.9693760734990207],[-80.68101479668921,-0.9690956932376338],[-80.68072558666215,-0.9687950690959042],[-80.68045319275525,-0.9685242649252075],[-80.6802057116382,-0.9682784073793728],[-80.68019066340881,-0.9682634578708046],[-80.67991758022494,-0.9680143545416797],[-80.6798575436278,-0.9679537208664044],[-80.67966761753317,-0.967770175962869],[-80.67952674251629,-0.9676337993685564],[-80.67927274583876,-0.9673918893231956],[-80.67900410485731,-0.9671402388312629],[-80.67885950442346,-0.9670035230066532],[-80.67873293581437,-0.9668899764172494],[-80.67851811918962,-0.9667023152143769],[-80.67846063682646,-0.966650069161176],[-80.67817971588804,-0.9663677778098217],[-80.67793729771083,-0.9661474069681475],[-80.67765216387522,-0.9658752082029735],[-80.67747217447044,-0.9656971566744375],[-80.67738002447702,-0.965608180202139],[-80.67712410568775,-0.9653623115852668],[-80.67685305155634,-0.9651140158600101],[-80.67673642277835,-0.965001168865399],[-80.67659426258287,-0.9648647695064766],[-80.67633892342496,-0.964623712422494],[-80.67609130239929,-0.9644029078053649],[-80.67604793615516,-0.9643609566197284],[-80.6757948308032,-0.9641161101755671],[-80.67552385946294,-0.9638539806689296],[-80.67545736761384,-0.9637913747665152],[-80.67526510858347,-0.9636043517232906],[-80.67500606758472,-0.9633523654145363],[-80.67498440990963,-0.9633273361280885],[-80.67476794572877,-0.9630775420701667],[-80.67441806336657,-0.9625108837113601],[-80.67382899296376,-0.9627686255995087],[-80.67371400149655,-0.9628189393480397],[-80.67325170867346,-0.9630212105501244],[-80.67308193257742,-0.9630954938016885],[-80.67283278962827,-0.963204898076313],[-80.67273375330028,-0.9632482291680587],[-80.67240163607141,-0.9633955723302989],[-80.67207628602881,-0.9635393505254086],[-80.67202093535886,-0.9635638109684805],[-80.67255817417038,-0.9645330526374493],[-80.67257044678139,-0.9645551939851771],[-80.67260546106164,-0.9646183635978076],[-80.6728003610445,-0.9649955088560916],[-80.67294172663578,-0.965269060091174],[-80.67303681513481,-0.9654530632235919],[-80.67307770231716,-0.9655321830727529],[-80.67321246928773,-0.9657929656168847],[-80.6733825582385,-0.9661032803061858],[-80.6735830067291,-0.9664980111931811],[-80.67361568006471,-0.9665623539300867],[-80.67364835308277,-0.9666266971715487],[-80.67371582560267,-0.9667588927996604],[-80.67374854860111,-0.9668216714380549],[-80.67378660621263,-0.9668952576143254],[-80.67381885617557,-0.9669576144569447],[-80.67390823592169,-0.9671322308683585],[-80.6739737247562,-0.9672571595112771],[-80.67404464067015,-0.9673872030891886],[-80.6740803185129,-0.967457861907775],[-80.67414744079487,-0.9675868005414401],[-80.6742141578404,-0.9677149630029191],[-80.67423973030954,-0.9677642946507632],[-80.67430204511012,-0.9678845056350127],[-80.67436937584242,-0.9680124133458179],[-80.67442092808128,-0.9681123845821276],[-80.67447680704225,-0.9682208896279718],[-80.67448757614555,-0.9682415208639554],[-80.67455478329511,-0.9683702844578761],[-80.67458146342614,-0.9684214060962405],[-80.67464592327485,-0.9685471512989352],[-80.67471306735682,-0.9686776103216914],[-80.67474884868791,-0.9687468370735388],[-80.67481771712279,-0.9688817736934823],[-80.67488177345214,-0.9690072763948478],[-80.67490655038533,-0.9690539149915054],[-80.67496422937398,-0.9691652320645403],[-80.67497233674628,-0.9691808871160674],[-80.67504068251607,-0.9693114584409414],[-80.67508018995488,-0.9693882184577376],[-80.67521389995535,-0.9696480644528975],[-80.67523964811761,-0.9696981310279682],[-80.67537500540433,-0.9699591135981933],[-80.67541841232193,-0.9700498836960493],[-80.67549030343467,-0.9701752514492624],[-80.67555421654174,-0.9703044526112308],[-80.67558231964094,-0.9703444255958829],[-80.6756019206292,-0.9703893637360324],[-80.67564017818856,-0.97047705323115],[-80.67570393799149,-0.9706116989490283],[-80.67572128223395,-0.9706366137373408],[-80.67569638375998,-0.9706537094027539],[-80.6758512445522,-0.9709643143965252],[-80.67592965485032,-0.97112770813456],[-80.67608457502759,-0.9714505354281754],[-80.67625164994021,-0.9717999346731149],[-80.67667226557408,-0.9726875187832889],[-80.67671046728294,-0.9727776895810365],[-80.67743870034278,-0.9734438353842165],[-80.67769252396943,-0.973674358879606],[-80.67796708795863,-0.9739144485520086],[-80.67824411478114,-0.9741609785051395],[-80.67853116234654,-0.9744113465306015],[-80.67878617251118,-0.9746480142898832],[-80.67910075977737,-0.9749399738233818],[-80.67934774949569,-0.975140817664723],[-80.67940949342767,-0.9751976427818363],[-80.67990806992417,-0.9753307009384287],[-80.68081545950265,-0.9755820002307871],[-80.68110070880316,-0.9750634658314965],[-80.6816254530541,-0.9747748014991799],[-80.68170599750766,-0.974743968303855],[-80.68179969964365,-0.9746707297045417],[-80.68186961523472,-0.9746556556628434],[-80.68190076938687,-0.9746429455734358],[-80.68192241038163,-0.9746341167102344],[-80.68196735924731,-0.9745917522875231],[-80.68201587716018,-0.9745307167004996],[-80.68205940334667,-0.9744488559143889],[-80.68210149870845,-0.9744143893769744],[-80.68211790930599,-0.9743899753991059],[-80.68212718849611,-0.974341144302656],[-80.68215501500357,-0.9743030865007825],[-80.68216607382519,-0.9742923160171557],[-80.68217713264684,-0.9742815446287666],[-80.68219711195312,-0.9742420502988978],[-80.68219140813599,-0.9742047076565399],[-80.68219640600807,-0.9741695201558686],[-80.68221001097439,-0.9741121272488159],[-80.68223423224234,-0.9739993297134077],[-80.68224801229071,-0.9738766725099168],[-80.68224851243441,-0.9738722240749668],[-80.68223782657276,-0.9737106464356913],[-80.68221928658609,-0.9736215981279911],[-80.68219646526092,-0.973536857665934],[-80.68219219037655,-0.973472226248532],[-80.682193043877,-0.9734663619685051],[-80.68220075686095,-0.9734133418925524],[-80.68221075250489,-0.973334349482016],[-80.68220933436804,-0.973236685390674],[-80.68220830423633,-0.9732091448713476],[-80.68220648783516,-0.9731605642313497],[-80.68222647163249,-0.9730729562641613],[-80.68224787827175,-0.9730327428182477],[-80.68225358948233,-0.9729910930066409],[-80.68226711117588,-0.9729205989148398],[-80.68226929180419,-0.9729092286664809],[-80.68227215526808,-0.9728043833544859],[-80.6822575015202,-0.972726262560883],[-80.68225230820732,-0.972698578701994],[-80.68225886157049,-0.9725609405439001],[-80.68226185187373,-0.9723683650538675],[-80.68226090901098,-0.9722821908840302],[-80.68227043307155,-0.9721519725722487],[-80.68228525684569,-0.9720938324821446],[-80.68231705957965,-0.9719690961363199],[-80.68233989509005,-0.9719020743142863],[-80.6823430921589,-0.9718916477792305],[-80.68235374619424,-0.9718458222706658],[-80.68235636991572,-0.9718345352975747],[-80.68238652382716,-0.9717048346232389],[-80.68241126779179,-0.9715765330297189],[-80.68246454928763,-0.9714281268485507],[-80.68248168328574,-0.971298867344757],[-80.68247123078719,-0.9711980675590866],[-80.68246837879973,-0.9711705621506752],[-80.68243551306513,-0.9709170633903597],[-80.68243510979924,-0.9709139511334257],[-80.6823970777067,-0.9707291523070012],[-80.682367597474,-0.9706515919413476],[-80.68235523711675,-0.9705960566659401],[-80.68235617836888,-0.9705166246071997],[-80.68235525900006,-0.9703614713647681],[-80.68232958593201,-0.9702561447586505],[-80.68230669188297,-0.9701897564344648],[-80.68230581130804,-0.9701872032461836],[-80.68224400102946,-0.969981336796792],[-80.68220216081498,-0.9699020997329058],[-80.68212416871805,-0.9697543994863764],[-80.68209750287573,-0.9697059980826737]]]}},{"type":"Feature","properties":{"name":"noname","clave_catastral":"01","clave_parroquia":"01","descripcion":"noname","layer":"barrios"},"geometry":{"type":"Polygon","coordinates":[[[-80.68371160275863,-0.9727627298015733],[-80.68323837344379,-0.9732646075924266],[-80.68318654883568,-0.9733795611531804],[-80.68281745296764,-0.9737723423378952],[-80.68267742226124,-0.9739284990999552],[-80.68219711195312,-0.9742420502988978],[-80.68217713264684,-0.9742815446287666],[-80.68216607382519,-0.9742923160171557],[-80.68215501500357,-0.9743030865007825],[-80.68212718849611,-0.974341144302656],[-80.68211790930599,-0.9743899753991059],[-80.68210149870845,-0.9744143893769744],[-80.68205940334667,-0.9744488559143889],[-80.68201587716018,-0.9745307167004996],[-80.68196735924731,-0.9745917522875231],[-80.68192241038163,-0.9746341167102344],[-80.68190076938687,-0.9746429455734358],[-80.68186961523472,-0.9746556556628434],[-80.68179969964365,-0.9746707297045417],[-80.68170599750766,-0.974743968303855],[-80.6816254530541,-0.9747748014991799],[-80.68192952830196,-0.9752428166832486],[-80.68212396825828,-0.9755569267921801],[-80.68225786107597,-0.9757865018379732],[-80.68234056227027,-0.9759622522548311],[-80.68374155606159,-0.9753374480051207],[-80.6847260777088,-0.9755385966832506],[-80.68492687902926,-0.9755789297125118],[-80.6849788344121,-0.9755390104181316],[-80.68622804651072,-0.9771095255712937],[-80.68628122596579,-0.9770480386686985],[-80.68665187709696,-0.9775256570507054],[-80.68684372483091,-0.9773937027605798],[-80.6868225003451,-0.9773673077958875],[-80.68642995758663,-0.9768791379557201],[-80.68676241678358,-0.9765139461546681],[-80.6861886626486,-0.9756918256516656],[-80.6856381353553,-0.9749143251473243],[-80.68578238365369,-0.9747317754207216],[-80.68371160275863,-0.9727627298015733]]]}},{"type":"Feature","properties":{"name":"noname","clave_catastral":"01","clave_parroquia":"01","descripcion":"noname","layer":"barrios"},"geometry":{"type":"Polygon","coordinates":[[[-80.68578238365369,-0.9747317754207216],[-80.68595125331632,-0.9745180667179767],[-80.6860990876753,-0.9743396870831589],[-80.6862201919761,-0.9741935606168822],[-80.6863920279079,-0.9739774842201854],[-80.68441841924776,-0.9719970035759076],[-80.68392998962995,-0.9725261413591682],[-80.68371160275863,-0.9727627298015733],[-80.68578238365369,-0.9747317754207216]]]}},{"type":"Feature","properties":{"name":"noname","clave_catastral":"01","clave_parroquia":"01","descripcion":"noname","layer":"barrios"},"geometry":{"type":"Polygon","coordinates":[[[-80.68608290967201,-0.972091540049945],[-80.68516031462265,-0.9712103785193874],[-80.68452657718977,-0.9718798311385655],[-80.68441841924776,-0.9719970035759076],[-80.6863920279079,-0.9739774842201854],[-80.68654872920796,-0.9737789713546476],[-80.68681266428909,-0.9734230180053061],[-80.68710340783097,-0.9730853361686655],[-80.68608290967201,-0.972091540049945]]]}},{"type":"Feature","properties":{"name":"Sabana 1","clave_catastral":"01","clave_parroquia":"01","descripcion":"Sabana 1","layer":"barrios"},"geometry":{"type":"Polygon","coordinates":[[[-80.68583422573762,-0.9705012449397117],[-80.68615041460677,-0.9708121795626425],[-80.68644351634534,-0.971091469995386],[-80.68647205869524,-0.9711195575425648],[-80.68674314272826,-0.9713726621801726],[-80.68697328008065,-0.9715875358500908],[-80.68782805675129,-0.9724201461947217],[-80.68812021926846,-0.9721106617698041],[-80.68842358669237,-0.9717893080085105],[-80.68758434216707,-0.9709830958178571],[-80.68707593907745,-0.9704885110260619],[-80.68641321357518,-0.9698787705397934],[-80.68631240631662,-0.9699931649130065],[-80.68612708153168,-0.9701979952217101],[-80.68605023952666,-0.9702775644827426],[-80.68583422573762,-0.9705012449397117]]]}},{"type":"Feature","properties":{"name":"noname","clave_catastral":"01","clave_parroquia":"01","descripcion":"noname","layer":"barrios"},"geometry":{"type":"Polygon","coordinates":[[[-80.68710340783097,-0.9730853361686655],[-80.68725967215651,-0.9729444181499645],[-80.68772632678423,-0.9725235923049099],[-80.68782805675129,-0.9724201461947217],[-80.68697328008065,-0.9715875358500908],[-80.68674314272826,-0.9713726621801726],[-80.68608290967201,-0.972091540049945],[-80.68710340783097,-0.9730853361686655]]]}},{"type":"Feature","properties":{"name":"9 de Mayo","clave_catastral":"01","clave_parroquia":"01","descripcion":"9 de Mayo","layer":"barrios"},"geometry":{"type":"Polygon","coordinates":[[[-80.68369919490834,-0.9681093255144901],[-80.68362687105251,-0.9681815866778294],[-80.68350734682177,-0.9683309271909053],[-80.68335605567115,-0.9685458564375864],[-80.68323635373625,-0.9687529539400684],[-80.68320002871769,-0.9687971480271499],[-80.68306543777531,-0.9689042789753302],[-80.68291878381545,-0.968980515722933],[-80.68279112636334,-0.9690273195016204],[-80.68253777914218,-0.9691123313023127],[-80.68205702581534,-0.9692933506522934],[-80.68189293506623,-0.9693551360559098],[-80.68189800736666,-0.969362862525017],[-80.68191502864373,-0.9693887872000887],[-80.68197040682426,-0.9694731335627864],[-80.68198721709263,-0.9694987363750159],[-80.68205664372745,-0.969631834283021],[-80.68209750287573,-0.9697059980826737],[-80.68212416871805,-0.9697543994863764],[-80.68220216081498,-0.9699020997329058],[-80.68224400102946,-0.969981336796792],[-80.68230581130804,-0.9701872032461836],[-80.68230669188297,-0.9701897564344648],[-80.68232958593201,-0.9702561447586505],[-80.68235525900006,-0.9703614713647681],[-80.68235617836888,-0.9705166246071997],[-80.68235523711675,-0.9705960566659401],[-80.682367597474,-0.9706515919413476],[-80.6823970777067,-0.9707291523070012],[-80.68243510979924,-0.9709139511334257],[-80.68243551306513,-0.9709170633903597],[-80.68246837879973,-0.9711705621506752],[-80.68247123078719,-0.9711980675590866],[-80.68248168328574,-0.971298867344757],[-80.68246454928763,-0.9714281268485507],[-80.68241126779179,-0.9715765330297189],[-80.68238652382716,-0.9717048346232389],[-80.68235636991572,-0.9718345352975747],[-80.68235374619424,-0.9718458222706658],[-80.6823430921589,-0.9718916477792305],[-80.68233989509005,-0.9719020743142863],[-80.68231705957965,-0.9719690961363199],[-80.68228525684569,-0.9720938324821446],[-80.68227043307155,-0.9721519725722487],[-80.68226090901098,-0.9722821908840302],[-80.68226185187373,-0.9723683650538675],[-80.68225886157049,-0.9725609405439001],[-80.68225230820732,-0.972698578701994],[-80.6822575015202,-0.972726262560883],[-80.68227215526808,-0.9728043833544859],[-80.68226929180419,-0.9729092286664809],[-80.68226711117588,-0.9729205989148398],[-80.68225358948233,-0.9729910930066409],[-80.68224787827175,-0.9730327428182477],[-80.68222647163249,-0.9730729562641613],[-80.68220648783516,-0.9731605642313497],[-80.68220830423633,-0.9732091448713476],[-80.68220933436804,-0.973236685390674],[-80.68221075250489,-0.973334349482016],[-80.68220075686095,-0.9734133418925524],[-80.682193043877,-0.9734663619685051],[-80.68219219037655,-0.973472226248532],[-80.68219646526092,-0.973536857665934],[-80.68221928658609,-0.9736215981279911],[-80.68223782657276,-0.9737106464356913],[-80.68224851243441,-0.9738722240749668],[-80.68224801229071,-0.9738766725099168],[-80.68223423224234,-0.9739993297134077],[-80.68221001097439,-0.9741121272488159],[-80.68219640600807,-0.9741695201558686],[-80.68219140813599,-0.9742047076565399],[-80.68219711195312,-0.9742420502988978],[-80.68267742226124,-0.9739284990999552],[-80.68281745296764,-0.9737723423378952],[-80.68318654883568,-0.9733795611531804],[-80.68323837344379,-0.9732646075924266],[-80.68371160275863,-0.9727627298015733],[-80.68371143988571,-0.9727531820058317],[-80.68369474120941,-0.9717742890022834],[-80.68369986930198,-0.9701314784334869],[-80.68369919490834,-0.9681093255144901]]]}},{"type":"Feature","properties":{"name":"El Palmar","clave_catastral":"01","clave_parroquia":"01","descripcion":"El Palmar","layer":"barrios"},"geometry":{"type":"Polygon","coordinates":[[[-80.69264207655127,-0.9606633755873872],[-80.69200770471129,-0.961000158810819],[-80.69121401531584,-0.9612164906679368],[-80.69042888779697,-0.9612627611810609],[-80.68968719471857,-0.9611951427424117],[-80.68852382127251,-0.9609937058002487],[-80.68831867650391,-0.9609581851486552],[-80.68831242892344,-0.9611960180141779],[-80.68831011132053,-0.9616577863212968],[-80.68830795791001,-0.9621224741584342],[-80.68830215864145,-0.9630859299879263],[-80.68787142081244,-0.9630890156298904],[-80.68790091137306,-0.9635282714951359],[-80.68791129083738,-0.9637438405751055],[-80.68789412095784,-0.9640324203525807],[-80.6878475732047,-0.9645207198492615],[-80.68777950188495,-0.9647949300514682],[-80.68759514298915,-0.9652170478907038],[-80.68784342999123,-0.9657213028827556],[-80.68807016755696,-0.9662267450989503],[-80.68930954116612,-0.9656546565109067],[-80.68932397781366,-0.965646180017913],[-80.6893000002847,-0.9656026313145815],[-80.68922112960222,-0.965441966976087],[-80.68918265245297,-0.9653675481874728],[-80.68911664495346,-0.9652398828467028],[-80.6891158694996,-0.9652376770792586],[-80.68909762791408,-0.9651857854496342],[-80.68903207410713,-0.9650450038941898],[-80.68900239741936,-0.9649812702976562],[-80.68897981887451,-0.9649327818085425],[-80.68894262259678,-0.9648528983506708],[-80.68890701242366,-0.9647857452889498],[-80.68899372296896,-0.9647662403661599],[-80.68893121825492,-0.9646012923356722],[-80.6889391965579,-0.9645544143375844],[-80.68926212195286,-0.9647242582069566],[-80.68935366363914,-0.9647724047176354],[-80.6896552596592,-0.9649156380164357],[-80.69005303899715,-0.965005977131227],[-80.69005223095718,-0.9649117004346833],[-80.69006107977022,-0.9649133872281367],[-80.69021270791927,-0.9649443550643468],[-80.69033775409119,-0.9649120149206567],[-80.6904075767143,-0.9648901375528709],[-80.69046258731709,-0.9648769870195935],[-80.69050720095011,-0.9648760693297618],[-80.6905499793291,-0.9648520163155325],[-80.69073769012836,-0.9651319755299141],[-80.6907817896165,-0.9651977474296274],[-80.69107102614991,-0.9651659152319496],[-80.69136026358453,-0.965134083007797],[-80.69189315001158,-0.9650650482137166],[-80.6923138044877,-0.9649514095008555],[-80.69234970325607,-0.9649417115389411],[-80.69297675013112,-0.9647482826991337],[-80.6933238326211,-0.9646162965712648],[-80.6935031876571,-0.964600075557982],[-80.69411971441359,-0.9645443162523151],[-80.69418340848367,-0.9645182046771054],[-80.69430772814233,-0.964476235294029],[-80.6942892825366,-0.9644233122735387],[-80.69425698947383,-0.9643079915595365],[-80.69424630808155,-0.9642698468696267],[-80.69420414000913,-0.964134649561217],[-80.69418841031678,-0.9640741932179681],[-80.69416898068329,-0.9639995180263553],[-80.69415946357779,-0.9639674676077731],[-80.69412689858119,-0.9638577959160557],[-80.69411420982254,-0.9638137658686077],[-80.694087445905,-0.96372089346508],[-80.69407267714124,-0.9636691414802243],[-80.6940459519416,-0.9635754964532168],[-80.6940378114661,-0.963546971836962],[-80.69400319397278,-0.9634235120917084],[-80.69398573306849,-0.9633748042325863],[-80.69400854062415,-0.9633657374227625],[-80.69390840061692,-0.9631411969046865],[-80.69385461981042,-0.9630206495180005],[-80.69381779933805,-0.9629381180135255],[-80.69379484349273,-0.9628866638457508],[-80.69377092344129,-0.9628330482247804],[-80.6936915520114,-0.9626559049331576],[-80.69364010471094,-0.9625427176215453],[-80.69358135507153,-0.9624260654931334],[-80.69355238919411,-0.9623728565384653],[-80.6935225247069,-0.9623176616513973],[-80.69348882237064,-0.9622526909632968],[-80.6934726081885,-0.9622230609598718],[-80.6934584671717,-0.96219721918888],[-80.69342900068267,-0.9621438970995797],[-80.69339606723165,-0.9620843004928474],[-80.69336631233503,-0.9620298393403459],[-80.69333617342546,-0.9619779701638009],[-80.69328813850171,-0.9618886848479349],[-80.69311808344364,-0.9615761634501466],[-80.69302180045828,-0.9613992176693246],[-80.69293558765321,-0.9612406240541985],[-80.69288622087949,-0.961149810553536],[-80.69279216116293,-0.9609767823937716],[-80.69276301827972,-0.9609231717300021],[-80.69273485430851,-0.9608680846588129],[-80.69264207655127,-0.9606633755873872]]]}},{"type":"Feature","properties":{"name":"San Pablo","clave_catastral":"01","clave_parroquia":"01","descripcion":"San Pablo","layer":"barrios"},"geometry":{"type":"Polygon","coordinates":[[[-80.69624884116709,-0.9587048503695428],[-80.69580541515319,-0.9589561930858395],[-80.6953805514568,-0.9591970142081863],[-80.69447818516389,-0.9596897588300237],[-80.69370677463198,-0.9600937094455019],[-80.69292926019452,-0.9605109118871554],[-80.69264207655127,-0.9606633755873872],[-80.69273485430851,-0.9608680846588129],[-80.69276301827972,-0.9609231717300021],[-80.69279216116293,-0.9609767823937716],[-80.69288622087949,-0.961149810553536],[-80.69293558765321,-0.9612406240541985],[-80.69302180045828,-0.9613992176693246],[-80.69311808344364,-0.9615761634501466],[-80.69328813850171,-0.9618886848479349],[-80.69333617342546,-0.9619779701638009],[-80.69336631233503,-0.9620298393403459],[-80.69339606723165,-0.9620843004928474],[-80.69342900068267,-0.9621438970995797],[-80.6934584671717,-0.96219721918888],[-80.6934726081885,-0.9622230609598718],[-80.69348882237064,-0.9622526909632968],[-80.6935225247069,-0.9623176616513973],[-80.69355238919411,-0.9623728565384653],[-80.69358135507153,-0.9624260654931334],[-80.69364010471094,-0.9625427176215453],[-80.6936915520114,-0.9626559049331576],[-80.69377092344129,-0.9628330482247804],[-80.69379484349273,-0.9628866638457508],[-80.69381779933805,-0.9629381180135255],[-80.69385461981042,-0.9630206495180005],[-80.69390840061692,-0.9631411969046865],[-80.69400854062415,-0.9633657374227625],[-80.69398573306849,-0.9633748042325863],[-80.69400319397278,-0.9634235120917084],[-80.6940378114661,-0.963546971836962],[-80.6940459519416,-0.9635754964532168],[-80.69407267714124,-0.9636691414802243],[-80.694087445905,-0.96372089346508],[-80.69411420982254,-0.9638137658686077],[-80.69412689858119,-0.9638577959160557],[-80.69415946357779,-0.9639674676077731],[-80.69416898068329,-0.9639995180263553],[-80.69418841031678,-0.9640741932179681],[-80.69420414000913,-0.964134649561217],[-80.69424630808155,-0.9642698468696267],[-80.69425698947383,-0.9643079915595365],[-80.6942892825366,-0.9644233122735387],[-80.69430772814233,-0.964476235294029],[-80.69457212458748,-0.9643869763956161],[-80.6946907439533,-0.9643469317159515],[-80.69488815104738,-0.9642671662556666],[-80.69496842292571,-0.9642347312886272],[-80.6951370745745,-0.9641665850797666],[-80.69547966063956,-0.9641572802918574],[-80.69549627560728,-0.9641576671965169],[-80.69573004908669,-0.9641631129093896],[-80.69597905498998,-0.9641612245382446],[-80.69598217199031,-0.9641612012957665],[-80.69622639094867,-0.9641593495694423],[-80.69622806179756,-0.9641593361487254],[-80.6963367972975,-0.9641585117635713],[-80.69646966790721,-0.9640872963010025],[-80.6967534064028,-0.9638234984052474],[-80.69682608930721,-0.9637559235334124],[-80.69714410581523,-0.9634187929189579],[-80.69717423387682,-0.9634428885603796],[-80.69747978192588,-0.9630708007141919],[-80.69717877253632,-0.9624981654267515],[-80.69690709671323,-0.9619997122451736],[-80.69727967387274,-0.9617051147825322],[-80.69767147820741,-0.9614063735623262],[-80.69727729050875,-0.96065586875973],[-80.69713900225842,-0.9603939878253698],[-80.69700024426288,-0.9601321592331544],[-80.69686320750995,-0.9598741378795382],[-80.69674102072108,-0.959645820579965],[-80.69624884116709,-0.9587048503695428]]]}},{"type":"Feature","properties":{"name":"La Fae","clave_catastral":"01","clave_parroquia":"01","descripcion":"La Fae","layer":"barrios"},"geometry":{"type":"Polygon","coordinates":[[[-80.6761381171349,-0.9554837929191962],[-80.67628911176728,-0.9556045381568765],[-80.67753885107673,-0.956594766336778],[-80.67833959655525,-0.9572323592566931],[-80.68064704022396,-0.9590696574279461],[-80.68131996045355,-0.9596092407287102],[-80.68231052391126,-0.9598095645709322],[-80.68246828462455,-0.9598431568806519],[-80.68246582475659,-0.9598958755755405],[-80.68248484027006,-0.9599916265315187],[-80.68252915634451,-0.9600324310986109],[-80.68254924447318,-0.9600588786955058],[-80.68258169659212,-0.9600822161333014],[-80.68262156703805,-0.9600985716748482],[-80.6826692696804,-0.9601033050759469],[-80.68271697319497,-0.9600985805873421],[-80.68276284404087,-0.9600845780759072],[-80.68280511964808,-0.9600618374918497],[-80.68284188374409,-0.9600310100509688],[-80.68287258879819,-0.9599939367971188],[-80.68289518820333,-0.9599513865470469],[-80.68290910656546,-0.9599052148175247],[-80.68309200074563,-0.9598376128194843],[-80.68328891777168,-0.9597648276317869],[-80.68831116457157,-0.9586022438494979],[-80.68831537200874,-0.9586993422811646],[-80.68834484340634,-0.959025192693062],[-80.68837677348559,-0.9594746093549702],[-80.68840498088505,-0.9594759120167993],[-80.6884129076727,-0.9595709558062282],[-80.68841252795653,-0.9596054896614419],[-80.68851327979894,-0.9608306508745983],[-80.68852382127251,-0.9609937058002487],[-80.68968719471857,-0.9611951427424117],[-80.69042888779697,-0.9612627611810609],[-80.69121401531584,-0.9612164906679368],[-80.69200770471129,-0.961000158810819],[-80.69264207655127,-0.9606633755873872],[-80.69292926019452,-0.9605109118871554],[-80.69370677463198,-0.9600937094455019],[-80.69447818516389,-0.9596897588300237],[-80.6953805514568,-0.9591970142081863],[-80.69580541515319,-0.9589561930858395],[-80.69624884116709,-0.9587048503695428],[-80.6967779218915,-0.9584017226022326],[-80.69745412362035,-0.9580374508192052],[-80.6970458289541,-0.9571929391362063],[-80.69709295532823,-0.9571615845750331],[-80.69708199167216,-0.9571277565898839],[-80.6969999134541,-0.956944758698654],[-80.69692869866202,-0.9567862825168022],[-80.69691659695671,-0.9567589995043589],[-80.69679902722399,-0.9564968692747726],[-80.69677354223508,-0.9563932951105443],[-80.69673030972649,-0.9562189787128405],[-80.69671763592984,-0.9561678765071946],[-80.6966736909377,-0.9559906911923122],[-80.69666443671866,-0.9559536326591597],[-80.69661553383472,-0.9557577885794615],[-80.69660464366972,-0.9557016906907023],[-80.69672710315902,-0.9557032956855238],[-80.69699519609219,-0.9557310807141022],[-80.69696141253301,-0.9555975199031791],[-80.69688702868862,-0.9553034470892358],[-80.69685290287006,-0.9553012302188932],[-80.6968328828934,-0.9552956888644957],[-80.69615383078066,-0.9550432308147663],[-80.6949455307783,-0.9545940085261293],[-80.69474355955006,-0.9545189198730384],[-80.69463422348139,-0.9544782706435483],[-80.69442858501098,-0.9544018178621626],[-80.69391637936245,-0.95421138994935],[-80.69296667378431,-0.9538583072888542],[-80.69254349175056,-0.9534799234698141],[-80.69182065265183,-0.9528383747466194],[-80.69161617813712,-0.9526507775505877],[-80.69152524270041,-0.9525694688942536],[-80.69126440538764,-0.952327210484171],[-80.69134240515216,-0.9523214725706453],[-80.69146415914996,-0.9523406336582241],[-80.69164108548091,-0.9523349046489926],[-80.6917552332625,-0.9523215097527925],[-80.69188650557022,-0.9522679017804165],[-80.69206065211885,-0.9521793702018044],[-80.69207104973246,-0.9521740839779511],[-80.69222705440822,-0.9521147332674218],[-80.6923373967307,-0.9521013389114756],[-80.69246378128919,-0.9521058403319388],[-80.6924991029184,-0.9521070983764589],[-80.69270837128072,-0.9520996966772088],[-80.69290955834848,-0.9520451368347551],[-80.69304796083554,-0.952040840982221],[-80.6930844138753,-0.9520456627857642],[-80.69318921403655,-0.9520595251608768],[-80.69329622582548,-0.9520624072162606],[-80.69340466627114,-0.952039436236717],[-80.6935045503651,-0.951974814989498],[-80.69354450491022,-0.9519346039446077],[-80.69360848414046,-0.951821265960831],[-80.69361443636163,-0.9517344942914292],[-80.6936397552874,-0.9516614570350584],[-80.69365903643562,-0.9516058350186115],[-80.69372146819164,-0.9515100909003138],[-80.69387010446653,-0.9514113625838405],[-80.69402766691132,-0.9512168862584502],[-80.69405624267776,-0.9511885440596474],[-80.6942327902263,-0.9510134375695856],[-80.69449039554466,-0.9507567709066365],[-80.6945300713805,-0.9507172392585233],[-80.69474113484344,-0.9505736343895278],[-80.69486895908715,-0.950522779009674],[-80.69500569975854,-0.9504868847997018],[-80.69511271491967,-0.9504509888470238],[-80.69524945836133,-0.9503732044659046],[-80.69533169551242,-0.950299784112616],[-80.69543377128964,-0.9502086511771921],[-80.69558836826934,-0.9499244094502899],[-80.69567458402247,-0.9497927619117235],[-80.69570268679435,-0.9497668135275035],[-80.69591181490917,-0.9495737167927985],[-80.69599148331291,-0.9495001559542828],[-80.695996598564,-0.9494970894195802],[-80.69632038284469,-0.9493029622169615],[-80.69641063456892,-0.949248851133504],[-80.69665866194767,-0.9491498363033627],[-80.69677032539194,-0.9491052592121036],[-80.69681015106646,-0.9490913175992403],[-80.69688117407483,-0.9490664548602582],[-80.69704249554133,-0.9490099822285885],[-80.69705373023656,-0.9490009378668846],[-80.69713596399741,-0.9489347379863347],[-80.69720230321019,-0.9488219003936678],[-80.69722391065487,-0.9487625628682537],[-80.69726078759805,-0.9486612903784818],[-80.69726583150437,-0.9485380114828245],[-80.69726650702775,-0.9485214968532887],[-80.6972646119552,-0.9484334071868119],[-80.69726081422236,-0.9483548919640867],[-80.69723038224504,-0.948272545637991],[-80.697179022042,-0.9482112610713642],[-80.69711814717667,-0.9481825309731703],[-80.69706107337123,-0.9481940158421907],[-80.69699210842754,-0.9482287182979122],[-80.69697601599505,-0.9482355863898989],[-80.69695277760229,-0.9482393000116929],[-80.6969306614966,-0.9482360664168823],[-80.69691068695104,-0.9482252931063329],[-80.69689642012354,-0.9482094927910936],[-80.6968868623958,-0.9481894561051121],[-80.6968797289074,-0.9481772481415618],[-80.69686760348415,-0.9481557030675275],[-80.69684976988178,-0.948134157490415],[-80.6968105347397,-0.9481090201133924],[-80.69676630449162,-0.9480903455878575],[-80.6967213613833,-0.9480731067835677],[-80.69666214955119,-0.9480515575577613],[-80.69661792120404,-0.9480213922315244],[-80.69661636111493,-0.948019089591412],[-80.69659652120426,-0.9479897931337717],[-80.69658439588454,-0.9479567590695268],[-80.69657940467684,-0.9479287522371749],[-80.6965715615793,-0.9478806369328936],[-80.69656157795274,-0.947828213181765],[-80.69654303649288,-0.94775065475757],[-80.69652877579352,-0.9476644792900117],[-80.69651451021969,-0.9476343166062264],[-80.69649013623476,-0.9476223459673747],[-80.69637597306722,-0.9476177851757797],[-80.69618991011626,-0.9476103509891373],[-80.69599253505403,-0.9475825063036893],[-80.69579515999851,-0.9475546616079242],[-80.69540041080641,-0.9474989721856275],[-80.69480227264037,-0.9474076270287243],[-80.69408299626987,-0.9472977822418045],[-80.69263242244598,-0.9469673177872551],[-80.69218768839515,-0.9468418500853915],[-80.69152904115795,-0.9466560340320314],[-80.69133677808267,-0.946602993235416],[-80.69065259411292,-0.9464142416686059],[-80.69000197871196,-0.9462277683691694],[-80.68968003016809,-0.9461354946017194],[-80.68885619598234,-0.9458993746437301],[-80.68822584946736,-0.9456609975680123],[-80.68784318757754,-0.9455162862978028],[-80.68631119079039,-0.9449440461007299],[-80.68591605402219,-0.9447692499448692],[-80.68501224108601,-0.9443694318729854],[-80.6847174404277,-0.9442303222121637],[-80.68382624772434,-0.9438097898131161],[-80.68297911625052,-0.943339942569324],[-80.68280952554247,-0.9431761410371564],[-80.68263993574928,-0.943012339502033],[-80.68224793150077,-0.9426815994482638],[-80.68198853367015,-0.9424487843310061],[-80.68186450471941,-0.9423374658593957],[-80.68150187302005,-0.9421429414324366],[-80.68086578233212,-0.941783824165654],[-80.68050594743671,-0.9415831713922246],[-80.68047937182442,-0.9415683524271401],[-80.6797422215313,-0.9411404058666477],[-80.6792987579823,-0.9408701645840836],[-80.6786742149718,-0.940525331771397],[-80.67839423463367,-0.9403707443767502],[-80.67774862831406,-0.9400618936208788],[-80.67740977837931,-0.939853607709594],[-80.67721360725106,-0.9396740597355518],[-80.67706517416443,-0.9394727704815012],[-80.67703884407578,-0.9394370643803996],[-80.67685337509657,-0.9392539274887071],[-80.67669834115014,-0.9391043049544265],[-80.67651646071315,-0.9389540158571918],[-80.67641270111687,-0.938874876251063],[-80.67628218312211,-0.9387753274120598],[-80.6762375249704,-0.9387412652770166],[-80.67598190078266,-0.9385886405582226],[-80.67583625296668,-0.9385257918470985],[-80.67562520957652,-0.9384569523429462],[-80.67512287848635,-0.9381576892597678],[-80.67433520400675,-0.9376519409210999],[-80.67372440481496,-0.937217287034173],[-80.67325517398419,-0.9368833763489022],[-80.67319977148216,-0.9368439509440236],[-80.67269968281909,-0.9364826498174637],[-80.67255774812828,-0.9363801061336261],[-80.6717524069147,-0.935703682422556],[-80.67148177605446,-0.9354763728688482],[-80.67053064277228,-0.9346534394889688],[-80.66981729645899,-0.9340100580977975],[-80.66946699494068,-0.9336632553908544],[-80.66946062588816,-0.9336569498376548],[-80.66901677645139,-0.93314205691685],[-80.66899845356437,-0.9331174605377868],[-80.6687314493428,-0.9327590337958185],[-80.66860782232989,-0.9324430499038101],[-80.66853175236844,-0.9321557951814867],[-80.66853177116671,-0.9319547225563838],[-80.66787382158799,-0.9322837977219507],[-80.66776010365504,-0.9323805324788309],[-80.66707474254228,-0.932963539845673],[-80.66661812555736,-0.9333560678225439],[-80.66629468673823,-0.9336528589784763],[-80.66609491799126,-0.933806037739302],[-80.66594272341679,-0.933825173255798],[-80.66576358532798,-0.9337581313240976],[-80.66533081137827,-0.9334804179519693],[-80.66435588028516,-0.9328723181603635],[-80.66295769600943,-0.9319099062450533],[-80.66246310209341,-0.9315555873751151],[-80.66147867002321,-0.9308469499918317],[-80.6613375729316,-0.9307330691693066],[-80.66131420135937,-0.930740203287101],[-80.66128989640903,-0.930742610188716],[-80.66126559281723,-0.9307401985884951],[-80.66125670057926,-0.9307374826849752],[-80.66124222260677,-0.9307330599526011],[-80.66122171716965,-0.9307220249944237],[-80.65815804892458,-0.9353077842859392],[-80.65871992165509,-0.93874332594541],[-80.65884971799223,-0.9392889086206963],[-80.65961394053707,-0.9413583966739907],[-80.66035803570875,-0.94298922830707],[-80.6605372432642,-0.9434545397612341],[-80.66054079498922,-0.9434664262284826],[-80.6608576891448,-0.9445092955306079],[-80.66115692375159,-0.9458157874452553],[-80.6611840420663,-0.9459701694277101],[-80.66118868796458,-0.9460154589111767],[-80.66119381874661,-0.9460654674252424],[-80.66119180354788,-0.946261400916498],[-80.66117244043855,-0.9463887952656904],[-80.66113642130061,-0.9465328609315264],[-80.6610921314516,-0.9466597018567455],[-80.66074925878924,-0.9475048210742756],[-80.6609592914492,-0.9475312539584451],[-80.66134039532758,-0.9475769731492676],[-80.66141300755548,-0.9475892518201903],[-80.66154505250745,-0.9476115542218936],[-80.66173768312535,-0.9476551975168377],[-80.66193187725204,-0.9477027484119275],[-80.66195266646506,-0.9477078385602482],[-80.66216070045297,-0.9477696192263494],[-80.66242310063387,-0.9478612634625421],[-80.66290646677278,-0.9480400595479921],[-80.6633184261681,-0.948176781241429],[-80.66359624164039,-0.9482756401971953],[-80.66421830467789,-0.948497346684789],[-80.66551476993277,-0.9489586597311472],[-80.66750442155734,-0.9496623707171211],[-80.66829159507591,-0.949932604276725],[-80.6697314555139,-0.9504593968634651],[-80.6698314000817,-0.9505167517629759],[-80.66995095861658,-0.9505853631868177],[-80.67046272149865,-0.9509872880636294],[-80.67133987957004,-0.9516904760638312],[-80.67175727527122,-0.9520236751615556],[-80.67599484505645,-0.9553734213688188],[-80.6761381171349,-0.9554837929191962]]]}},{"type":"Feature","properties":{"name":"Aquiles Paz","clave_catastral":"01","clave_parroquia":"01","descripcion":"Aquiles Paz","layer":"barrios"},"geometry":{"type":"Polygon","coordinates":[[[-80.69745412362035,-0.9580374508192052],[-80.6967779218915,-0.9584017226022326],[-80.69624884116709,-0.9587048503695428],[-80.69674102072108,-0.959645820579965],[-80.69686320750995,-0.9598741378795382],[-80.69700024426288,-0.9601321592331544],[-80.69713900225842,-0.9603939878253698],[-80.69727729050875,-0.96065586875973],[-80.69767147820741,-0.9614063735623262],[-80.69843647145723,-0.9607934095714796],[-80.69832968781677,-0.9606040040802383],[-80.6981380696188,-0.96021764790666],[-80.69800938027902,-0.9599443229422633],[-80.69857930367913,-0.9596490041874546],[-80.69844673173965,-0.9593771588297955],[-80.6983740807214,-0.959217557983024],[-80.69884102122725,-0.9589587583970172],[-80.69886386095375,-0.9588748727650511],[-80.69886123284729,-0.9588635615721728],[-80.69881896792182,-0.9586840786086412],[-80.69881715577715,-0.9586759622387433],[-80.69880321385325,-0.9586135156795023],[-80.6987958550681,-0.958587396774675],[-80.69878541856964,-0.9585540353438091],[-80.6987686895199,-0.9584708687265362],[-80.69875437154863,-0.9583507591396625],[-80.69875083184074,-0.9583128593580739],[-80.69873484471998,-0.9581321752522028],[-80.69872342207971,-0.9579978935420145],[-80.69871604347175,-0.9578797260908374],[-80.69871172714964,-0.9578219469106414],[-80.69870842597962,-0.9577799234536712],[-80.69869496093911,-0.9576085237697499],[-80.69870527313826,-0.9573360052640681],[-80.69854756700933,-0.9574275834076502],[-80.69793714855557,-0.9577820464173499],[-80.69776353690942,-0.9578792664417364],[-80.69745412362035,-0.9580374508192052]]]}},{"type":"Feature","properties":{"name":"Los Tamarindos","clave_catastral":"01","clave_parroquia":"01","descripcion":"Los Tamarindos","layer":"barrios"},"geometry":{"type":"Polygon","coordinates":[[[-80.69767147820741,-0.9614063735623262],[-80.69727967387274,-0.9617051147825322],[-80.69690709671323,-0.9619997122451736],[-80.69717877253632,-0.9624981654267515],[-80.69747978192588,-0.9630708007141919],[-80.6974973505807,-0.9630499503865623],[-80.69778887204073,-0.9626985783318388],[-80.69819125817757,-0.962396940212983],[-80.69823806921755,-0.9623622132321543],[-80.69895812313732,-0.9618841193563554],[-80.69908389541611,-0.9617875574888899],[-80.69873079563581,-0.9612556416571891],[-80.69857428232785,-0.9610098396671418],[-80.69843647145723,-0.9607934095714796],[-80.69767147820741,-0.9614063735623262]]]}},{"type":"Feature","properties":{"name":"La Sirena","clave_catastral":"01","clave_parroquia":"01","descripcion":"La Sirena","layer":"barrios"},"geometry":{"type":"Polygon","coordinates":[[[-80.69760759679623,-0.9528315246445517],[-80.69724433300217,-0.9531363550525782],[-80.69695929312375,-0.9532775561783495],[-80.69679690607677,-0.9533579981944342],[-80.69655253750899,-0.9534347615908983],[-80.69620699638165,-0.9535302716505782],[-80.69611099148118,-0.9535224210434308],[-80.69654438689254,-0.9545271847304234],[-80.69669885282381,-0.9548591152574346],[-80.69684333936613,-0.9551726773540139],[-80.69687043385653,-0.9552378410322432],[-80.69688702868862,-0.9553034470892358],[-80.69696141253301,-0.9555975199031791],[-80.69699519609219,-0.9557310807141022],[-80.69672710315902,-0.9557032956855238],[-80.69660464366972,-0.9557016906907023],[-80.69661553383472,-0.9557577885794615],[-80.69666443671866,-0.9559536326591597],[-80.6966736909377,-0.9559906911923122],[-80.69671763592984,-0.9561678765071946],[-80.69673030972649,-0.9562189787128405],[-80.69677354223508,-0.9563932951105443],[-80.69679902722399,-0.9564968692747726],[-80.69691659695671,-0.9567589995043589],[-80.69692869866202,-0.9567862825168022],[-80.6969999134541,-0.956944758698654],[-80.69708199167216,-0.9571277565898839],[-80.69709295532823,-0.9571615845750331],[-80.6970458289541,-0.9571929391362063],[-80.69745412362035,-0.9580374508192052],[-80.69776353690942,-0.9578792664417364],[-80.69793714855557,-0.9577820464173499],[-80.69854756700933,-0.9574275834076502],[-80.69870527313826,-0.9573360052640681],[-80.69921837387719,-0.9570380534447622],[-80.69955508379472,-0.9568248078194018],[-80.69954742834159,-0.956799398186746],[-80.69954484572952,-0.9567729730048171],[-80.6995474338377,-0.9567465491833788],[-80.69955509281245,-0.9567211409005126],[-80.6995675295643,-0.9566977243193264],[-80.6995842658603,-0.9566772004950082],[-80.69960465810047,-0.9566603582833579],[-80.69962792248666,-0.9566478435828146],[-80.699560917015,-0.9565432493324124],[-80.69951389135072,-0.9563984311757565],[-80.69942777623265,-0.9564294454982445],[-80.69882510873933,-0.9562687175016436],[-80.69818311049764,-0.9560797757471846],[-80.69842692620927,-0.9550942030003284],[-80.69842701633085,-0.9549769375852719],[-80.69830085503824,-0.9546691774626055],[-80.6981568965418,-0.9543069084336651],[-80.69801806464824,-0.95394326173178],[-80.69760759679623,-0.9528315246445517]]]}},{"type":"Feature","properties":{"name":"La Florita","clave_catastral":"01","clave_parroquia":"01","descripcion":"La Florita","layer":"barrios"},"geometry":{"type":"Polygon","coordinates":[[[-80.69688117407483,-0.9490664548602582],[-80.69681015106646,-0.9490913175992403],[-80.69677032539194,-0.9491052592121036],[-80.69665866194767,-0.9491498363033627],[-80.69641063456892,-0.949248851133504],[-80.69632038284469,-0.9493029622169615],[-80.695996598564,-0.9494970894195802],[-80.69599148331291,-0.9495001559542828],[-80.69591181490917,-0.9495737167927985],[-80.69570268679435,-0.9497668135275035],[-80.69567458402247,-0.9497927619117235],[-80.69558836826934,-0.9499244094502899],[-80.69543377128964,-0.9502086511771921],[-80.69533169551242,-0.950299784112616],[-80.69524945836133,-0.9503732044659046],[-80.69511271491967,-0.9504509888470238],[-80.69500569975854,-0.9504868847997018],[-80.69486895908715,-0.950522779009674],[-80.69474113484344,-0.9505736343895278],[-80.6945300713805,-0.9507172392585233],[-80.69449039554466,-0.9507567709066365],[-80.6942327902263,-0.9510134375695856],[-80.69405624267776,-0.9511885440596474],[-80.69402766691132,-0.9512168862584502],[-80.69387010446653,-0.9514113625838405],[-80.69372146819164,-0.9515100909003138],[-80.69365903643562,-0.9516058350186115],[-80.6936397552874,-0.9516614570350584],[-80.69361443636163,-0.9517344942914292],[-80.69360848414046,-0.951821265960831],[-80.69354450491022,-0.9519346039446077],[-80.6935045503651,-0.951974814989498],[-80.69340466627114,-0.952039436236717],[-80.69329622582548,-0.9520624072162606],[-80.69318921403655,-0.9520595251608768],[-80.6930844138753,-0.9520456627857642],[-80.69304796083554,-0.952040840982221],[-80.69290955834848,-0.9520451368347551],[-80.69270837128072,-0.9520996966772088],[-80.6924991029184,-0.9521070983764589],[-80.69246378128919,-0.9521058403319388],[-80.6923373967307,-0.9521013389114756],[-80.69222705440822,-0.9521147332674218],[-80.69207104973246,-0.9521740839779511],[-80.69206065211885,-0.9521793702018044],[-80.69188650557022,-0.9522679017804165],[-80.6917552332625,-0.9523215097527925],[-80.69164108548091,-0.9523349046489926],[-80.69146415914996,-0.9523406336582241],[-80.69134240515216,-0.9523214725706453],[-80.69126440538764,-0.952327210484171],[-80.69152524270041,-0.9525694688942536],[-80.69161617813712,-0.9526507775505877],[-80.69182065265183,-0.9528383747466194],[-80.69254349175056,-0.9534799234698141],[-80.69296667378431,-0.9538583072888542],[-80.69391637936245,-0.95421138994935],[-80.69442858501098,-0.9544018178621626],[-80.69463422348139,-0.9544782706435483],[-80.69463827747788,-0.9544691112824211],[-80.69469143698002,-0.9543681135468205],[-80.69470073454839,-0.9543315385219984],[-80.69470594218471,-0.9543103369694705],[-80.69478301823496,-0.954261855603434],[-80.69483199218966,-0.9542310507801091],[-80.69487256740068,-0.9541649911399332],[-80.69488574459058,-0.9541435387870791],[-80.69489751587871,-0.9541243643833752],[-80.69493159823006,-0.9540688368652043],[-80.69497637146338,-0.9539948559042414],[-80.69498273813676,-0.9539883334702921],[-80.69508510252106,-0.9539283852655558],[-80.69516539068985,-0.9538813661937978],[-80.69521729464185,-0.9538509696501478],[-80.69525219448983,-0.9538305316081477],[-80.69526633980229,-0.9537973343160927],[-80.69529390945135,-0.9537326305813707],[-80.69531799243856,-0.9536914527698741],[-80.69536370491645,-0.9536376045279695],[-80.69541484503091,-0.9535852160752114],[-80.69541486390742,-0.9535851934589914],[-80.6954177565004,-0.953581770271299],[-80.69548574412097,-0.9535012955043101],[-80.69549541516102,-0.9534898489937546],[-80.69550992127151,-0.953472679680175],[-80.69560506322688,-0.9534350905376954],[-80.69535791766738,-0.9534005842900656],[-80.69540386869342,-0.9532825803611615],[-80.69540228869595,-0.9532162869085994],[-80.69538584956159,-0.9531630123963025],[-80.69537444093976,-0.9530949933054984],[-80.69535407803103,-0.9529735880591943],[-80.69536816212566,-0.9528999659073917],[-80.69544333790842,-0.9527932455143145],[-80.69555188320187,-0.9527248660773608],[-80.69589979455311,-0.9525929911096398],[-80.69591045203592,-0.9525851904945171],[-80.6960632950026,-0.952473318932377],[-80.69625057797545,-0.9523356956674149],[-80.69630405594074,-0.9523107757354693],[-80.6964217754461,-0.952094490017288],[-80.69646421938542,-0.9520362391097024],[-80.69657634192288,-0.9518823595485343],[-80.69659014831772,-0.9518369374562213],[-80.69662638809105,-0.9517177110779045],[-80.69664188609082,-0.95158114917281],[-80.69664599850223,-0.9515449111332259],[-80.6966487646018,-0.9514358550892581],[-80.69666970155224,-0.9513152130489999],[-80.69675222530351,-0.951191704886611],[-80.69674554921983,-0.9511597587701175],[-80.69673933431073,-0.9510237142487767],[-80.69673821655998,-0.9509992461025831],[-80.69669067399929,-0.9507981687422101],[-80.69668308019591,-0.9506124144726441],[-80.69670644442681,-0.9503718253815379],[-80.69673832474307,-0.950294916472231],[-80.69677485618324,-0.9502086839686967],[-80.69684087255385,-0.9500881200912232],[-80.69686861823831,-0.9500239854054371],[-80.69692321143489,-0.9499402234632298],[-80.69694528498067,-0.9498749926639646],[-80.69694922133861,-0.9498373875803452],[-80.69697795224691,-0.9497920448382473],[-80.69699871334066,-0.9497603445118726],[-80.69701812329915,-0.9497213231030058],[-80.69706128995784,-0.9495478267810284],[-80.69706329422431,-0.9495274455123592],[-80.69706514196353,-0.9495086565303126],[-80.69707188162353,-0.949440123066779],[-80.69706986821389,-0.9494106580935693],[-80.69706836658305,-0.9494079193853936],[-80.69701063577243,-0.9493158313797495],[-80.69700521304651,-0.9492270085843302],[-80.69697263370978,-0.949208558548932],[-80.69688117407483,-0.9490664548602582]]]}},{"type":"Feature","properties":{"name":"La Nueva Sirena","clave_catastral":"01","clave_parroquia":"01","descripcion":"La Nueva Sirena","layer":"barrios"},"geometry":{"type":"Polygon","coordinates":[[[-80.69463422348139,-0.9544782706435483],[-80.69474355955006,-0.9545189198730384],[-80.6949455307783,-0.9545940085261293],[-80.69615383078066,-0.9550432308147663],[-80.6968328828934,-0.9552956888644957],[-80.69685290287006,-0.9553012302188932],[-80.69688702868862,-0.9553034470892358],[-80.69687043385653,-0.9552378410322432],[-80.69684333936613,-0.9551726773540139],[-80.69669885282381,-0.9548591152574346],[-80.69654438689254,-0.9545271847304234],[-80.69611099148118,-0.9535224210434308],[-80.69620699638165,-0.9535302716505782],[-80.69655253750899,-0.9534347615908983],[-80.69679690607677,-0.9533579981944342],[-80.69695929312375,-0.9532775561783495],[-80.69724433300217,-0.9531363550525782],[-80.69760759679623,-0.9528315246445517],[-80.6977210134689,-0.9527252086172524],[-80.69684648834848,-0.9516380992607338],[-80.69673785498294,-0.9515801613387112],[-80.69664188609082,-0.95158114917281],[-80.69662638809105,-0.9517177110779045],[-80.69659014831772,-0.9518369374562213],[-80.69657634192288,-0.9518823595485343],[-80.69646421938542,-0.9520362391097024],[-80.6964217754461,-0.952094490017288],[-80.69630405594074,-0.9523107757354693],[-80.69625057797545,-0.9523356956674149],[-80.6960632950026,-0.952473318932377],[-80.69591045203592,-0.9525851904945171],[-80.69589979455311,-0.9525929911096398],[-80.69555188320187,-0.9527248660773608],[-80.69544333790842,-0.9527932455143145],[-80.69536816212566,-0.9528999659073917],[-80.69535407803103,-0.9529735880591943],[-80.69537444093976,-0.9530949933054984],[-80.69538584956159,-0.9531630123963025],[-80.69540228869595,-0.9532162869085994],[-80.69540386869342,-0.9532825803611615],[-80.69535791766738,-0.9534005842900656],[-80.69560506322688,-0.9534350905376954],[-80.69550992127151,-0.953472679680175],[-80.69549541516102,-0.9534898489937546],[-80.69548574412097,-0.9535012955043101],[-80.6954177565004,-0.953581770271299],[-80.69541486390742,-0.9535851934589914],[-80.69541484503091,-0.9535852160752114],[-80.69536370491645,-0.9536376045279695],[-80.69531799243856,-0.9536914527698741],[-80.69529390945135,-0.9537326305813707],[-80.69526633980229,-0.9537973343160927],[-80.69525219448983,-0.9538305316081477],[-80.69521729464185,-0.9538509696501478],[-80.69516539068985,-0.9538813661937978],[-80.69508510252106,-0.9539283852655558],[-80.69498273813676,-0.9539883334702921],[-80.69497637146338,-0.9539948559042414],[-80.69493159823006,-0.9540688368652043],[-80.69489751587871,-0.9541243643833752],[-80.69488574459058,-0.9541435387870791],[-80.69487256740068,-0.9541649911399332],[-80.69483199218966,-0.9542310507801091],[-80.69478301823496,-0.954261855603434],[-80.69470594218471,-0.9543103369694705],[-80.69470073454839,-0.9543315385219984],[-80.69469143698002,-0.9543681135468205],[-80.69463827747788,-0.9544691112824211],[-80.69463422348139,-0.9544782706435483]]]}},{"type":"Feature","properties":{"name":"Miramar","clave_catastral":"01","clave_parroquia":"01","descripcion":"Miramar","layer":"barrios"},"geometry":{"type":"Polygon","coordinates":[[[-80.69706836658305,-0.9494079193853936],[-80.69706986821389,-0.9494106580935693],[-80.69707188162353,-0.949440123066779],[-80.69706514196353,-0.9495086565303126],[-80.69706329422431,-0.9495274455123592],[-80.69706128995784,-0.9495478267810284],[-80.69701812329915,-0.9497213231030058],[-80.69699871334066,-0.9497603445118726],[-80.69697795224691,-0.9497920448382473],[-80.69694922133861,-0.9498373875803452],[-80.69694528498067,-0.9498749926639646],[-80.69692321143489,-0.9499402234632298],[-80.69686861823831,-0.9500239854054371],[-80.69684087255385,-0.9500881200912232],[-80.69701933349793,-0.9500672170005089],[-80.69705589911146,-0.950052883190807],[-80.69705899642976,-0.9500516693350676],[-80.69838854400676,-0.9495304852783306],[-80.69882037588278,-0.9496145486972125],[-80.69938445964337,-0.949723517942374],[-80.69973631803357,-0.9484061603150735],[-80.69958074220125,-0.9483993984628256],[-80.6993874080216,-0.9484018948696757],[-80.69917659310437,-0.9484180346681512],[-80.69907671455076,-0.9484309516114847],[-80.69889265136852,-0.9484643285781829],[-80.69861049067772,-0.9485353973692129],[-80.69846423724913,-0.9485827808223632],[-80.69827446354664,-0.9486534985094153],[-80.69801417680031,-0.9487736644934444],[-80.69780644127762,-0.948891530760477],[-80.69751000512326,-0.9490871757975442],[-80.69721860620761,-0.949297990617879],[-80.69713698507297,-0.9493577118796139],[-80.69713121540693,-0.9493619327765543],[-80.69711129976685,-0.9493765059979467],[-80.69706836658305,-0.9494079193853936]]]}},{"type":"Feature","properties":{"name":"Altamira","clave_catastral":"01","clave_parroquia":"01","descripcion":"Altamira","layer":"barrios"},"geometry":{"type":"Polygon","coordinates":[[[-80.69749719193194,-0.9663426121702514],[-80.6970947644553,-0.9668300569952635],[-80.69696157907532,-0.9669832071276118],[-80.69668021346723,-0.9673132312888839],[-80.69628505465289,-0.9677962235833348],[-80.69627330522383,-0.9678114308001398],[-80.69611421824852,-0.9680173415748784],[-80.6953215616784,-0.9680050463707914],[-80.69526525529804,-0.9680041736559701],[-80.69526428011294,-0.9680041581876252],[-80.69523961208125,-0.9686567655313212],[-80.69548591099844,-0.9685558468518138],[-80.69570497843523,-0.9692602667202124],[-80.69579315170309,-0.969774110727073],[-80.69585680572173,-0.9701450654970786],[-80.69589479796475,-0.9703520878454555],[-80.69571308182292,-0.9703986905061299],[-80.6954763838179,-0.9704386742297686],[-80.69545007896468,-0.9704431176308077],[-80.695189022634,-0.9704867201084397],[-80.69505656627132,-0.9705036444791091],[-80.69524556208634,-0.9710900382387422],[-80.69527509649589,-0.9710516239210278],[-80.6952829932721,-0.97107641311446],[-80.69532124852289,-0.9712186559179797],[-80.69533046072725,-0.9712663886187727],[-80.69534445524785,-0.9714892749629769],[-80.69535344137397,-0.971618099146042],[-80.69534898853897,-0.9716206409935779],[-80.69533063972473,-0.9716195024895313],[-80.69527091728132,-0.9717469431007117],[-80.69521227797047,-0.971872071743121],[-80.69500139665035,-0.9723220853923635],[-80.69620185922464,-0.9726610705157412],[-80.69636011246796,-0.9727069735083944],[-80.6964292223103,-0.9727871376015287],[-80.69655854494549,-0.9729366083893467],[-80.69667624459191,-0.9730032356243328],[-80.69686672455363,-0.9731131463654777],[-80.69713608744513,-0.9732685967697705],[-80.69730809803052,-0.9733680447668008],[-80.69733002790076,-0.9733751035329732],[-80.69762108513939,-0.9734710294086142],[-80.69765241474734,-0.9734815272495041],[-80.69766634720868,-0.9734680482373221],[-80.69789594374338,-0.9735698095786915],[-80.69859482899292,-0.9738747673497983],[-80.69871762375907,-0.9739290128635645],[-80.69887573969642,-0.9739948530548901],[-80.69904305190975,-0.9740661075411197],[-80.69928663111101,-0.9741698423939624],[-80.69932896913197,-0.9741878731938839],[-80.69945522293028,-0.9742277655015386],[-80.69949339220588,-0.974133040615854],[-80.69975110636766,-0.9734510660126858],[-80.69890044306676,-0.9731032828166235],[-80.69846385082876,-0.9729211983925978],[-80.6983692699505,-0.9728830678597689],[-80.69807060224248,-0.9726952870482108],[-80.6980945546001,-0.972629196073953],[-80.69809633998281,-0.9726248735011183],[-80.69814186723778,-0.9725146668916267],[-80.69826634416157,-0.9722133451966073],[-80.69844355125296,-0.9722672623093729],[-80.69844537075893,-0.9721721008098144],[-80.69844597665774,-0.9721404231331121],[-80.6984477293451,-0.9720487212619844],[-80.69844825849096,-0.9720210496614641],[-80.69844927524666,-0.9719678642046716],[-80.69845000033858,-0.9719299467113557],[-80.69845095298616,-0.971880070700422],[-80.6984542279084,-0.9718020455598547],[-80.69825684696391,-0.9717235934540724],[-80.69875424535542,-0.9706015702282258],[-80.69906845981441,-0.9698584789645394],[-80.69931044454836,-0.9692896114247986],[-80.69935118881298,-0.9691433523056219],[-80.69935608786696,-0.9691258048671186],[-80.69939626935748,-0.9689299862446745],[-80.69940459562274,-0.9688906128325669],[-80.69940639838144,-0.9679237373122476],[-80.69940833765813,-0.9675392810287207],[-80.69940527048556,-0.9671364133221232],[-80.6994052047296,-0.9671278375109155],[-80.69940519229011,-0.9671262054016694],[-80.6989977376733,-0.9670558382283474],[-80.69888941995315,-0.9670061026420171],[-80.6986217218056,-0.9669756938384494],[-80.69836176845146,-0.966834234512291],[-80.69807352906084,-0.9666652511764653],[-80.69758074372692,-0.9663893853381467],[-80.69749719193194,-0.9663426121702514]]]}},{"type":"Feature","properties":{"name":"Urb Coyoacan","clave_catastral":"01","clave_parroquia":"01","descripcion":"Urb Coyoacan","layer":"barrios"},"geometry":{"type":"Polygon","coordinates":[[[-80.69092810998413,-0.9740346104064344],[-80.69312507153359,-0.9737999521820626],[-80.69311734165613,-0.9737614618747443],[-80.69307998553887,-0.9735690706611848],[-80.69292561882907,-0.9728009448796228],[-80.69285510593336,-0.9724503139366618],[-80.69283002336736,-0.9723312510571418],[-80.69278827256396,-0.9723334176463823],[-80.69264766388528,-0.972275176360796],[-80.69249685971796,-0.9722127163519899],[-80.6924000393794,-0.9721625753727636],[-80.69225112275593,-0.9721092477284969],[-80.69222460647785,-0.9721011924223433],[-80.6921651965307,-0.9720804029399802],[-80.69211604343135,-0.9720612338389287],[-80.6921027644301,-0.9720543477345699],[-80.69201100916803,-0.9720198461260737],[-80.69186471916271,-0.971962808470991],[-80.69170643074031,-0.9719010923292757],[-80.69163481382775,-0.9718759753683059],[-80.69161428456565,-0.9718561294504724],[-80.69136200913451,-0.9716122591810006],[-80.69124146779104,-0.9715047063686627],[-80.69117703117097,-0.9714614903229943],[-80.69100225576179,-0.9714352564902953],[-80.69099796316334,-0.9714358496824075],[-80.69099449317164,-0.9714340932181784],[-80.69094229395995,-0.9714262582949972],[-80.69090007247539,-0.9714223349313329],[-80.69066512657386,-0.9714087281377742],[-80.69069256465757,-0.9716820476891145],[-80.69070301328037,-0.9717861196478025],[-80.69071418920724,-0.9718974303915077],[-80.69072805035469,-0.9720275778421411],[-80.69074285237022,-0.9721631241854566],[-80.69075538203889,-0.9722760529843413],[-80.69076441660361,-0.9723600834655173],[-80.69077039313433,-0.9724168297337883],[-80.69077037382856,-0.9724541608422612],[-80.69078898290343,-0.9725844506454706],[-80.69080150223374,-0.9726595797143461],[-80.69079663663268,-0.9727339279623237],[-80.69081322520736,-0.9728636198367154],[-80.69082038968068,-0.9729445859705805],[-80.69083342960778,-0.9730807009130588],[-80.6908422086948,-0.9731689788515893],[-80.69084871611226,-0.9732332366713194],[-80.69085495779873,-0.9733014682258839],[-80.69087817260136,-0.9735400751079907],[-80.69088885337605,-0.9736369177594071],[-80.69092810998413,-0.9740346104064344]]]}},{"type":"Feature","properties":{"name":"Lourido","clave_catastral":"01","clave_parroquia":"01","descripcion":"Lourido","layer":"barrios"},"geometry":{"type":"Polygon","coordinates":[[[-80.69100341073897,-0.9710696820990847],[-80.69099613198266,-0.971103306409603],[-80.69101415312012,-0.9712278637824596],[-80.69101057682559,-0.9712377215062135],[-80.6909839927753,-0.9712568092573832],[-80.69096012752404,-0.9712936574011337],[-80.69095949915213,-0.9713659106108565],[-80.69096097557619,-0.971369998709079],[-80.69099392833324,-0.9714041137341239],[-80.6909963375502,-0.9714073217349295],[-80.69099726957377,-0.9714149109565967],[-80.69099796316334,-0.9714358496824075],[-80.69100225576179,-0.9714352564902953],[-80.69117703117097,-0.9714614903229943],[-80.69124146779104,-0.9715047063686627],[-80.69136200913451,-0.9716122591810006],[-80.69161428456565,-0.9718561294504724],[-80.69163481382775,-0.9718759753683059],[-80.69170643074031,-0.9719010923292757],[-80.69186471916271,-0.971962808470991],[-80.69201100916803,-0.9720198461260737],[-80.6921027644301,-0.9720543477345699],[-80.69211604343135,-0.9720612338389287],[-80.6921651965307,-0.9720804029399802],[-80.69222460647785,-0.9721011924223433],[-80.69225112275593,-0.9721092477284969],[-80.6924000393794,-0.9721625753727636],[-80.69249685971796,-0.9722127163519899],[-80.69264766388528,-0.972275176360796],[-80.69278827256396,-0.9723334176463823],[-80.69283002336736,-0.9723312510571418],[-80.69273847232041,-0.9718966706446822],[-80.69270111715154,-0.9716541057169792],[-80.69274755930482,-0.9716157500241708],[-80.6929190527698,-0.9715082891129042],[-80.69306403497981,-0.971396778067799],[-80.69316249582857,-0.9713248938340371],[-80.69323172190293,-0.9712710198152195],[-80.69328391064191,-0.9712456038804191],[-80.69328971334443,-0.9712941921679886],[-80.69334235691475,-0.9715456237770184],[-80.69351853296526,-0.9723870603301492],[-80.6935350592122,-0.9724659915316352],[-80.6936029285454,-0.972806273082341],[-80.69368991628687,-0.9732663483015074],[-80.6937131557623,-0.9733892611704107],[-80.69381541911065,-0.9734308476339919],[-80.69381610396401,-0.9734311263490412],[-80.69381755725526,-0.9734317172612493],[-80.69383363257734,-0.9733968229390086],[-80.6939070426662,-0.9732321994244728],[-80.69394422317941,-0.9731497551682367],[-80.69398322825234,-0.9730671210872543],[-80.6940127523656,-0.973000170292309],[-80.69402000618878,-0.9729837214123478],[-80.69403206677887,-0.9729569076425406],[-80.69405607378899,-0.9729035343172967],[-80.69409906952465,-0.9728204590959564],[-80.69413699416229,-0.9727387088193638],[-80.69417292263235,-0.9726564200537808],[-80.69420307865326,-0.9725887220170365],[-80.69420993601268,-0.972573327093798],[-80.69424465837997,-0.9724901651655387],[-80.69428172112765,-0.9724077561731975],[-80.69431274719054,-0.9723398528427792],[-80.69433071754865,-0.972300523770528],[-80.69436440238461,-0.9722309134825196],[-80.69454303561426,-0.9718359941566348],[-80.69455218410525,-0.971829281093207],[-80.69461507945596,-0.9719015473748556],[-80.69492469342697,-0.9722569271144864],[-80.69497349260132,-0.9723142923467663],[-80.69500139665035,-0.9723220853923635],[-80.69521227797047,-0.971872071743121],[-80.69527091728132,-0.9717469431007117],[-80.69533063972473,-0.9716195024895313],[-80.69534898853897,-0.9716206409935779],[-80.69535344137397,-0.971618099146042],[-80.69534445524785,-0.9714892749629769],[-80.69533046072725,-0.9712663886187727],[-80.69532124852289,-0.9712186559179797],[-80.6952829932721,-0.97107641311446],[-80.69527509649589,-0.9710516239210278],[-80.69524556208634,-0.9710900382387422],[-80.69505656627132,-0.9705036444791091],[-80.69460467760672,-0.9705613836340204],[-80.69429217420708,-0.9706535359966467],[-80.69423268995992,-0.9706670625021161],[-80.69417842550111,-0.9706794020452209],[-80.6940731926123,-0.9706555426595712],[-80.69398351677783,-0.9706109851159255],[-80.69396443137974,-0.9706015020874332],[-80.69392555364323,-0.9705827378628413],[-80.69342694957429,-0.9703420880322825],[-80.69343155734961,-0.9703200714569817],[-80.69291838696682,-0.9700882894272809],[-80.69290796170361,-0.9700835807379632],[-80.69252418066029,-0.9699102392340109],[-80.69251954579097,-0.9699081462028829],[-80.69244462768945,-0.9698626764852492],[-80.6923989590955,-0.9698349599631229],[-80.69237890174435,-0.969854450227004],[-80.69198450158271,-0.9702376950846059],[-80.69178347128813,-0.9704498283537362],[-80.69162642101655,-0.9706155529044764],[-80.69123189153326,-0.9710155674118255],[-80.69118667361616,-0.9710262697766439],[-80.69115280545029,-0.9709995981889676],[-80.69100341073897,-0.9710696820990847]]]}},{"type":"Feature","properties":{"name":"Emelmanabi","clave_catastral":"01","clave_parroquia":"01","descripcion":"Emelmanabi","layer":"barrios"},"geometry":{"type":"Polygon","coordinates":[[[-80.68369919490834,-0.9681093255144901],[-80.68369986930198,-0.9701314784334869],[-80.68369474120941,-0.9717742890022834],[-80.68371143988571,-0.9727531820058317],[-80.68371160275863,-0.9727627298015733],[-80.68392998962995,-0.9725261413591682],[-80.68441841924776,-0.9719970035759076],[-80.68452657718977,-0.9718798311385655],[-80.68516031462265,-0.9712103785193874],[-80.68562225890372,-0.9707263996697577],[-80.68583422573762,-0.9705012449397117],[-80.68605023952666,-0.9702775644827426],[-80.68612708153168,-0.9701979952217101],[-80.68631240631662,-0.9699931649130065],[-80.68641321357518,-0.9698787705397934],[-80.68671968583864,-0.9695289821336388],[-80.68701732597539,-0.9691972114022603],[-80.68762366858377,-0.9685387151365035],[-80.68821347986369,-0.9678966526486619],[-80.68878166609007,-0.9673061828302849],[-80.6887397274352,-0.9672636782976554],[-80.68858839751616,-0.967115541615712],[-80.68856948534348,-0.9671239048672079],[-80.68845520732052,-0.9671211892129178],[-80.68825083152265,-0.9671339747615092],[-80.68809856231873,-0.9671450010357034],[-80.68803619354736,-0.9671545489464962],[-80.68797298068783,-0.9671632323761231],[-80.68785105851939,-0.9671799802855077],[-80.68782250479116,-0.9671839025618425],[-80.68772490107102,-0.9672026147382979],[-80.6877060620011,-0.9672062264855014],[-80.68760028892055,-0.9672232655740487],[-80.68747348190443,-0.9672444527317481],[-80.68744185731666,-0.9672499875094189],[-80.68741737822552,-0.9672542722519067],[-80.68734032494523,-0.967267758464601],[-80.68723197155843,-0.9672867230076606],[-80.6872112823563,-0.9672903890866849],[-80.68718928829871,-0.9672942860860873],[-80.68711632165808,-0.9673072157909672],[-80.68707269068884,-0.9673149472075265],[-80.68699593687978,-0.967328547801074],[-80.68693058842294,-0.9673416915962321],[-80.6869118249097,-0.9673454102155432],[-80.68681662617094,-0.967364590382786],[-80.68677594471653,-0.9673727956945585],[-80.68674998786258,-0.9673780164981166],[-80.68662825885852,-0.9673953051489974],[-80.68662541144585,-0.9673958585700007],[-80.6865031812245,-0.9674196005025522],[-80.68646613160762,-0.9674267596868874],[-80.68640422591422,-0.9674348040843057],[-80.68636046899219,-0.9674408338256768],[-80.68626717959688,-0.9674538392056321],[-80.68615528621314,-0.967469192662719],[-80.68611041993049,-0.9674752907888831],[-80.68603125399143,-0.9674712863288022],[-80.68599737084458,-0.9674695724130516],[-80.68591095594212,-0.9674694512733594],[-80.68589418835106,-0.9674696061787955],[-80.68579926700366,-0.967470483097074],[-80.68575757227008,-0.9674693474828189],[-80.68566841002865,-0.9674669189866164],[-80.68562904525969,-0.967465846901689],[-80.68549871889239,-0.9674622975079075],[-80.68541750938044,-0.9674600857922543],[-80.68536929100806,-0.9674502460325982],[-80.68528910729032,-0.9674338832118252],[-80.68523941263716,-0.9674361393800411],[-80.68517432254718,-0.9674390945096007],[-80.68510908500059,-0.9674420562047458],[-80.68505522719795,-0.9674445017238328],[-80.68499117676974,-0.9674453000311162],[-80.68497606987796,-0.9674454563682247],[-80.68484622723712,-0.9674468000718548],[-80.68484626244775,-0.9674353472878322],[-80.68483855233862,-0.967435579738364],[-80.68471047612222,-0.9674394410803444],[-80.68458713386157,-0.9674431596947102],[-80.6845719236892,-0.9674453916881873],[-80.68455928621071,-0.9674474177650723],[-80.6844411386906,-0.9674411450304206],[-80.68442119188818,-0.967463837013284],[-80.6843242605286,-0.9675525486031091],[-80.68396590065801,-0.9678589426239198],[-80.68386593674387,-0.967942728194501],[-80.68369919490834,-0.9681093255144901]]]}},{"type":"Feature","properties":{"name":"Los Pinos","clave_catastral":"01","clave_parroquia":"01","descripcion":"Los Pinos","layer":"barrios"},"geometry":{"type":"Polygon","coordinates":[[[-80.69039094624108,-0.9696887374234392],[-80.69023277349697,-0.9698490221546479],[-80.68989194874607,-0.9702180978822524],[-80.68963429309822,-0.970495483615892],[-80.68932482371999,-0.9708038111988914],[-80.6890215370881,-0.9711379053746754],[-80.68873101015615,-0.971456252306524],[-80.68843722933549,-0.9717745278766614],[-80.68842358669237,-0.9717893080085105],[-80.68812021926846,-0.9721106617698041],[-80.68782805675129,-0.9724201461947217],[-80.68772632678423,-0.9725235923049099],[-80.68831977023166,-0.9730689740957102],[-80.68879089878868,-0.972617676448607],[-80.68933787319936,-0.9721005603509241],[-80.69017713032787,-0.9713109847289446],[-80.69033466647306,-0.9712216987168603],[-80.69038267726987,-0.9712001442447189],[-80.69072474221991,-0.971093477372392],[-80.69077174227074,-0.9710676348997255],[-80.69080205783477,-0.9710360869155606],[-80.6908259229885,-0.9709992564468166],[-80.69084048631629,-0.9709618374804023],[-80.69084638418597,-0.9709248845663865],[-80.69083759301684,-0.9708806127269725],[-80.69064563399009,-0.9703860956601318],[-80.69060341255175,-0.9702860356685221],[-80.69056119111671,-0.9701859756088993],[-80.69039094624108,-0.9696887374234392]]]}},{"type":"Feature","properties":{"name":"Altagracia","clave_catastral":"01","clave_parroquia":"01","descripcion":"Altagracia","layer":"barrios"},"geometry":{"type":"Polygon","coordinates":[[[-80.68932397781366,-0.965646180017913],[-80.68934622320931,-0.9656865827682992],[-80.6894106589125,-0.9658276926342211],[-80.68943275213017,-0.9658760743230631],[-80.68944056554146,-0.9658931850196097],[-80.68953189933629,-0.9660931988573509],[-80.68955604936176,-0.9661413003819916],[-80.68947797948108,-0.9661914810484263],[-80.68909835400953,-0.9663642867785002],[-80.68930716804697,-0.9668051437039225],[-80.68939421885268,-0.966988928633498],[-80.68952535064332,-0.967321611803513],[-80.68955018055344,-0.967391136946162],[-80.6897391446912,-0.9679089773762541],[-80.68993509458099,-0.9684538339438404],[-80.69014761151648,-0.9690270613164955],[-80.69039094624108,-0.9696887374234392],[-80.69056119111671,-0.9701859756088993],[-80.69060341255175,-0.9702860356685221],[-80.69064563399009,-0.9703860956601318],[-80.69083759301684,-0.9708806127269725],[-80.69084638418597,-0.9709248845663865],[-80.69084048631629,-0.9709618374804023],[-80.6908259229885,-0.9709992564468166],[-80.69080205783477,-0.9710360869155606],[-80.69089878789094,-0.9710713309361125],[-80.69100341073897,-0.9710696820990847],[-80.69115280545029,-0.9709995981889676],[-80.69118667361616,-0.9710262697766439],[-80.69123189153326,-0.9710155674118255],[-80.69162642101655,-0.9706155529044764],[-80.69178347128813,-0.9704498283537362],[-80.69198450158271,-0.9702376950846059],[-80.69237890174435,-0.969854450227004],[-80.6923989590955,-0.9698349599631229],[-80.69244462768945,-0.9698626764852492],[-80.69251954579097,-0.9699081462028829],[-80.69252418066029,-0.9699102392340109],[-80.69290796170361,-0.9700835807379632],[-80.69291838696682,-0.9700882894272809],[-80.69343155734961,-0.9703200714569817],[-80.69342694957429,-0.9703420880322825],[-80.69392555364323,-0.9705827378628413],[-80.69396443137974,-0.9706015020874332],[-80.69398351677783,-0.9706109851159255],[-80.6940731926123,-0.9706555426595712],[-80.69417842550111,-0.9706794020452209],[-80.69423268995992,-0.9706670625021161],[-80.69429217420708,-0.9706535359966467],[-80.69460467760672,-0.9705613836340204],[-80.69505656627132,-0.9705036444791091],[-80.695189022634,-0.9704867201084397],[-80.69545007896468,-0.9704431176308077],[-80.6954763838179,-0.9704386742297686],[-80.69571308182292,-0.9703986905061299],[-80.69589479796475,-0.9703520878454555],[-80.69585680572173,-0.9701450654970786],[-80.69579315170309,-0.969774110727073],[-80.69570497843523,-0.9692602667202124],[-80.69548591099844,-0.9685558468518138],[-80.69523961208125,-0.9686567655313212],[-80.69526428011294,-0.9680041581876252],[-80.69480941087825,-0.9679944383651389],[-80.69501620376697,-0.9666919928198751],[-80.69510168113003,-0.9663915263025586],[-80.69524075458635,-0.9657834720636203],[-80.69527792759921,-0.9655710444704937],[-80.69528919964853,-0.9652827480962145],[-80.69547178915782,-0.9653014764986523],[-80.69546985249204,-0.9652859574487422],[-80.69546216274412,-0.9650998779681146],[-80.69553556753691,-0.9648078148677542],[-80.69539286819753,-0.9648351115297373],[-80.6953615779759,-0.9648328264714509],[-80.69468189335304,-0.9647831948615675],[-80.6946907439533,-0.9643469317159515],[-80.69457212458748,-0.9643869763956161],[-80.69430772814233,-0.964476235294029],[-80.69418340848367,-0.9645182046771054],[-80.69411971441359,-0.9645443162523151],[-80.6935031876571,-0.964600075557982],[-80.6933238326211,-0.9646162965712648],[-80.69297675013112,-0.9647482826991337],[-80.69234970325607,-0.9649417115389411],[-80.6923138044877,-0.9649514095008555],[-80.69189315001158,-0.9650650482137166],[-80.69136026358453,-0.965134083007797],[-80.69107102614991,-0.9651659152319496],[-80.6907817896165,-0.9651977474296274],[-80.69073769012836,-0.9651319755299141],[-80.6905499793291,-0.9648520163155325],[-80.69050720095011,-0.9648760693297618],[-80.69046258731709,-0.9648769870195935],[-80.6904075767143,-0.9648901375528709],[-80.69033775409119,-0.9649120149206567],[-80.69021270791927,-0.9649443550643468],[-80.69006107977022,-0.9649133872281367],[-80.69005223095718,-0.9649117004346833],[-80.69005303899715,-0.965005977131227],[-80.6896552596592,-0.9649156380164357],[-80.68935366363914,-0.9647724047176354],[-80.68926212195286,-0.9647242582069566],[-80.6889391965579,-0.9645544143375844],[-80.68893121825492,-0.9646012923356722],[-80.68899372296896,-0.9647662403661599],[-80.68890701242366,-0.9647857452889498],[-80.68894262259678,-0.9648528983506708],[-80.68897981887451,-0.9649327818085425],[-80.68900239741936,-0.9649812702976562],[-80.68903207410713,-0.9650450038941898],[-80.68909762791408,-0.9651857854496342],[-80.6891158694996,-0.9652376770792586],[-80.68911664495346,-0.9652398828467028],[-80.68918265245297,-0.9653675481874728],[-80.68922112960222,-0.965441966976087],[-80.6893000002847,-0.9656026313145815],[-80.68932397781366,-0.965646180017913]]]}},{"type":"Feature","properties":{"name":"Elegole","clave_catastral":"01","clave_parroquia":"01","descripcion":"Elegole","layer":"barrios"},"geometry":{"type":"Polygon","coordinates":[[[-80.69039094624108,-0.9696887374234392],[-80.69014761151648,-0.9690270613164955],[-80.68993509458099,-0.9684538339438404],[-80.6897391446912,-0.9679089773762541],[-80.68955018055344,-0.967391136946162],[-80.68952535064332,-0.967321611803513],[-80.68939421885268,-0.966988928633498],[-80.68930716804697,-0.9668051437039225],[-80.6891763839491,-0.9668959843868379],[-80.68878166609007,-0.9673061828302849],[-80.68821347986369,-0.9678966526486619],[-80.68762366858377,-0.9685387151365035],[-80.68701732597539,-0.9691972114022603],[-80.68671968583864,-0.9695289821336388],[-80.68641321357518,-0.9698787705397934],[-80.68707593907745,-0.9704885110260619],[-80.68758434216707,-0.9709830958178571],[-80.68842358669237,-0.9717893080085105],[-80.68843722933549,-0.9717745278766614],[-80.68873101015615,-0.971456252306524],[-80.6890215370881,-0.9711379053746754],[-80.68932482371999,-0.9708038111988914],[-80.68963429309822,-0.970495483615892],[-80.68989194874607,-0.9702180978822524],[-80.69023277349697,-0.9698490221546479],[-80.69039094624108,-0.9696887374234392]]]}},{"type":"Feature","properties":{"name":"El Recreo","clave_catastral":"01","clave_parroquia":"01","descripcion":"El Recreo","layer":"barrios"},"geometry":{"type":"Polygon","coordinates":[[[-80.6946907439533,-0.9643469317159515],[-80.69468189335304,-0.9647831948615675],[-80.6953615779759,-0.9648328264714509],[-80.69539286819753,-0.9648351115297373],[-80.69553556753691,-0.9648078148677542],[-80.69546216274412,-0.9650998779681146],[-80.69546985249204,-0.9652859574487422],[-80.69547178915782,-0.9653014764986523],[-80.69528919964853,-0.9652827480962145],[-80.69527792759921,-0.9655710444704937],[-80.69524075458635,-0.9657834720636203],[-80.69510168113003,-0.9663915263025586],[-80.69501620376697,-0.9666919928198751],[-80.69480941087825,-0.9679944383651389],[-80.69526428011294,-0.9680041581876252],[-80.69526525529804,-0.9680041736559701],[-80.6953215616784,-0.9680050463707914],[-80.69611421824852,-0.9680173415748784],[-80.69627330522383,-0.9678114308001398],[-80.69628505465289,-0.9677962235833348],[-80.69668021346723,-0.9673132312888839],[-80.69696157907532,-0.9669832071276118],[-80.6970947644553,-0.9668300569952635],[-80.69749719193194,-0.9663426121702514],[-80.69723868862103,-0.9660975484506338],[-80.6969801204288,-0.965844665255915],[-80.69686539056133,-0.9657168086289687],[-80.69652589612167,-0.9653755916334176],[-80.69647599202086,-0.9653221121006226],[-80.69645694620466,-0.9652448694779423],[-80.69640370091919,-0.9645585976670219],[-80.69637431357931,-0.9641894817510064],[-80.6963367972975,-0.9641585117635713],[-80.69622806179756,-0.9641593361487254],[-80.69622639094867,-0.9641593495694423],[-80.69598217199031,-0.9641612012957665],[-80.69597905498998,-0.9641612245382446],[-80.69573004908669,-0.9641631129093896],[-80.69549627560728,-0.9641576671965169],[-80.69547966063956,-0.9641572802918574],[-80.6951370745745,-0.9641665850797666],[-80.69496842292571,-0.9642347312886272],[-80.69488815104738,-0.9642671662556666],[-80.6946907439533,-0.9643469317159515]]]}},{"type":"Feature","properties":{"name":"La Floreana","clave_catastral":"01","clave_parroquia":"01","descripcion":"La Floreana","layer":"barrios"},"geometry":{"type":"Polygon","coordinates":[[[-80.68932397781366,-0.965646180017913],[-80.68930954116612,-0.9656546565109067],[-80.68807016755696,-0.9662267450989503],[-80.68784342999123,-0.9657213028827556],[-80.68759514298915,-0.9652170478907038],[-80.68712566984254,-0.9654335009346795],[-80.68670190046396,-0.9656298131908727],[-80.68627981629939,-0.9658414591559962],[-80.68584724193947,-0.9660374980299763],[-80.6856615191966,-0.9661374439937447],[-80.68552697390517,-0.9662369818445599],[-80.68543268905005,-0.9663171995722593],[-80.68523466994426,-0.9665310503197305],[-80.68493348508618,-0.9668730108220984],[-80.68463993068094,-0.9672155251881805],[-80.68460047820031,-0.9672598763879278],[-80.6844411386906,-0.9674411450304206],[-80.68455928621071,-0.9674474177650723],[-80.6845719236892,-0.9674453916881873],[-80.68458713386157,-0.9674431596947102],[-80.68471047612222,-0.9674394410803444],[-80.68483855233862,-0.967435579738364],[-80.68484626244775,-0.9674353472878322],[-80.68484622723712,-0.9674468000718548],[-80.68497606987796,-0.9674454563682247],[-80.68499117676974,-0.9674453000311162],[-80.68505522719795,-0.9674445017238328],[-80.68510908500059,-0.9674420562047458],[-80.68517432254718,-0.9674390945096007],[-80.68523941263716,-0.9674361393800411],[-80.68528910729032,-0.9674338832118252],[-80.68536929100806,-0.9674502460325982],[-80.68541750938044,-0.9674600857922543],[-80.68549871889239,-0.9674622975079075],[-80.68562904525969,-0.967465846901689],[-80.68566841002865,-0.9674669189866164],[-80.68575757227008,-0.9674693474828189],[-80.68579926700366,-0.967470483097074],[-80.68589418835106,-0.9674696061787955],[-80.68591095594212,-0.9674694512733594],[-80.68599737084458,-0.9674695724130516],[-80.68603125399143,-0.9674712863288022],[-80.68611041993049,-0.9674752907888831],[-80.68615528621314,-0.967469192662719],[-80.68626717959688,-0.9674538392056321],[-80.68636046899219,-0.9674408338256768],[-80.68640422591422,-0.9674348040843057],[-80.68646613160762,-0.9674267596868874],[-80.6865031812245,-0.9674196005025522],[-80.68662541144585,-0.9673958585700007],[-80.68662825885852,-0.9673953051489974],[-80.68674998786258,-0.9673780164981166],[-80.68677594471653,-0.9673727956945585],[-80.68681662617094,-0.967364590382786],[-80.6869118249097,-0.9673454102155432],[-80.68693058842294,-0.9673416915962321],[-80.68699593687978,-0.967328547801074],[-80.68707269068884,-0.9673149472075265],[-80.68711632165808,-0.9673072157909672],[-80.68718928829871,-0.9672942860860873],[-80.6872112823563,-0.9672903890866849],[-80.68723197155843,-0.9672867230076606],[-80.68734032494523,-0.967267758464601],[-80.68741737822552,-0.9672542722519067],[-80.68744185731666,-0.9672499875094189],[-80.68747348190443,-0.9672444527317481],[-80.68760028892055,-0.9672232655740487],[-80.6877060620011,-0.9672062264855014],[-80.68772490107102,-0.9672026147382979],[-80.68782250479116,-0.9671839025618425],[-80.68785105851939,-0.9671799802855077],[-80.68797298068783,-0.9671632323761231],[-80.68803619354736,-0.9671545489464962],[-80.68809856231873,-0.9671450010357034],[-80.68825083152265,-0.9671339747615092],[-80.68845520732052,-0.9671211892129178],[-80.68856948534348,-0.9671239048672079],[-80.68858839751616,-0.967115541615712],[-80.6887397274352,-0.9672636782976554],[-80.68878166609007,-0.9673061828302849],[-80.6891763839491,-0.9668959843868379],[-80.68930716804697,-0.9668051437039225],[-80.68909835400953,-0.9663642867785002],[-80.68947797948108,-0.9661914810484263],[-80.68955604936176,-0.9661413003819916],[-80.68953189933629,-0.9660931988573509],[-80.68944056554146,-0.9658931850196097],[-80.68943275213017,-0.9658760743230631],[-80.6894106589125,-0.9658276926342211],[-80.68934622320931,-0.9656865827682992],[-80.68932397781366,-0.965646180017913]]]}},{"type":"Feature","properties":{"name":"1 de Diciembre","clave_catastral":"01","clave_parroquia":"01","descripcion":"1 de Diciembre","layer":"barrios"},"geometry":{"type":"Polygon","coordinates":[[[-80.69563564818593,-0.983785685575981],[-80.69657017639003,-0.981413244591792],[-80.69681673908724,-0.9808046131559109],[-80.69705967564751,-0.9802053543752294],[-80.69730347934322,-0.979603956276506],[-80.69742173158345,-0.9793142056048652],[-80.69755036092836,-0.9790006143526568],[-80.6977635695782,-0.9784808254748469],[-80.69778209324349,-0.9784355804950025],[-80.69555048970221,-0.9777311673922214],[-80.69491496212301,-0.9783072015999891],[-80.69474505231051,-0.9784612058444679],[-80.69460106023172,-0.9785917186405442],[-80.69428615200557,-0.9788722264116531],[-80.6941187814461,-0.9790068318875598],[-80.6936864792284,-0.9793545049091676],[-80.69339370676316,-0.9795886442768733],[-80.69295203218549,-0.9799451733395443],[-80.69253847173027,-0.9802792651089333],[-80.69245320950196,-0.9803491591743665],[-80.69224777164148,-0.9805064647871546],[-80.69211703133925,-0.9806065739412163],[-80.69247559518759,-0.9809065854738037],[-80.69260948794758,-0.9810189752945461],[-80.69274338071699,-0.9811313651126454],[-80.69299278580387,-0.9813284243653868],[-80.69333428886571,-0.9816094198675529],[-80.69357817960372,-0.9818100992610397],[-80.69403354368791,-0.9821824099070255],[-80.69404789728115,-0.9821618808490625],[-80.69412434178949,-0.982223072164004],[-80.69435775376724,-0.9824154992637659],[-80.69433886335426,-0.9824360069474523],[-80.69435005830516,-0.982445218402148],[-80.69471666752159,-0.9827468726145412],[-80.69452246545443,-0.9832393711464817],[-80.69479058840892,-0.9834536804743266],[-80.69482141208984,-0.9834783178169886],[-80.69489592131033,-0.9835064450489739],[-80.69550536513138,-0.9837365051632929],[-80.69563564818593,-0.983785685575981]]]}},{"type":"Feature","properties":{"name":"La Pradera","clave_catastral":"01","clave_parroquia":"01","descripcion":"La Pradera","layer":"barrios"},"geometry":{"type":"Polygon","coordinates":[[[-80.68772632678423,-0.9725235923049099],[-80.68725967215651,-0.9729444181499645],[-80.68710340783097,-0.9730853361686655],[-80.68681266428909,-0.9734230180053061],[-80.68654872920796,-0.9737789713546476],[-80.6863920279079,-0.9739774842201854],[-80.6862201919761,-0.9741935606168822],[-80.6860990876753,-0.9743396870831589],[-80.68595125331632,-0.9745180667179767],[-80.68578238365369,-0.9747317754207216],[-80.6856381353553,-0.9749143251473243],[-80.6861886626486,-0.9756918256516656],[-80.68676241678358,-0.9765139461546681],[-80.68642995758663,-0.9768791379557201],[-80.6868225003451,-0.9773673077958875],[-80.68684372483091,-0.9773937027605798],[-80.68721980003771,-0.9778795750106752],[-80.68745109372291,-0.9781852600419683],[-80.6877092028698,-0.978526116246698],[-80.68799943708285,-0.9789099677119424],[-80.68803448633713,-0.9789568657402015],[-80.68833979261498,-0.9793653840061864],[-80.68877402360022,-0.9799454289015159],[-80.68922041163133,-0.9805218152228576],[-80.68953920645369,-0.9809334501885445],[-80.68958714018395,-0.9809941480856565],[-80.68985464739093,-0.9813396294360643],[-80.69036804085584,-0.9820026688254728],[-80.6907152594682,-0.9817033165258947],[-80.69100948876802,-0.9814616164353964],[-80.6913369046086,-0.9817646577959066],[-80.69174023840365,-0.9820234239839182],[-80.69254011690842,-0.9825684436158609],[-80.69342469493643,-0.9831862363399466],[-80.6939887317936,-0.9835905000192042],[-80.69408470436098,-0.9836167537730915],[-80.69426937766801,-0.9833498425712577],[-80.6944304139681,-0.983157724737552],[-80.69452246545443,-0.9832393711464817],[-80.69471666752159,-0.9827468726145412],[-80.69435005830516,-0.982445218402148],[-80.69433886335426,-0.9824360069474523],[-80.69435775376724,-0.9824154992637659],[-80.69412434178949,-0.982223072164004],[-80.69404789728115,-0.9821618808490625],[-80.69403354368791,-0.9821824099070255],[-80.69357817960372,-0.9818100992610397],[-80.69333428886571,-0.9816094198675529],[-80.69299278580387,-0.9813284243653868],[-80.69274338071699,-0.9811313651126454],[-80.69260948794758,-0.9810189752945461],[-80.69247559518759,-0.9809065854738037],[-80.69211703133925,-0.9806065739412163],[-80.69224777164148,-0.9805064647871546],[-80.69245320950196,-0.9803491591743665],[-80.69221619510861,-0.9794446867582708],[-80.69206401263973,-0.9788425003382741],[-80.69197574303173,-0.9784795619116265],[-80.6918761406953,-0.9780856377421684],[-80.69176666878167,-0.9776715176037953],[-80.69167968661378,-0.9772949361951646],[-80.69157070355072,-0.9769400270592854],[-80.69148906104242,-0.9766622473044464],[-80.69137545717052,-0.9763611674671893],[-80.69115445169909,-0.9757984085663338],[-80.69091917762768,-0.9754857117158195],[-80.69107344875367,-0.9753680532470241],[-80.69110311037167,-0.9753218503568348],[-80.69111002467572,-0.9752933135542463],[-80.69111292888064,-0.9752614171725185],[-80.69110621683633,-0.9752205921699187],[-80.69107204762919,-0.9751107411711216],[-80.69096798825841,-0.9747761949082587],[-80.69092247940596,-0.9744648238193463],[-80.69087255085464,-0.9743150317969765],[-80.69089857201647,-0.974193681996212],[-80.69088368184678,-0.9740742780796836],[-80.69087618758971,-0.9740462330168782],[-80.69092810998413,-0.9740346104064344],[-80.69088885337605,-0.9736369177594071],[-80.69087817260136,-0.9735400751079907],[-80.69085495779873,-0.9733014682258839],[-80.69084871611226,-0.9732332366713194],[-80.6908422086948,-0.9731689788515893],[-80.69083342960778,-0.9730807009130588],[-80.69082038968068,-0.9729445859705805],[-80.69081322520736,-0.9728636198367154],[-80.69079663663268,-0.9727339279623237],[-80.69080150223374,-0.9726595797143461],[-80.69078898290343,-0.9725844506454706],[-80.69077037382856,-0.9724541608422612],[-80.69077039313433,-0.9724168297337883],[-80.69076441660361,-0.9723600834655173],[-80.69075538203889,-0.9722760529843413],[-80.69074285237022,-0.9721631241854566],[-80.69072805035469,-0.9720275778421411],[-80.69071418920724,-0.9718974303915077],[-80.69070301328037,-0.9717861196478025],[-80.69069256465757,-0.9716820476891145],[-80.69066512657386,-0.9714087281377742],[-80.69090007247539,-0.9714223349313329],[-80.69094229395995,-0.9714262582949972],[-80.69099449317164,-0.9714340932181784],[-80.69099796316334,-0.9714358496824075],[-80.69099726957377,-0.9714149109565967],[-80.6909963375502,-0.9714073217349295],[-80.69099392833324,-0.9714041137341239],[-80.69096097557619,-0.971369998709079],[-80.69095949915213,-0.9713659106108565],[-80.69096012752404,-0.9712936574011337],[-80.6909839927753,-0.9712568092573832],[-80.69101057682559,-0.9712377215062135],[-80.69101415312012,-0.9712278637824596],[-80.69099613198266,-0.971103306409603],[-80.69100341073897,-0.9710696820990847],[-80.69089878789094,-0.9710713309361125],[-80.69080205783477,-0.9710360869155606],[-80.69077174227074,-0.9710676348997255],[-80.69072474221991,-0.971093477372392],[-80.69038267726987,-0.9712001442447189],[-80.69033466647306,-0.9712216987168603],[-80.69017713032787,-0.9713109847289446],[-80.68933787319936,-0.9721005603509241],[-80.68879089878868,-0.972617676448607],[-80.68831977023166,-0.9730689740957102],[-80.68772632678423,-0.9725235923049099]]]}},{"type":"Feature","properties":{"name":"Villas del BEV Pradera","clave_catastral":"01","clave_parroquia":"01","descripcion":"Villas del BEV Pradera","layer":"barrios"},"geometry":{"type":"Polygon","coordinates":[[[-80.68684372483091,-0.9773937027605798],[-80.68665187709696,-0.9775256570507054],[-80.68629421359495,-0.9777716605855034],[-80.68579783962367,-0.978138130617964],[-80.68603298719577,-0.9784750592566098],[-80.68622954996206,-0.9787691623874366],[-80.68572540851228,-0.9791517290835544],[-80.685542912751,-0.9792875253586573],[-80.68529696249693,-0.9794700247467034],[-80.68505113807255,-0.979640106733882],[-80.68459173331081,-0.9799441946983336],[-80.68439074050794,-0.9795735619851484],[-80.68432749709518,-0.979456940494444],[-80.6842156282003,-0.9792506531092897],[-80.68406035102424,-0.9789643203777842],[-80.6837922753042,-0.9784473504424369],[-80.68352703090692,-0.977971314987272],[-80.68324708225059,-0.9774771657476151],[-80.68298486076677,-0.9769862090840321],[-80.6826241994089,-0.9771987869257401],[-80.68288582824108,-0.9777018825548112],[-80.68315336167241,-0.9781997848553345],[-80.68340888271108,-0.9786753309739565],[-80.68367817627693,-0.9791765088114346],[-80.6839498831313,-0.9796746788876902],[-80.68422559820812,-0.9801606567237114],[-80.68449630283624,-0.9806378029899178],[-80.68475933236893,-0.9811463011721457],[-80.68503063981188,-0.9816308111476105],[-80.68530000781604,-0.9821118574986656],[-80.68565978079918,-0.9819203444082092],[-80.68609085030569,-0.9817495912611918],[-80.68679707856117,-0.9814668295845052],[-80.68724132007254,-0.9820638969727754],[-80.6875532675653,-0.9824715152375915],[-80.68764149220374,-0.9825867979948981],[-80.68770619617094,-0.9826714072388826],[-80.68786319438219,-0.982877620690985],[-80.68829081408035,-0.983455506818629],[-80.68839705647046,-0.9835990834136368],[-80.68850700000168,-0.9836800421050924],[-80.68888061924666,-0.9833451893434527],[-80.68927692579419,-0.9829898885617467],[-80.68943035174273,-0.9828515564628191],[-80.68964752814121,-0.9826556738310614],[-80.68996526839113,-0.9823678102762018],[-80.69012311217006,-0.9822247138530854],[-80.69036804085584,-0.9820026688254728],[-80.68985464739093,-0.9813396294360643],[-80.68958714018395,-0.9809941480856565],[-80.68953920645369,-0.9809334501885445],[-80.68922041163133,-0.9805218152228576],[-80.68877402360022,-0.9799454289015159],[-80.68833979261498,-0.9793653840061864],[-80.68803448633713,-0.9789568657402015],[-80.68799943708285,-0.9789099677119424],[-80.6877092028698,-0.978526116246698],[-80.68745109372291,-0.9781852600419683],[-80.68721980003771,-0.9778795750106752],[-80.68684372483091,-0.9773937027605798]]]}},{"type":"Feature","properties":{"name":"Cosace","clave_catastral":"05","clave_parroquia":"05","descripcion":"Cosace","layer":"barrios"},"geometry":{"type":"Polygon","coordinates":[[[-80.6993539759573,-0.9880717061135869],[-80.69787488008346,-0.9873969261404768],[-80.6983418581133,-0.9863101831550125],[-80.69853438186773,-0.9858354627357641],[-80.69863245144737,-0.9855918768638361],[-80.69871812090581,-0.9853620433496673],[-80.69880269262207,-0.9851355345611523],[-80.69892282166624,-0.9848573036651231],[-80.6990499896406,-0.9845634806151367],[-80.69945310881134,-0.9835578121057152],[-80.69978652416795,-0.9827362071026187],[-80.69935733693946,-0.9825729040759228],[-80.69844425985082,-0.9821909867273888],[-80.69754006464538,-0.9818219920588973],[-80.69673158783506,-0.9814799619539086],[-80.69657017639003,-0.981413244591792],[-80.69563564818593,-0.983785685575981],[-80.69476152397138,-0.9860047772296808],[-80.69465918163621,-0.986262724561101],[-80.6943059993217,-0.9871660007910634],[-80.69391841291835,-0.9881572658254073],[-80.69494303639304,-0.988509177506046],[-80.69519071430392,-0.9879009002626304],[-80.69524871818415,-0.9877504778140036],[-80.69525431210191,-0.9877530565741495],[-80.69537885298249,-0.987808976788756],[-80.69550339476721,-0.9878648970000796],[-80.69663161040636,-0.9883904372433818],[-80.69865064272852,-0.9892984894478615],[-80.6988126341314,-0.9893713447526551],[-80.69882699915087,-0.9893362059876267],[-80.69888819004754,-0.9891865299189675],[-80.69897887676795,-0.9889662841606254],[-80.69903539396829,-0.988835939631926],[-80.69919518919357,-0.9884739899556649],[-80.69920365507723,-0.988452542622369],[-80.6993539759573,-0.9880717061135869]]]}},{"type":"Feature","properties":{"name":"Hugo Mayo","clave_catastral":"01","clave_parroquia":"01","descripcion":"Hugo Mayo","layer":"barrios"},"geometry":{"type":"Polygon","coordinates":[[[-80.69129461532324,-0.9867812785634982],[-80.69144199073904,-0.9864088218685225],[-80.69159067521863,-0.9860410942256976],[-80.69176102967138,-0.9856136392659209],[-80.69195280296566,-0.9851513072998159],[-80.69065404870037,-0.9846179523602245],[-80.69083698999462,-0.9841301246241585],[-80.6910011045934,-0.9837073719570101],[-80.6912580658724,-0.9830525955941312],[-80.69088634619885,-0.9827814482598995],[-80.69051812542426,-0.9825128530935529],[-80.69012311217006,-0.9822247138530854],[-80.68996526839113,-0.9823678102762018],[-80.68964752814121,-0.9826556738310614],[-80.68943035174273,-0.9828515564628191],[-80.68927692579419,-0.9829898885617467],[-80.68888061924666,-0.9833451893434527],[-80.68850700000168,-0.9836800421050924],[-80.68979057986316,-0.9842412196171466],[-80.68958431336515,-0.9847279610448113],[-80.6892333883886,-0.9855538020162271],[-80.68964770848434,-0.9858004246796668],[-80.69004338203031,-0.9860658894473033],[-80.69045793909542,-0.9863217694184102],[-80.69088602533735,-0.9865434803246272],[-80.69129461532324,-0.9867812785634982]]]}},{"type":"Feature","properties":{"name":"Arroyo Azul","clave_catastral":"01","clave_parroquia":"01","descripcion":"Arroyo Azul","layer":"barrios"},"geometry":{"type":"Polygon","coordinates":[[[-80.69129461532324,-0.9867812785634982],[-80.69202381996124,-0.9871534369392663],[-80.6921745669127,-0.9867655386954937],[-80.69233401020124,-0.9863477997398462],[-80.69237146454057,-0.986306973775612],[-80.69252106099202,-0.9859230221612734],[-80.69269787992303,-0.9854572852140819],[-80.69465918163621,-0.986262724561101],[-80.69476152397138,-0.9860047772296808],[-80.69563564818593,-0.983785685575981],[-80.69550536513138,-0.9837365051632929],[-80.69489592131033,-0.9835064450489739],[-80.69482141208984,-0.9834783178169886],[-80.69479058840892,-0.9834536804743266],[-80.69452246545443,-0.9832393711464817],[-80.6944304139681,-0.983157724737552],[-80.69426937766801,-0.9833498425712577],[-80.69408470436098,-0.9836167537730915],[-80.6939887317936,-0.9835905000192042],[-80.69342469493643,-0.9831862363399466],[-80.69254011690842,-0.9825684436158609],[-80.69174023840365,-0.9820234239839182],[-80.6913369046086,-0.9817646577959066],[-80.69100948876802,-0.9814616164353964],[-80.6907152594682,-0.9817033165258947],[-80.69036804085584,-0.9820026688254728],[-80.69012311217006,-0.9822247138530854],[-80.69051812542426,-0.9825128530935529],[-80.69088634619885,-0.9827814482598995],[-80.6912580658724,-0.9830525955941312],[-80.6910011045934,-0.9837073719570101],[-80.69083698999462,-0.9841301246241585],[-80.69065404870037,-0.9846179523602245],[-80.69195280296566,-0.9851513072998159],[-80.69176102967138,-0.9856136392659209],[-80.69159067521863,-0.9860410942256976],[-80.69144199073904,-0.9864088218685225],[-80.69129461532324,-0.9867812785634982]]]}},{"type":"Feature","properties":{"name":"Las Orquideas","clave_catastral":"01","clave_parroquia":"01","descripcion":"Las Orquideas","layer":"barrios"},"geometry":{"type":"Polygon","coordinates":[[[-80.69245320950196,-0.9803491591743665],[-80.69253847173027,-0.9802792651089333],[-80.69295203218549,-0.9799451733395443],[-80.69339370676316,-0.9795886442768733],[-80.6936864792284,-0.9793545049091676],[-80.6941187814461,-0.9790068318875598],[-80.69428615200557,-0.9788722264116531],[-80.69460106023172,-0.9785917186405442],[-80.69474505231051,-0.9784612058444679],[-80.69452585945369,-0.9772651629375275],[-80.69437715359133,-0.9764990145315551],[-80.69437849848295,-0.9764581771999161],[-80.69430137313181,-0.976187748276331],[-80.69429036754005,-0.9761367701542554],[-80.69409660363458,-0.975238398619581],[-80.6939191450952,-0.9744156194031461],[-80.69375310938366,-0.9735920622847232],[-80.6937131557623,-0.9733892611704107],[-80.69368991628687,-0.9732663483015074],[-80.6936029285454,-0.972806273082341],[-80.6935350592122,-0.9724659915316352],[-80.69351853296526,-0.9723870603301492],[-80.69334235691475,-0.9715456237770184],[-80.69328971334443,-0.9712941921679886],[-80.69328391064191,-0.9712456038804191],[-80.69323172190293,-0.9712710198152195],[-80.69316249582857,-0.9713248938340371],[-80.69306403497981,-0.971396778067799],[-80.6929190527698,-0.9715082891129042],[-80.69274755930482,-0.9716157500241708],[-80.69270111715154,-0.9716541057169792],[-80.69273847232041,-0.9718966706446822],[-80.69283002336736,-0.9723312510571418],[-80.69285510593336,-0.9724503139366618],[-80.69292561882907,-0.9728009448796228],[-80.69307998553887,-0.9735690706611848],[-80.69311734165613,-0.9737614618747443],[-80.69312507153359,-0.9737999521820626],[-80.69092810998413,-0.9740346104064344],[-80.69087618758971,-0.9740462330168782],[-80.69088368184678,-0.9740742780796836],[-80.69089857201647,-0.974193681996212],[-80.69087255085464,-0.9743150317969765],[-80.69092247940596,-0.9744648238193463],[-80.69096798825841,-0.9747761949082587],[-80.69107204762919,-0.9751107411711216],[-80.69110621683633,-0.9752205921699187],[-80.69111292888064,-0.9752614171725185],[-80.69111002467572,-0.9752933135542463],[-80.69110311037167,-0.9753218503568348],[-80.69107344875367,-0.9753680532470241],[-80.69091917762768,-0.9754857117158195],[-80.69115445169909,-0.9757984085663338],[-80.69137545717052,-0.9763611674671893],[-80.69148906104242,-0.9766622473044464],[-80.69157070355072,-0.9769400270592854],[-80.69167968661378,-0.9772949361951646],[-80.69176666878167,-0.9776715176037953],[-80.6918761406953,-0.9780856377421684],[-80.69197574303173,-0.9784795619116265],[-80.69206401263973,-0.9788425003382741],[-80.69221619510861,-0.9794446867582708],[-80.69245320950196,-0.9803491591743665]]]}},{"type":"Feature","properties":{"name":"Marbella","clave_catastral":"01","clave_parroquia":"01","descripcion":"Marbella","layer":"barrios"},"geometry":{"type":"Polygon","coordinates":[[[-80.69474505231051,-0.9784612058444679],[-80.69491496212301,-0.9783072015999891],[-80.69555048970221,-0.9777311673922214],[-80.69778209324349,-0.9784355804950025],[-80.69792670097219,-0.978082365307472],[-80.69825930645356,-0.9772699501208137],[-80.69832546894207,-0.9771083714290825],[-80.69863539120752,-0.976401518422037],[-80.6988773206246,-0.9757367394248746],[-80.69755154698575,-0.9751450458015967],[-80.69755102660592,-0.9751448168613736],[-80.69564909166031,-0.974301798332192],[-80.69536137991464,-0.9741788058933167],[-80.69435340410908,-0.9737265434013125],[-80.69427643793253,-0.9736370029885393],[-80.69421543552733,-0.973593517684634],[-80.69381755725526,-0.9734317172612493],[-80.69381610396401,-0.9734311263490412],[-80.69381541911065,-0.9734308476339919],[-80.6937131557623,-0.9733892611704107],[-80.69375310938366,-0.9735920622847232],[-80.6939191450952,-0.9744156194031461],[-80.69409660363458,-0.975238398619581],[-80.69429036754005,-0.9761367701542554],[-80.69430137313181,-0.976187748276331],[-80.69437849848295,-0.9764581771999161],[-80.69437715359133,-0.9764990145315551],[-80.69452585945369,-0.9772651629375275],[-80.69474505231051,-0.9784612058444679]]]}},{"type":"Feature","properties":{"name":"Urb San Mateo","clave_catastral":"01","clave_parroquia":"01","descripcion":"Urb San Mateo","layer":"barrios"},"geometry":{"type":"Polygon","coordinates":[[[-80.69381755725526,-0.9734317172612493],[-80.69421543552733,-0.973593517684634],[-80.69427643793253,-0.9736370029885393],[-80.69435340410908,-0.9737265434013125],[-80.69536137991464,-0.9741788058933167],[-80.69564909166031,-0.974301798332192],[-80.69755102660592,-0.9751448168613736],[-80.69755154698575,-0.9751450458015967],[-80.6988773206246,-0.9757367394248746],[-80.69915836677286,-0.974964470946901],[-80.69945522293028,-0.9742277655015386],[-80.69932896913197,-0.9741878731938839],[-80.69928663111101,-0.9741698423939624],[-80.69904305190975,-0.9740661075411197],[-80.69887573969642,-0.9739948530548901],[-80.69871762375907,-0.9739290128635645],[-80.69859482899292,-0.9738747673497983],[-80.69789594374338,-0.9735698095786915],[-80.69766634720868,-0.9734680482373221],[-80.69765241474734,-0.9734815272495041],[-80.69762108513939,-0.9734710294086142],[-80.69733002790076,-0.9733751035329732],[-80.69730809803052,-0.9733680447668008],[-80.69713608744513,-0.9732685967697705],[-80.69686672455363,-0.9731131463654777],[-80.69667624459191,-0.9730032356243328],[-80.69655854494549,-0.9729366083893467],[-80.6964292223103,-0.9727871376015287],[-80.69636011246796,-0.9727069735083944],[-80.69620185922464,-0.9726610705157412],[-80.69500139665035,-0.9723220853923635],[-80.69497349260132,-0.9723142923467663],[-80.69492469342697,-0.9722569271144864],[-80.69461507945596,-0.9719015473748556],[-80.69455218410525,-0.971829281093207],[-80.69454303561426,-0.9718359941566348],[-80.69436440238461,-0.9722309134825196],[-80.69433071754865,-0.972300523770528],[-80.69431274719054,-0.9723398528427792],[-80.69428172112765,-0.9724077561731975],[-80.69424465837997,-0.9724901651655387],[-80.69420993601268,-0.972573327093798],[-80.69420307865326,-0.9725887220170365],[-80.69417292263235,-0.9726564200537808],[-80.69413699416229,-0.9727387088193638],[-80.69409906952465,-0.9728204590959564],[-80.69405607378899,-0.9729035343172967],[-80.69403206677887,-0.9729569076425406],[-80.69402000618878,-0.9729837214123478],[-80.6940127523656,-0.973000170292309],[-80.69398322825234,-0.9730671210872543],[-80.69394422317941,-0.9731497551682367],[-80.6939070426662,-0.9732321994244728],[-80.69383363257734,-0.9733968229390086],[-80.69381755725526,-0.9734317172612493]]]}},{"type":"Feature","properties":{"name":"Cdla Rocafuerte","clave_catastral":"01","clave_parroquia":"01","descripcion":"Cdla Rocafuerte","layer":"barrios"},"geometry":{"type":"Polygon","coordinates":[[[-80.70052323589381,-0.9635881623122486],[-80.700546157127,-0.9636015093623628],[-80.70095077148005,-0.9638240755152481],[-80.70125053000454,-0.9640006917827861],[-80.70149657892362,-0.9641339058556042],[-80.70181747365622,-0.9643079717501308],[-80.70195997672634,-0.9643483744733174],[-80.7025589646298,-0.9647329977754566],[-80.70259541782603,-0.9647524695775616],[-80.70283381329394,-0.9648798049689304],[-80.7030097418202,-0.9649266811303647],[-80.70312864998226,-0.9649249907092924],[-80.70328734529541,-0.9648973917892079],[-80.70344258828264,-0.9648395315971356],[-80.70356667860271,-0.9647474034277792],[-80.70457842104734,-0.9656992801886304],[-80.70510757863094,-0.9650556449057744],[-80.70562659528674,-0.9644396431674238],[-80.70455235326202,-0.9630067144300085],[-80.70412756779378,-0.9624419606138304],[-80.70368997269956,-0.9618606026320293],[-80.70326440716207,-0.9613026178985534],[-80.70269087535047,-0.960537344480457],[-80.7021253361801,-0.9609791343126517],[-80.70190041615056,-0.9611566045599318],[-80.7017685292527,-0.9612662762734914],[-80.7016609697171,-0.9613877919526318],[-80.70147456972452,-0.9615983754513876],[-80.7014341921398,-0.9616549709584348],[-80.70137048059608,-0.9617485302191255],[-80.7012837759669,-0.9619590175279171],[-80.70100708097011,-0.9623757670385515],[-80.70069239545109,-0.9629008040801637],[-80.70062396490393,-0.9631833880021362],[-80.70052323589381,-0.9635881623122486]]]}},{"type":"Feature","properties":{"name":"Colinas de Rocafuerte","clave_catastral":"04","clave_parroquia":"04","descripcion":"Colinas de Rocafuerte","layer":"barrios"},"geometry":{"type":"Polygon","coordinates":[[[-80.70027438909366,-0.956438791068635],[-80.69995669848312,-0.956412218350806],[-80.69988197643376,-0.9564595447253482],[-80.69981061106823,-0.9565515019550618],[-80.69977456238851,-0.9566772181636195],[-80.69979129421695,-0.9566977449367187],[-80.69980372689693,-0.9567211637093607],[-80.69981138235214,-0.956746573341988],[-80.69981396496644,-0.9567729976196374],[-80.69981137686007,-0.9567994223466201],[-80.70009881376566,-0.9570794470868123],[-80.70122474909917,-0.9585858977388853],[-80.7014265179929,-0.9588622243508098],[-80.70182128754288,-0.9593835245858742],[-80.70224887850907,-0.9599568734507641],[-80.70269087535047,-0.960537344480457],[-80.70326440716207,-0.9613026178985534],[-80.70368997269956,-0.9618606026320293],[-80.70412756779378,-0.9624419606138304],[-80.70455235326202,-0.9630067144300085],[-80.70562659528674,-0.9644396431674238],[-80.70609128449276,-0.9638877556876508],[-80.70614894465163,-0.9638188471541723],[-80.70553826196418,-0.963083769716448],[-80.70519308691884,-0.9626682831106592],[-80.70516880774673,-0.9626013267385929],[-80.70516909668024,-0.9625214020520758],[-80.70517880795818,-0.9623250725433792],[-80.70520367359829,-0.9619390846836211],[-80.70518368008439,-0.9616168031365362],[-80.7051276034268,-0.9612530354695538],[-80.70505626493392,-0.960895128377615],[-80.70504294457623,-0.9608432734374759],[-80.70494910464502,-0.9605113719095614],[-80.70476637210491,-0.9601656823488725],[-80.70426329050602,-0.9592958107163838],[-80.70346619846025,-0.9578318881661972],[-80.70390119275042,-0.9575793161064752],[-80.70319401483972,-0.9563770848583033],[-80.70288339322633,-0.9564275466194089],[-80.70246786928988,-0.956489228696654],[-80.70212038759209,-0.9565140716025979],[-80.70166246918801,-0.9564922426662434],[-80.70136407525368,-0.9564770616902649],[-80.70092902942226,-0.956453308228717],[-80.70027438909366,-0.956438791068635]]]}},{"type":"Feature","properties":{"name":"Pacifico","clave_catastral":"01","clave_parroquia":"01","descripcion":"Pacifico","layer":"barrios"},"geometry":{"type":"Polygon","coordinates":[[[-80.6991199146901,-0.9617528575788015],[-80.6991732264985,-0.9620688236064154],[-80.69923238846589,-0.9624674984111152],[-80.69930464351262,-0.9629125600882985],[-80.6998067049057,-0.9628201733767412],[-80.69984762048504,-0.9631184129497825],[-80.70052323589381,-0.9635881623122486],[-80.70062396490393,-0.9631833880021362],[-80.70069239545109,-0.9629008040801637],[-80.70100708097011,-0.9623757670385515],[-80.7012837759669,-0.9619590175279171],[-80.70137048059608,-0.9617485302191255],[-80.7014341921398,-0.9616549709584348],[-80.70147456972452,-0.9615983754513876],[-80.7016609697171,-0.9613877919526318],[-80.7017685292527,-0.9612662762734914],[-80.70190041615056,-0.9611566045599318],[-80.7021253361801,-0.9609791343126517],[-80.70269087535047,-0.960537344480457],[-80.70224887850907,-0.9599568734507641],[-80.70182128754288,-0.9593835245858742],[-80.70083401640044,-0.9602399388971748],[-80.70048003519618,-0.960528184716992],[-80.70019129914657,-0.9607499884467785],[-80.69986277465499,-0.9610544592134289],[-80.69973511121061,-0.9611727754383281],[-80.69941602437765,-0.9614712691819562],[-80.69931648381453,-0.9615613465784065],[-80.69920472510017,-0.9616722060286662],[-80.6991199146901,-0.9617528575788015]]]}},{"type":"Feature","properties":{"name":"Gonsenvach","clave_catastral":"01","clave_parroquia":"01","descripcion":"Gonsenvach","layer":"barrios"},"geometry":{"type":"Polygon","coordinates":[[[-80.69962792248666,-0.9566478435828146],[-80.69960465810047,-0.9566603582833579],[-80.6995842658603,-0.9566772004950082],[-80.6995675295643,-0.9566977243193264],[-80.69955509281245,-0.9567211409005126],[-80.6995474338377,-0.9567465491833788],[-80.69954484572952,-0.9567729730048171],[-80.69954742834159,-0.956799398186746],[-80.69955508379472,-0.9568248078194018],[-80.69921837387719,-0.9570380534447622],[-80.69870527313826,-0.9573360052640681],[-80.69869496093911,-0.9576085237697499],[-80.69870842597962,-0.9577799234536712],[-80.69871172714964,-0.9578219469106414],[-80.69871604347175,-0.9578797260908374],[-80.69872342207971,-0.9579978935420145],[-80.69873484471998,-0.9581321752522028],[-80.69875083184074,-0.9583128593580739],[-80.69875437154863,-0.9583507591396625],[-80.6987686895199,-0.9584708687265362],[-80.69878541856964,-0.9585540353438091],[-80.6987958550681,-0.958587396774675],[-80.69880321385325,-0.9586135156795023],[-80.69881715577715,-0.9586759622387433],[-80.69881896792182,-0.9586840786086412],[-80.69886123284729,-0.9588635615721728],[-80.69886386095375,-0.9588748727650511],[-80.69884102122725,-0.9589587583970172],[-80.6983740807214,-0.959217557983024],[-80.69844673173965,-0.9593771588297955],[-80.69857930367913,-0.9596490041874546],[-80.69800938027902,-0.9599443229422633],[-80.6981380696188,-0.96021764790666],[-80.69832968781677,-0.9606040040802383],[-80.69843647145723,-0.9607934095714796],[-80.69857428232785,-0.9610098396671418],[-80.69873079563581,-0.9612556416571891],[-80.69908389541611,-0.9617875574888899],[-80.6991199146901,-0.9617528575788015],[-80.69920472510017,-0.9616722060286662],[-80.69931648381453,-0.9615613465784065],[-80.69941602437765,-0.9614712691819562],[-80.69973511121061,-0.9611727754383281],[-80.69986277465499,-0.9610544592134289],[-80.70019129914657,-0.9607499884467785],[-80.70048003519618,-0.960528184716992],[-80.70083401640044,-0.9602399388971748],[-80.70182128754288,-0.9593835245858742],[-80.7014265179929,-0.9588622243508098],[-80.70122474909917,-0.9585858977388853],[-80.70009881376566,-0.9570794470868123],[-80.69981137686007,-0.9567994223466201],[-80.69981396496644,-0.9567729976196374],[-80.69981138235214,-0.956746573341988],[-80.69980372689693,-0.9567211637093607],[-80.69979129421695,-0.9566977449367187],[-80.69977456238851,-0.9566772181636195],[-80.69975722334023,-0.9566628922628126],[-80.69973091086698,-0.9566478526551804],[-80.69971189395592,-0.9566418898042457],[-80.69967941757305,-0.9566375379721563],[-80.699653165583,-0.9566401385283854],[-80.69962792248666,-0.9566478435828146]]]}},{"type":"Feature","properties":{"name":"El Paraiso 1","clave_catastral":"01","clave_parroquia":"01","descripcion":"El Paraiso 1","layer":"barrios"},"geometry":{"type":"Polygon","coordinates":[[[-80.70114828251855,-0.9531791715685074],[-80.70111223574018,-0.9533381810533825],[-80.70071263652298,-0.9547199792355485],[-80.70058573267673,-0.9552151990246784],[-80.70048384506752,-0.9556127957588529],[-80.70027438909366,-0.956438791068635],[-80.70092902942226,-0.956453308228717],[-80.70136407525368,-0.9564770616902649],[-80.70166246918801,-0.9564922426662434],[-80.70212038759209,-0.9565140716025979],[-80.70246786928988,-0.956489228696654],[-80.70288339322633,-0.9564275466194089],[-80.70319401483972,-0.9563770848583033],[-80.70335116755959,-0.9563528953238887],[-80.70356381851688,-0.9554413204662779],[-80.7037185011844,-0.9547669165790751],[-80.70383039098867,-0.9542731061474115],[-80.7039208889544,-0.9538564528365896],[-80.70403672990176,-0.9532669730183017],[-80.703484493387,-0.953237842514497],[-80.70253974656161,-0.953195297925916],[-80.70255289638145,-0.9531505064362165],[-80.70258153689893,-0.9530529498501181],[-80.70270401468129,-0.9526357602661619],[-80.70272840249325,-0.9525500649128132],[-80.70235683411562,-0.9525440379798198],[-80.7022897910655,-0.9525339729642752],[-80.70195466418603,-0.95248366094944],[-80.70174014943683,-0.9533281374106508],[-80.70114828251855,-0.9531791715685074]]]}},{"type":"Feature","properties":{"name":"Jaime Chavez G","clave_catastral":"01","clave_parroquia":"01","descripcion":"Jaime Chavez G","layer":"barrios"},"geometry":{"type":"Polygon","coordinates":[[[-80.69684087255385,-0.9500881200912232],[-80.69677485618324,-0.9502086839686967],[-80.69673832474307,-0.950294916472231],[-80.69670644442681,-0.9503718253815379],[-80.69668308019591,-0.9506124144726441],[-80.69669067399929,-0.9507981687422101],[-80.69673821655998,-0.9509992461025831],[-80.69673933431073,-0.9510237142487767],[-80.69674554921983,-0.9511597587701175],[-80.69675222530351,-0.951191704886611],[-80.69666970155224,-0.9513152130489999],[-80.6966487646018,-0.9514358550892581],[-80.69664599850223,-0.9515449111332259],[-80.69664188609082,-0.95158114917281],[-80.69673785498294,-0.9515801613387112],[-80.69684648834848,-0.9516380992607338],[-80.6977210134689,-0.9527252086172524],[-80.69760759679623,-0.9528315246445517],[-80.69801806464824,-0.95394326173178],[-80.6981568965418,-0.9543069084336651],[-80.69873732550172,-0.9540989295927885],[-80.69878157789859,-0.9541946081428847],[-80.69880127185421,-0.9542387564135879],[-80.69930383571034,-0.9543684618935373],[-80.69993976135706,-0.95452086388363],[-80.70011687276201,-0.9538648397290075],[-80.70025197929344,-0.9530633877478039],[-80.7003807861327,-0.9522940200128858],[-80.7005599818942,-0.9512515018006269],[-80.70069352761293,-0.9505676866456838],[-80.70083157948577,-0.950006229672468],[-80.70034909282556,-0.9499142843546338],[-80.69987544941952,-0.9498203924209606],[-80.69938445964337,-0.949723517942374],[-80.69882037588278,-0.9496145486972125],[-80.69838854400676,-0.9495304852783306],[-80.69705899642976,-0.9500516693350676],[-80.69705589911146,-0.950052883190807],[-80.69701933349793,-0.9500672170005089],[-80.69684087255385,-0.9500881200912232]]]}},{"type":"Feature","properties":{"name":"Barrio Central","clave_catastral":"01","clave_parroquia":"01","descripcion":"Barrio Central","layer":"barrios"},"geometry":{"type":"Polygon","coordinates":[[[-80.69938445964337,-0.949723517942374],[-80.69987544941952,-0.9498203924209606],[-80.70034909282556,-0.9499142843546338],[-80.70083157948577,-0.950006229672468],[-80.70069352761293,-0.9505676866456838],[-80.7005599818942,-0.9512515018006269],[-80.7003807861327,-0.9522940200128858],[-80.70093643934693,-0.9523460243528774],[-80.70129520541,-0.9523796017093247],[-80.70115930367085,-0.9531183728966539],[-80.70114828251855,-0.9531791715685074],[-80.70174014943683,-0.9533281374106508],[-80.70195466418603,-0.95248366094944],[-80.7022897910655,-0.9525339729642752],[-80.70235683411562,-0.9525440379798198],[-80.70272840249325,-0.9525500649128132],[-80.70299949493636,-0.9515974932992464],[-80.7033239154794,-0.9504774150945394],[-80.70349301072042,-0.949886713595177],[-80.70363514462174,-0.9494183629286397],[-80.70285561768483,-0.9491716830621755],[-80.70226609196875,-0.948995558872582],[-80.70115319451787,-0.9486967242687285],[-80.70069471951447,-0.948568380253775],[-80.70025907143292,-0.9484668479950784],[-80.69996545454856,-0.9484173149673012],[-80.69973631803357,-0.9484061603150735],[-80.69938445964337,-0.949723517942374]]]}},{"type":"Feature","properties":{"name":"Los Halcones","clave_catastral":"01","clave_parroquia":"01","descripcion":"Los Halcones","layer":"barrios"},"geometry":{"type":"Polygon","coordinates":[[[-80.70403672990176,-0.9532669730183017],[-80.70413377194629,-0.9528073211469915],[-80.70413843964151,-0.9527844565567846],[-80.70421813744723,-0.9524112610458387],[-80.70426754155753,-0.9521727917583576],[-80.70435620364046,-0.9517475386943488],[-80.70398310924816,-0.9517101249402771],[-80.70403564165207,-0.9512502916994947],[-80.70407248040206,-0.9509630225848581],[-80.70410750683892,-0.9506270643712043],[-80.70350031610926,-0.9505118311496545],[-80.7033239154794,-0.9504774150945394],[-80.70299949493636,-0.9515974932992464],[-80.70272840249325,-0.9525500649128132],[-80.70270401468129,-0.9526357602661619],[-80.70258153689893,-0.9530529498501181],[-80.70255289638145,-0.9531505064362165],[-80.70253974656161,-0.953195297925916],[-80.703484493387,-0.953237842514497],[-80.70403672990176,-0.9532669730183017]]]}},{"type":"Feature","properties":{"name":"El Paraiso 2","clave_catastral":"01","clave_parroquia":"01","descripcion":"El Paraiso 2","layer":"barrios"},"geometry":{"type":"Polygon","coordinates":[[[-80.6981568965418,-0.9543069084336651],[-80.69830085503824,-0.9546691774626055],[-80.69842701633085,-0.9549769375852719],[-80.69842692620927,-0.9550942030003284],[-80.69818311049764,-0.9560797757471846],[-80.69882510873933,-0.9562687175016436],[-80.69942777623265,-0.9564294454982445],[-80.69951389135072,-0.9563984311757565],[-80.699560917015,-0.9565432493324124],[-80.69962792248666,-0.9566478435828146],[-80.699653165583,-0.9566401385283854],[-80.69967941757305,-0.9566375379721563],[-80.69971189395592,-0.9566418898042457],[-80.69973091086698,-0.9566478526551804],[-80.69975722334023,-0.9566628922628126],[-80.69977456238851,-0.9566772181636195],[-80.69981061106823,-0.9565515019550618],[-80.69988197643376,-0.9564595447253482],[-80.69995669848312,-0.956412218350806],[-80.70027438909366,-0.956438791068635],[-80.70048384506752,-0.9556127957588529],[-80.70058573267673,-0.9552151990246784],[-80.70071263652298,-0.9547199792355485],[-80.70111223574018,-0.9533381810533825],[-80.70114828251855,-0.9531791715685074],[-80.70115930367085,-0.9531183728966539],[-80.70129520541,-0.9523796017093247],[-80.70093643934693,-0.9523460243528774],[-80.7003807861327,-0.9522940200128858],[-80.70025197929344,-0.9530633877478039],[-80.70011687276201,-0.9538648397290075],[-80.69993976135706,-0.95452086388363],[-80.69930383571034,-0.9543684618935373],[-80.69880127185421,-0.9542387564135879],[-80.69878157789859,-0.9541946081428847],[-80.69873732550172,-0.9540989295927885],[-80.6981568965418,-0.9543069084336651]]]}},{"type":"Feature","properties":{"name":"La Floresta","clave_catastral":"05","clave_parroquia":"05","descripcion":"La Floresta","layer":"barrios"},"geometry":{"type":"Polygon","coordinates":[[[-80.70244892209256,-0.9759480102027425],[-80.70229516453603,-0.9759718547862094],[-80.7019943356282,-0.9760185059117532],[-80.70159970375661,-0.9760508034489561],[-80.70148304959659,-0.9760603504532667],[-80.7013333531292,-0.9760802797391648],[-80.70124048435338,-0.97609264433774],[-80.70113227894636,-0.9761417055710098],[-80.70108946811115,-0.9761979551941664],[-80.70107730174652,-0.9762218874718087],[-80.70106330512333,-0.9762494176424497],[-80.70106690272809,-0.9766085044040267],[-80.70106825606784,-0.9767434845843327],[-80.70106698790677,-0.9767532644544303],[-80.70105946618274,-0.9768112651455566],[-80.70105683272469,-0.9768315730774049],[-80.70103988504036,-0.9768932587386701],[-80.70096738940072,-0.9771571127638765],[-80.70096319446432,-0.9771703628633759],[-80.70083037516578,-0.9775898878207414],[-80.70075850213753,-0.977754551504475],[-80.7007409415642,-0.9777947826632526],[-80.70064390962918,-0.9778771185196291],[-80.70054307508745,-0.9779268996239382],[-80.70035852974135,-0.9780168869375389],[-80.70021964083539,-0.9781317743249218],[-80.70013211689117,-0.9782581553155866],[-80.70008465202703,-0.9783349994537502],[-80.70004459247782,-0.9783998567666855],[-80.69997229049473,-0.9784955990937476],[-80.69988655357935,-0.9785888269064174],[-80.699817210423,-0.9786642287589018],[-80.69980081576024,-0.9786820556200269],[-80.6997568092088,-0.9788220845368301],[-80.69976155625211,-0.9789274093127744],[-80.6998138607206,-0.9790674478124686],[-80.69989351674334,-0.9791727793389953],[-80.69997079701251,-0.9792505828501561],[-80.70009683052301,-0.9792876966146338],[-80.70021573233956,-0.9793020696901351],[-80.70035722648423,-0.9793032793633785],[-80.70049277442175,-0.9793224416857242],[-80.70057838135659,-0.9793571579191678],[-80.70063426097465,-0.9794194001859466],[-80.70066992414547,-0.9795007907648455],[-80.70067110528379,-0.9795905559168148],[-80.70062228219084,-0.9796992975200567],[-80.70068355074409,-0.9797033851092606],[-80.70072622863715,-0.9797280442747365],[-80.7009262213918,-0.9798435990448837],[-80.70108888808936,-0.9797574394267768],[-80.70115800149497,-0.979860897230381],[-80.70117735803018,-0.9798898725087781],[-80.70119731308235,-0.9799197444147579],[-80.70135129985167,-0.9798165083873158],[-80.70139286481823,-0.9797930012525171],[-80.7014969610576,-0.9797847650040977],[-80.70165246592478,-0.9797012998609347],[-80.7017466260028,-0.9796422782685852],[-80.70216265957738,-0.9793847680820987],[-80.7021502005557,-0.979363878875148],[-80.70263076264062,-0.9791604538051786],[-80.70309550833366,-0.9789296939435559],[-80.70310833498924,-0.9789503389076373],[-80.70352022526123,-0.9787612192646975],[-80.70352471758463,-0.9787594373728155],[-80.70396175107074,-0.9785860773457955],[-80.70443272816254,-0.9783736482612538],[-80.70410546800551,-0.9774371461874409],[-80.70400796321482,-0.977182450775132],[-80.70397806628279,-0.9771197710300895],[-80.70392881838664,-0.9770165214497412],[-80.70356889024842,-0.9764569377033182],[-80.70352096058782,-0.976382420994625],[-80.70351859296001,-0.976374546131666],[-80.70345535618095,-0.9761642527293759],[-80.70343781291929,-0.9760689021914573],[-80.70333079499233,-0.9761263421911792],[-80.70320713394948,-0.9761550559584293],[-80.70300500290567,-0.9761023762586092],[-80.70283616961007,-0.9760066114823616],[-80.70259599254481,-0.9759252036309364],[-80.70244892209256,-0.9759480102027425]]]}},{"type":"Feature","properties":{"name":"Floreana","clave_catastral":"05","clave_parroquia":"05","descripcion":"Floreana","layer":"barrios"},"geometry":{"type":"Polygon","coordinates":[[[-80.69932987466014,-0.9755262445613795],[-80.69863539120752,-0.976401518422037],[-80.69832546894207,-0.9771083714290825],[-80.69825930645356,-0.9772699501208137],[-80.69792670097219,-0.978082365307472],[-80.69794948308761,-0.978097686928507],[-80.69803433566248,-0.9781547505333066],[-80.69822236789426,-0.978281202535996],[-80.69905645655423,-0.9788421304813683],[-80.69948884067631,-0.9791329100083743],[-80.69954123445628,-0.9791681443836779],[-80.69956501918786,-0.979117878687461],[-80.69955100740272,-0.9790730804009512],[-80.69958291560587,-0.9790611319776588],[-80.69960155449051,-0.9790541528682725],[-80.69973425978584,-0.9790703664905748],[-80.6998138607206,-0.9790674478124686],[-80.69976155625211,-0.9789274093127744],[-80.6997568092088,-0.9788220845368301],[-80.69980081576024,-0.9786820556200269],[-80.699817210423,-0.9786642287589018],[-80.69988655357935,-0.9785888269064174],[-80.69997229049473,-0.9784955990937476],[-80.70004459247782,-0.9783998567666855],[-80.70008465202703,-0.9783349994537502],[-80.70013211689117,-0.9782581553155866],[-80.70021964083539,-0.9781317743249218],[-80.70035852974135,-0.9780168869375389],[-80.70054307508745,-0.9779268996239382],[-80.70064390962918,-0.9778771185196291],[-80.7007409415642,-0.9777947826632526],[-80.70075850213753,-0.977754551504475],[-80.70083037516578,-0.9775898878207414],[-80.70096319446432,-0.9771703628633759],[-80.70096738940072,-0.9771571127638765],[-80.70103988504036,-0.9768932587386701],[-80.70105683272469,-0.9768315730774049],[-80.70105946618274,-0.9768112651455566],[-80.70106698790677,-0.9767532644544303],[-80.70106825606784,-0.9767434845843327],[-80.70106690272809,-0.9766085044040267],[-80.70103769533688,-0.9766043460582239],[-80.70087644320657,-0.9765539464913076],[-80.70076021965559,-0.9764927909326246],[-80.70006637678058,-0.976005296456492],[-80.69932987466014,-0.9755262445613795]]]}},{"type":"Feature","properties":{"name":"Centenario","clave_catastral":"01","clave_parroquia":"01","descripcion":"Centenario","layer":"barrios"},"geometry":{"type":"Polygon","coordinates":[[[-80.69975110636766,-0.9734510660126858],[-80.70015221360202,-0.9724625365446116],[-80.70057923908314,-0.971360253849312],[-80.70110421784145,-0.9700853462617687],[-80.70119421106389,-0.9699004971808591],[-80.70130899214406,-0.9697038953156037],[-80.7015715949936,-0.9693585141821331],[-80.70163633922319,-0.96927780474347],[-80.70229755771122,-0.9684739476224138],[-80.70263859374619,-0.9680611067526996],[-80.70284321528035,-0.9678097873161136],[-80.70124384200884,-0.9665561396107165],[-80.70079094300753,-0.9662055689316986],[-80.7005908606694,-0.9660531915272657],[-80.70034559581167,-0.9658643726564691],[-80.69975158887104,-0.9653913830688482],[-80.69939600992723,-0.9662202696751336],[-80.69934057475737,-0.9665024810208536],[-80.6993531462454,-0.9667872560566765],[-80.69940519229011,-0.9671262054016694],[-80.6994052047296,-0.9671278375109155],[-80.69940527048556,-0.9671364133221232],[-80.69940833765813,-0.9675392810287207],[-80.69940639838144,-0.9679237373122476],[-80.69940459562274,-0.9688906128325669],[-80.69939626935748,-0.9689299862446745],[-80.69935608786696,-0.9691258048671186],[-80.69935118881298,-0.9691433523056219],[-80.69931044454836,-0.9692896114247986],[-80.69906845981441,-0.9698584789645394],[-80.69875424535542,-0.9706015702282258],[-80.69825684696391,-0.9717235934540724],[-80.6984542279084,-0.9718020455598547],[-80.69845095298616,-0.971880070700422],[-80.69845000033858,-0.9719299467113557],[-80.69844927524666,-0.9719678642046716],[-80.69844825849096,-0.9720210496614641],[-80.6984477293451,-0.9720487212619844],[-80.69844597665774,-0.9721404231331121],[-80.69844537075893,-0.9721721008098144],[-80.69844355125296,-0.9722672623093729],[-80.69826634416157,-0.9722133451966073],[-80.69814186723778,-0.9725146668916267],[-80.69809633998281,-0.9726248735011183],[-80.6980945546001,-0.972629196073953],[-80.69807060224248,-0.9726952870482108],[-80.6983692699505,-0.9728830678597689],[-80.69846385082876,-0.9729211983925978],[-80.69890044306676,-0.9731032828166235],[-80.69975110636766,-0.9734510660126858]]]}},{"type":"Feature","properties":{"name":"La Gulf","clave_catastral":"05","clave_parroquia":"05","descripcion":"La Gulf","layer":"barrios"},"geometry":{"type":"Polygon","coordinates":[[[-80.69932987466014,-0.9755262445613795],[-80.70006637678058,-0.976005296456492],[-80.70076021965559,-0.9764927909326246],[-80.70087644320657,-0.9765539464913076],[-80.70103769533688,-0.9766043460582239],[-80.70106690272809,-0.9766085044040267],[-80.70106330512333,-0.9762494176424497],[-80.70107730174652,-0.9762218874718087],[-80.70108946811115,-0.9761979551941664],[-80.70113227894636,-0.9761417055710098],[-80.70124048435338,-0.97609264433774],[-80.7013333531292,-0.9760802797391648],[-80.70148304959659,-0.9760603504532667],[-80.70159970375661,-0.9760508034489561],[-80.7019943356282,-0.9760185059117532],[-80.70229516453603,-0.9759718547862094],[-80.70244892209256,-0.9759480102027425],[-80.70239952762903,-0.9758815046213414],[-80.70236697887935,-0.9758393989332461],[-80.70158462447611,-0.9748087522543045],[-80.70071356776542,-0.9737795261555249],[-80.70067361294133,-0.9738299442350921],[-80.70015573272435,-0.9744834296647155],[-80.70011023531221,-0.9745408795951818],[-80.69932987466014,-0.9755262445613795]]]}},{"type":"Feature","properties":{"name":"Santa Clara 1","clave_catastral":"05","clave_parroquia":"05","descripcion":"Santa Clara 1","layer":"barrios"},"geometry":{"type":"Polygon","coordinates":[[[-80.70129234526348,-0.9730555197375567],[-80.70200439129292,-0.9738002380279909],[-80.70235320553027,-0.9741741376951722],[-80.70271036477814,-0.9745519844635879],[-80.70278128106214,-0.9746360760181858],[-80.7028289657713,-0.9747080839824349],[-80.7030840749169,-0.9751092596850128],[-80.70331783834519,-0.9754658436900171],[-80.70348606315822,-0.975705335273517],[-80.70352366776143,-0.9757356719455146],[-80.70358584331252,-0.9757686561875829],[-80.70363761248852,-0.9755877798920095],[-80.70364208492948,-0.9754330846134707],[-80.70364655646904,-0.9752783902392537],[-80.70360844490625,-0.9751766180101384],[-80.70357820402529,-0.9750958621396535],[-80.70344443004527,-0.9747110227654474],[-80.70343258425348,-0.9746769455668556],[-80.70342963183836,-0.9744495402775187],[-80.70345639405524,-0.9743388324845483],[-80.70348315716812,-0.9742281246908534],[-80.70355749276493,-0.9739797820548688],[-80.70360600548423,-0.9738821393857079],[-80.70369128254109,-0.9737104986756009],[-80.70379831207467,-0.9735190094973091],[-80.70384587774845,-0.9734591703191029],[-80.70389641465074,-0.9734322449918693],[-80.70397370213938,-0.973417291427765],[-80.70410746942652,-0.9734053338430897],[-80.70439635999074,-0.9733733721818538],[-80.70440472961825,-0.9733724464904014],[-80.70448756901452,-0.9733643774164165],[-80.70442513909998,-0.9733033587003065],[-80.70376975051938,-0.9727641042177311],[-80.70326876116805,-0.9723361344183843],[-80.70243711934745,-0.971630495884753],[-80.70215884766094,-0.9719762710243458],[-80.70212591686764,-0.9720171902357749],[-80.70176017062047,-0.9724716583254747],[-80.70129234526348,-0.9730555197375567]]]}},{"type":"Feature","properties":{"name":"Simon Bolivar","clave_catastral":"05","clave_parroquia":"05","descripcion":"Simon Bolivar","layer":"barrios"},"geometry":{"type":"Polygon","coordinates":[[[-80.70071356776542,-0.9737795261555249],[-80.70158462447611,-0.9748087522543045],[-80.70236697887935,-0.9758393989332461],[-80.70239952762903,-0.9758815046213414],[-80.70244892209256,-0.9759480102027425],[-80.70259599254481,-0.9759252036309364],[-80.70283616961007,-0.9760066114823616],[-80.70300500290567,-0.9761023762586092],[-80.70320713394948,-0.9761550559584293],[-80.70333079499233,-0.9761263421911792],[-80.70343781291929,-0.9760689021914573],[-80.70355197545462,-0.9758869892039712],[-80.70358584331252,-0.9757686561875829],[-80.70352366776143,-0.9757356719455146],[-80.70348606315822,-0.975705335273517],[-80.70331783834519,-0.9754658436900171],[-80.7030840749169,-0.9751092596850128],[-80.7028289657713,-0.9747080839824349],[-80.70278128106214,-0.9746360760181858],[-80.70271036477814,-0.9745519844635879],[-80.70235320553027,-0.9741741376951722],[-80.70200439129292,-0.9738002380279909],[-80.70129234526348,-0.9730555197375567],[-80.70071356776542,-0.9737795261555249]]]}},{"type":"Feature","properties":{"name":"Las Brisas","clave_catastral":"01","clave_parroquia":"01","descripcion":"Las Brisas","layer":"barrios"},"geometry":{"type":"Polygon","coordinates":[[[-80.69975158887104,-0.9653913830688482],[-80.70034559581167,-0.9658643726564691],[-80.7005908606694,-0.9660531915272657],[-80.70079094300753,-0.9662055689316986],[-80.70124384200884,-0.9665561396107165],[-80.70284321528035,-0.9678097873161136],[-80.70369715809574,-0.9667660068190571],[-80.7037404008286,-0.9667123048291728],[-80.7040165760314,-0.9663745187337582],[-80.70425454892124,-0.9660898876886392],[-80.70446548701123,-0.965837248648711],[-80.70457842104734,-0.9656992801886304],[-80.70356667860271,-0.9647474034277792],[-80.70344258828264,-0.9648395315971356],[-80.70328734529541,-0.9648973917892079],[-80.70312864998226,-0.9649249907092924],[-80.7030097418202,-0.9649266811303647],[-80.70283381329394,-0.9648798049689304],[-80.70259541782603,-0.9647524695775616],[-80.7025589646298,-0.9647329977754566],[-80.70195997672634,-0.9643483744733174],[-80.70181747365622,-0.9643079717501308],[-80.70149657892362,-0.9641339058556042],[-80.70125053000454,-0.9640006917827861],[-80.70095077148005,-0.9638240755152481],[-80.700546157127,-0.9636015093623628],[-80.70033948284355,-0.9640703250344131],[-80.7002002267634,-0.9643733881451055],[-80.70014892041458,-0.9644953456907642],[-80.7000538745765,-0.964719076321643],[-80.69995492521903,-0.9649435231344086],[-80.69991143677319,-0.9650420166425988],[-80.69975158887104,-0.9653913830688482]]]}},{"type":"Feature","properties":{"name":"Santa Elena","clave_catastral":"05","clave_parroquia":"05","descripcion":"Santa Elena","layer":"barrios"},"geometry":{"type":"Polygon","coordinates":[[[-80.70243711934745,-0.971630495884753],[-80.70326876116805,-0.9723361344183843],[-80.70376975051938,-0.9727641042177311],[-80.70442513909998,-0.9733033587003065],[-80.70448756901452,-0.9733643774164165],[-80.70458903018545,-0.9733545095471641],[-80.7046841543226,-0.9733380611363316],[-80.70477927756082,-0.9733216127224154],[-80.70494574782869,-0.973252807396662],[-80.70509141316782,-0.9731391181394997],[-80.7051270851859,-0.973130144679203],[-80.70516869947302,-0.9731481015384134],[-80.70510266083927,-0.9730540820931849],[-80.70512549363546,-0.9730138694449124],[-80.70518543900918,-0.9728013115293379],[-80.70521878936576,-0.9726896724206711],[-80.70528981900642,-0.9724519046376088],[-80.70537427289699,-0.9722150916001339],[-80.70540020277356,-0.9721143066251869],[-80.70541522393908,-0.9720559229551496],[-80.7054466251747,-0.9719295358806619],[-80.70546804351689,-0.9717514442726554],[-80.70546258258403,-0.9716566303849418],[-80.7054552208679,-0.9715288258349517],[-80.70542158377826,-0.9714334666451805],[-80.7053822398686,-0.9713219288103686],[-80.70532960300885,-0.9712292079172187],[-80.70527790849528,-0.9711421207777562],[-80.70524487767278,-0.9710827738907142],[-80.70523357623584,-0.9710624683416427],[-80.70523297147244,-0.9710610487880302],[-80.7051892460937,-0.9709583930781349],[-80.70516068360628,-0.9708835605474775],[-80.7050652575343,-0.9706615509769847],[-80.70505637010224,-0.9706429691252367],[-80.70504865178546,-0.9706268310159486],[-80.7050065788258,-0.9704776721088564],[-80.70500987555317,-0.9703639739365572],[-80.7050115820629,-0.9703051095989963],[-80.70501873268175,-0.9701097818908693],[-80.7050363764879,-0.970061980017789],[-80.70507439256811,-0.969958981355802],[-80.70514003968529,-0.9698096183839766],[-80.70518842393894,-0.9697304906735695],[-80.70520853722526,-0.969697596936669],[-80.7052509699051,-0.969636694221066],[-80.70527156015899,-0.9696071416441043],[-80.70497186568467,-0.9693883223031037],[-80.70448982737886,-0.9690446197551665],[-80.70422905859405,-0.9693755077886125],[-80.703183301881,-0.9707033043922025],[-80.70243711934745,-0.971630495884753]]]}},{"type":"Feature","properties":{"name":"San Agustin","clave_catastral":"01","clave_parroquia":"01","descripcion":"San Agustin","layer":"barrios"},"geometry":{"type":"Polygon","coordinates":[[[-80.69908389541611,-0.9617875574888899],[-80.69895812313732,-0.9618841193563554],[-80.69823806921755,-0.9623622132321543],[-80.69819125817757,-0.962396940212983],[-80.69778887204073,-0.9626985783318388],[-80.6974973505807,-0.9630499503865623],[-80.69747978192588,-0.9630708007141919],[-80.69717423387682,-0.9634428885603796],[-80.69714410581523,-0.9634187929189579],[-80.69682608930721,-0.9637559235334124],[-80.6967534064028,-0.9638234984052474],[-80.69646966790721,-0.9640872963010025],[-80.6963367972975,-0.9641585117635713],[-80.69637431357931,-0.9641894817510064],[-80.69640370091919,-0.9645585976670219],[-80.69645694620466,-0.9652448694779423],[-80.69647599202086,-0.9653221121006226],[-80.69652589612167,-0.9653755916334176],[-80.69686539056133,-0.9657168086289687],[-80.6969801204288,-0.965844665255915],[-80.69723868862103,-0.9660975484506338],[-80.69749719193194,-0.9663426121702514],[-80.69758074372692,-0.9663893853381467],[-80.69807352906084,-0.9666652511764653],[-80.69836176845146,-0.966834234512291],[-80.6986217218056,-0.9669756938384494],[-80.69888941995315,-0.9670061026420171],[-80.6989977376733,-0.9670558382283474],[-80.69940519229011,-0.9671262054016694],[-80.6993531462454,-0.9667872560566765],[-80.69934057475737,-0.9665024810208536],[-80.69939600992723,-0.9662202696751336],[-80.69975158887104,-0.9653913830688482],[-80.69991143677319,-0.9650420166425988],[-80.69995492521903,-0.9649435231344086],[-80.7000538745765,-0.964719076321643],[-80.70014892041458,-0.9644953456907642],[-80.7002002267634,-0.9643733881451055],[-80.70033948284355,-0.9640703250344131],[-80.700546157127,-0.9636015093623628],[-80.70052323589381,-0.9635881623122486],[-80.69984762048504,-0.9631184129497825],[-80.6998067049057,-0.9628201733767412],[-80.69930464351262,-0.9629125600882985],[-80.69923238846589,-0.9624674984111152],[-80.6991732264985,-0.9620688236064154],[-80.6991199146901,-0.9617528575788015],[-80.69908389541611,-0.9617875574888899]]]}},{"type":"Feature","properties":{"name":"Lorena","clave_catastral":"05","clave_parroquia":"05","descripcion":"Lorena","layer":"barrios"},"geometry":{"type":"Polygon","coordinates":[[[-80.6993539759573,-0.9880717061135869],[-80.70002247946574,-0.9865228756170694],[-80.70028127888233,-0.985934845305664],[-80.70046082467542,-0.9855537869453174],[-80.70066626805387,-0.9850745275721806],[-80.70069705726988,-0.9850027040267264],[-80.70004976920585,-0.9848492770558579],[-80.69954697683545,-0.98475545764623],[-80.69942221311368,-0.9847287526752241],[-80.69942584662597,-0.9847021371602408],[-80.69968680094863,-0.9838656792462502],[-80.6998113659085,-0.9834610326863782],[-80.69988325019038,-0.983303956936581],[-80.70013108658871,-0.9828573888042058],[-80.69978652416795,-0.9827362071026187],[-80.69945310881134,-0.9835578121057152],[-80.6990499896406,-0.9845634806151367],[-80.69892282166624,-0.9848573036651231],[-80.69880269262207,-0.9851355345611523],[-80.69871812090581,-0.9853620433496673],[-80.69863245144737,-0.9855918768638361],[-80.69853438186773,-0.9858354627357641],[-80.6983418581133,-0.9863101831550125],[-80.69787488008346,-0.9873969261404768],[-80.6993539759573,-0.9880717061135869]]]}},{"type":"Feature","properties":{"name":"La Aurora","clave_catastral":"05","clave_parroquia":"05","descripcion":"La Aurora","layer":"barrios"},"geometry":{"type":"Polygon","coordinates":[[[-80.69778209324349,-0.9784355804950025],[-80.6977635695782,-0.9784808254748469],[-80.69755036092836,-0.9790006143526568],[-80.69742173158345,-0.9793142056048652],[-80.69730347934322,-0.979603956276506],[-80.69705967564751,-0.9802053543752294],[-80.69681673908724,-0.9808046131559109],[-80.69657017639003,-0.981413244591792],[-80.69673158783506,-0.9814799619539086],[-80.69754006464538,-0.9818219920588973],[-80.69844425985082,-0.9821909867273888],[-80.69935733693946,-0.9825729040759228],[-80.69978652416795,-0.9827362071026187],[-80.70013108658871,-0.9828573888042058],[-80.70021801360726,-0.9827242785207773],[-80.70028996024668,-0.9826334994579469],[-80.70037922824417,-0.9825448435154841],[-80.70042415179113,-0.9825140980740626],[-80.70062154195914,-0.9823850680577948],[-80.70081908473615,-0.9822984086167851],[-80.70055313817008,-0.9818924683079189],[-80.70044085828623,-0.9816793124610399],[-80.70041866495099,-0.9815939564465167],[-80.70039609212454,-0.9815071418251479],[-80.70029724224737,-0.9809985946199618],[-80.70047934945936,-0.9809377661481022],[-80.70053562113507,-0.9809172242056688],[-80.70050869354876,-0.9808233140407054],[-80.70044213033589,-0.9805647844668924],[-80.70042787593113,-0.9804079940445973],[-80.70043026541259,-0.9802811258975197],[-80.70045126663105,-0.9802202123372012],[-80.70047070264664,-0.9801638366924976],[-80.70055158257175,-0.9798777925882689],[-80.70062228219084,-0.9796992975200567],[-80.70067110528379,-0.9795905559168148],[-80.70066992414547,-0.9795007907648455],[-80.70063426097465,-0.9794194001859466],[-80.70057838135659,-0.9793571579191678],[-80.70049277442175,-0.9793224416857242],[-80.70035722648423,-0.9793032793633785],[-80.70021573233956,-0.9793020696901351],[-80.70009683052301,-0.9792876966146338],[-80.69997079701251,-0.9792505828501561],[-80.69989351674334,-0.9791727793389953],[-80.6998138607206,-0.9790674478124686],[-80.69973425978584,-0.9790703664905748],[-80.69960155449051,-0.9790541528682725],[-80.69958291560587,-0.9790611319776588],[-80.69955100740272,-0.9790730804009512],[-80.69956501918786,-0.979117878687461],[-80.69954123445628,-0.9791681443836779],[-80.69948884067631,-0.9791329100083743],[-80.69905645655423,-0.9788421304813683],[-80.69822236789426,-0.978281202535996],[-80.69803433566248,-0.9781547505333066],[-80.69794948308761,-0.978097686928507],[-80.69792670097219,-0.978082365307472],[-80.69778209324349,-0.9784355804950025]]]}},{"type":"Feature","properties":{"name":"Jipijapa","clave_catastral":"05","clave_parroquia":"05","descripcion":"Jipijapa","layer":"barrios"},"geometry":{"type":"Polygon","coordinates":[[[-80.70412974086206,-0.9901404517114827],[-80.70376509594998,-0.9903104083429071],[-80.70361606777456,-0.9903574388723513],[-80.70342452848989,-0.9903828532082456],[-80.70340334108998,-0.99039388160314],[-80.70339384343083,-0.9904049110507458],[-80.70338653612102,-0.9904262363689185],[-80.70336419691208,-0.990543424993234],[-80.70334172838538,-0.9907199946695329],[-80.70329257422993,-0.9912238983014134],[-80.70326106053076,-0.9916591997753273],[-80.70324144146898,-0.9919634541432032],[-80.70318451703156,-0.9927697852756978],[-80.70281315339959,-0.9935514782531812],[-80.70393206518128,-0.9940524063526368],[-80.70435563334625,-0.9942526845490107],[-80.70503222777039,-0.9946510170730107],[-80.70518365517489,-0.9947339298717566],[-80.70547663866621,-0.994877823332871],[-80.70561972884913,-0.994118742753983],[-80.70562501985758,-0.9940906734908452],[-80.7053327485067,-0.9940657096454403],[-80.70526164022327,-0.9940549651770568],[-80.7051837850493,-0.9940399498387649],[-80.70510975022864,-0.9940197010567573],[-80.70503530051309,-0.9939955293850317],[-80.70499103826047,-0.9939762838937298],[-80.70494343196961,-0.9939526981758888],[-80.70489138846958,-0.9939172828894982],[-80.70423801131967,-0.9934751198663889],[-80.70451637300263,-0.9929108261846551],[-80.70458715746933,-0.9926611432974681],[-80.7043975746464,-0.992595856531068],[-80.7042881912992,-0.9925125449151438],[-80.70419117848705,-0.9923641246774224],[-80.704182894735,-0.9923185162677441],[-80.70417453462211,-0.9922724934910292],[-80.70416265564434,-0.9922070931794167],[-80.70415600492879,-0.9921218755232389],[-80.70415626649412,-0.9918585650436995],[-80.70438217971532,-0.9918909009312245],[-80.70450973093044,-0.9918671717294529],[-80.70508322513642,-0.9917046311692843],[-80.70503807009823,-0.9914857508453849],[-80.70491029131186,-0.9910039153819667],[-80.70489517327013,-0.9909005775472225],[-80.70475822858562,-0.9905455886154327],[-80.70469174384202,-0.9904022131239572],[-80.70451512556643,-0.9900102170736744],[-80.7044185455403,-0.9900497110481012],[-80.7043984198701,-0.9900579412580299],[-80.70429778253904,-0.9900888463898667],[-80.70419714520686,-0.9901197524228564],[-80.70412974086206,-0.9901404517114827]]]}},{"type":"Feature","properties":{"name":"Horacio Hidrovo","clave_catastral":"05","clave_parroquia":"05","descripcion":"Horacio Hidrovo","layer":"barrios"},"geometry":{"type":"Polygon","coordinates":[[[-80.70122288370891,-0.988991483873221],[-80.70155988959964,-0.9892012537216317],[-80.70231805030674,-0.9897393109483801],[-80.7024093212195,-0.9897997949586284],[-80.70252500416804,-0.9898822549231312],[-80.70267535583841,-0.9899707361877432],[-80.70273089275136,-0.98999744480885],[-80.70288839273378,-0.9900637575408808],[-80.70311652794553,-0.9901328930165931],[-80.7031989142146,-0.990153800295559],[-80.70331539718013,-0.9901750245807932],[-80.70351911529836,-0.9901983755617607],[-80.7037200711899,-0.9901939813420597],[-80.7039718549785,-0.9901684068367729],[-80.70397717949396,-0.9901678662948256],[-80.70407883292725,-0.990152045604148],[-80.70412974086206,-0.9901404517114827],[-80.70419714520686,-0.9901197524228564],[-80.70429778253904,-0.9900888463898667],[-80.7043984198701,-0.9900579412580299],[-80.7044185455403,-0.9900497110481012],[-80.70451512556643,-0.9900102170736744],[-80.70477949537613,-0.9898725127777652],[-80.705172006038,-0.9896450870680269],[-80.70552870318392,-0.9894351905305996],[-80.70549970632368,-0.9893791685937571],[-80.70538854321158,-0.9891337811473875],[-80.7053912248972,-0.9890690362422419],[-80.70538906748723,-0.9890089979490995],[-80.70533796128193,-0.9889504389714574],[-80.70529992999164,-0.9889097283797953],[-80.7052584941332,-0.9888389713390922],[-80.70526250174572,-0.9887465324013078],[-80.70525778544898,-0.9885907787143965],[-80.70519295911271,-0.9884042224766745],[-80.70517589482246,-0.9882121800557258],[-80.70516734784958,-0.9880527564631763],[-80.70514505530616,-0.9879068164442231],[-80.70513597552134,-0.9878473712280993],[-80.70514169439193,-0.9877166736623907],[-80.70515928474133,-0.9875838067411422],[-80.70518452027757,-0.9874811345142263],[-80.70521020335525,-0.9874811368066503],[-80.70529866754295,-0.9874782722259994],[-80.70537286297518,-0.9874797146307374],[-80.70548701264381,-0.9874495642726941],[-80.705538383111,-0.9874107899831159],[-80.70557548468081,-0.987367706159816],[-80.70559689450249,-0.9872800971166242],[-80.70560609639521,-0.9871776080149459],[-80.70560857050553,-0.9871500541849088],[-80.70560689582544,-0.9871321650732057],[-80.70559120647823,-0.9870603517906035],[-80.70557694568113,-0.9869741762584994],[-80.70553700218908,-0.986883689272787],[-80.7054826571839,-0.9868354331771059],[-80.70528964951455,-0.9867274525171155],[-80.705251372206,-0.9867106430878749],[-80.70506611971032,-0.9866292889206533],[-80.7048925216601,-0.9866220926918173],[-80.70476648130092,-0.9866484123090659],[-80.70464282448471,-0.986624464271216],[-80.70450965989262,-0.9865430649724943],[-80.70441216810968,-0.9864353388936564],[-80.70427856241771,-0.9863008281648007],[-80.70421719291,-0.9861456791681035],[-80.70420201339353,-0.9860615988828414],[-80.70418069724724,-0.9860754753282777],[-80.7040309197437,-0.9861729740863865],[-80.70345272265521,-0.9865241757525212],[-80.70342403829201,-0.9865774202679204],[-80.70322840722369,-0.9868642557325558],[-80.70303491062022,-0.987179046757646],[-80.7027440384952,-0.987613222046889],[-80.70265441770262,-0.9876785033415983],[-80.70244859529203,-0.9879748594989053],[-80.70250351039611,-0.988064797172342],[-80.70250331807749,-0.9880645320730963],[-80.70219292670012,-0.9884561311764201],[-80.70214540638071,-0.9883876363723373],[-80.70160015165598,-0.9879772639422413],[-80.70152270144925,-0.9881988867577434],[-80.70122288370891,-0.988991483873221]]]}},{"type":"Feature","properties":{"name":"Las Colinas","clave_catastral":"05","clave_parroquia":"05","descripcion":"Las Colinas","layer":"barrios"},"geometry":{"type":"Polygon","coordinates":[[[-80.70069705726988,-0.9850027040267264],[-80.70102338022109,-0.9842921901395414],[-80.70131573322344,-0.9836103752403175],[-80.70135413760872,-0.983501223769963],[-80.70135709330981,-0.9834858637623398],[-80.7013531805329,-0.9834693143389046],[-80.70134093204362,-0.9834459941725129],[-80.70132833448564,-0.9834264629266869],[-80.70130792781289,-0.9834012403118635],[-80.70081706933756,-0.9832067232798635],[-80.70013108658871,-0.9828573888042058],[-80.69988325019038,-0.983303956936581],[-80.6998113659085,-0.9834610326863782],[-80.69968680094863,-0.9838656792462502],[-80.69942584662597,-0.9847021371602408],[-80.69942221311368,-0.9847287526752241],[-80.69954697683545,-0.98475545764623],[-80.70004976920585,-0.9848492770558579],[-80.70069705726988,-0.9850027040267264]]]}},{"type":"Feature","properties":{"name":"Amazonas","clave_catastral":"05","clave_parroquia":"05","descripcion":"Amazonas","layer":"barrios"},"geometry":{"type":"Polygon","coordinates":[[[-80.7042408972483,-0.9810666613003747],[-80.70374285319029,-0.9813025308379935],[-80.7037205803457,-0.9812292024821403],[-80.70319660521137,-0.9814268703892566],[-80.70313857445893,-0.9812239732797678],[-80.7030729647908,-0.9812466943823211],[-80.70301969419174,-0.9812773296559385],[-80.7029569104233,-0.9813117937429752],[-80.70288651842746,-0.9813251926348272],[-80.70279710352807,-0.9813175244059096],[-80.70271910505144,-0.9813002825816568],[-80.70260496177401,-0.9812504831101023],[-80.702494338721,-0.9812352142628384],[-80.70250859765736,-0.9813417368521299],[-80.70252285659376,-0.9814482585368438],[-80.70251863881761,-0.9816385616423418],[-80.70251330658468,-0.9818791297879272],[-80.70245859716383,-0.9820299302594719],[-80.70238249031841,-0.9821280670773972],[-80.70224931388003,-0.9821831107514641],[-80.70161959034206,-0.9823240452229669],[-80.70144693890853,-0.9823685526028783],[-80.70138843427866,-0.9824231243542414],[-80.70137844215887,-0.982466211475625],[-80.70140697146404,-0.9825495157986097],[-80.70153964947454,-0.9827534734135668],[-80.70157832696923,-0.982825791839332],[-80.70159956660956,-0.9828655053038063],[-80.70166233028039,-0.9830579676387714],[-80.70167886898022,-0.9831086811918937],[-80.70172509485427,-0.983250429069912],[-80.70176075812053,-0.9833312207336462],[-80.70177651800108,-0.9833669231631461],[-80.70197013168053,-0.983306460276907],[-80.70213184509142,-0.9832490244079537],[-80.70224789733892,-0.9832088201833358],[-80.70236394709188,-0.9832069162181796],[-80.70243813868785,-0.9832605417975487],[-80.7024628629527,-0.9833390589252389],[-80.70248188145291,-0.9834099153072771],[-80.7025351350223,-0.9835822685631542],[-80.70265497464054,-0.9837469684630094],[-80.70268721603794,-0.9837994032908597],[-80.7027786165442,-0.9839480527793681],[-80.70284898956794,-0.9841395577052908],[-80.70289082914802,-0.9843042506108901],[-80.70275838270625,-0.9843460882004252],[-80.70280019226335,-0.9844336078865438],[-80.70280329369162,-0.9845589358192655],[-80.70287367592597,-0.9846566062734468],[-80.70295166961273,-0.9847389578463178],[-80.70302230365135,-0.9848249547658412],[-80.70303346637496,-0.984838544608067],[-80.70308291786937,-0.9849725981662659],[-80.7031195793357,-0.9851290405009934],[-80.7035758332109,-0.9848885977851723],[-80.703964151551,-0.9847002307320595],[-80.70430268093689,-0.9845766470754712],[-80.70443243984795,-0.984535982302404],[-80.70484357682763,-0.9844021666347516],[-80.70531603030214,-0.9841852907159989],[-80.70535648543712,-0.9841660872209843],[-80.70523278941299,-0.9837982590575649],[-80.70493888490921,-0.9830367057890612],[-80.70460374177611,-0.9820630760535636],[-80.7042408972483,-0.9810666613003747]]]}},{"type":"Feature","properties":{"name":"1 De Mayo","clave_catastral":"05","clave_parroquia":"05","descripcion":"1 De Mayo","layer":"barrios"},"geometry":{"type":"Polygon","coordinates":[[[-80.70062228219084,-0.9796992975200567],[-80.70055158257175,-0.9798777925882689],[-80.70047070264664,-0.9801638366924976],[-80.70045126663105,-0.9802202123372012],[-80.70043026541259,-0.9802811258975197],[-80.70042787593113,-0.9804079940445973],[-80.70044213033589,-0.9805647844668924],[-80.70050869354876,-0.9808233140407054],[-80.70053562113507,-0.9809172242056688],[-80.70060616352666,-0.9811632328665354],[-80.70070601097721,-0.9815115295818372],[-80.70076545267241,-0.9816228439897258],[-80.70084154603043,-0.9816767095078092],[-80.70093904571482,-0.981682702984088],[-80.70100682188462,-0.9816731335669431],[-80.7010615195072,-0.9816456106857316],[-80.7011292982843,-0.9815965449703725],[-80.70121016144938,-0.9814996064605026],[-80.70124346995422,-0.9813260640548549],[-80.70125062087722,-0.9811321722265944],[-80.70130056796185,-0.9810483954587995],[-80.7014099631811,-0.980993349677604],[-80.70159308028354,-0.9809263420163745],[-80.70186655935966,-0.9809000347795803],[-80.70218997470761,-0.9809120331611751],[-80.70234692443807,-0.9809455588164155],[-80.70238615994171,-0.9809706971604727],[-80.7024367598996,-0.981035293014429],[-80.702494338721,-0.9812352142628384],[-80.70260496177401,-0.9812504831101023],[-80.70271910505144,-0.9813002825816568],[-80.70279710352807,-0.9813175244059096],[-80.70288651842746,-0.9813251926348272],[-80.7029569104233,-0.9813117937429752],[-80.70301969419174,-0.9812773296559385],[-80.7030729647908,-0.9812466943823211],[-80.70313857445893,-0.9812239732797678],[-80.70319660521137,-0.9814268703892566],[-80.7037205803457,-0.9812292024821403],[-80.70374285319029,-0.9813025308379935],[-80.7042408972483,-0.9810666613003747],[-80.70397124960803,-0.9803776042643619],[-80.70370193630028,-0.9798900210631274],[-80.70418900175217,-0.9796846550649292],[-80.70430711165396,-0.9796392578319626],[-80.70477931750213,-0.9794171728065777],[-80.70443272816254,-0.9783736482612538],[-80.70396175107074,-0.9785860773457955],[-80.70352471758463,-0.9787594373728155],[-80.70352022526123,-0.9787612192646975],[-80.70310833498924,-0.9789503389076373],[-80.70309550833366,-0.9789296939435559],[-80.70263076264062,-0.9791604538051786],[-80.7021502005557,-0.979363878875148],[-80.70216265957738,-0.9793847680820987],[-80.7017466260028,-0.9796422782685852],[-80.70165246592478,-0.9797012998609347],[-80.7014969610576,-0.9797847650040977],[-80.70139286481823,-0.9797930012525171],[-80.70135129985167,-0.9798165083873158],[-80.70119731308235,-0.9799197444147579],[-80.70117735803018,-0.9798898725087781],[-80.70115800149497,-0.979860897230381],[-80.70108888808936,-0.9797574394267768],[-80.7009262213918,-0.9798435990448837],[-80.70072622863715,-0.9797280442747365],[-80.70068355074409,-0.9797033851092606],[-80.70062228219084,-0.9796992975200567]]]}},{"type":"Feature","properties":{"name":"Progreso","clave_catastral":"05","clave_parroquia":"05","descripcion":"Progreso","layer":"barrios"},"geometry":{"type":"Polygon","coordinates":[[[-80.70053562113507,-0.9809172242056688],[-80.70047934945936,-0.9809377661481022],[-80.70029724224737,-0.9809985946199618],[-80.70039609212454,-0.9815071418251479],[-80.70041866495099,-0.9815939564465167],[-80.70044085828623,-0.9816793124610399],[-80.70055313817008,-0.9818924683079189],[-80.70081908473615,-0.9822984086167851],[-80.70062154195914,-0.9823850680577948],[-80.70042415179113,-0.9825140980740626],[-80.70037922824417,-0.9825448435154841],[-80.70028996024668,-0.9826334994579469],[-80.70021801360726,-0.9827242785207773],[-80.70013108658871,-0.9828573888042058],[-80.70081706933756,-0.9832067232798635],[-80.70098500350116,-0.9830300052108356],[-80.70107989671385,-0.9829653500684401],[-80.70115459999043,-0.982924600232522],[-80.70133849283759,-0.9828883059998788],[-80.70142357109489,-0.9828351045744625],[-80.70153406211158,-0.9828295414614558],[-80.70157832696923,-0.982825791839332],[-80.70153964947454,-0.9827534734135668],[-80.70140697146404,-0.9825495157986097],[-80.70137844215887,-0.982466211475625],[-80.70138843427866,-0.9824231243542414],[-80.70144693890853,-0.9823685526028783],[-80.70161959034206,-0.9823240452229669],[-80.70224931388003,-0.9821831107514641],[-80.70238249031841,-0.9821280670773972],[-80.70245859716383,-0.9820299302594719],[-80.70251330658468,-0.9818791297879272],[-80.70251863881761,-0.9816385616423418],[-80.70252285659376,-0.9814482585368438],[-80.70250859765736,-0.9813417368521299],[-80.702494338721,-0.9812352142628384],[-80.7024367598996,-0.981035293014429],[-80.70238615994171,-0.9809706971604727],[-80.70234692443807,-0.9809455588164155],[-80.70218997470761,-0.9809120331611751],[-80.70186655935966,-0.9809000347795803],[-80.70159308028354,-0.9809263420163745],[-80.7014099631811,-0.980993349677604],[-80.70130056796185,-0.9810483954587995],[-80.70125062087722,-0.9811321722265944],[-80.70124346995422,-0.9813260640548549],[-80.70121016144938,-0.9814996064605026],[-80.7011292982843,-0.9815965449703725],[-80.7010615195072,-0.9816456106857316],[-80.70100682188462,-0.9816731335669431],[-80.70093904571482,-0.981682702984088],[-80.70084154603043,-0.9816767095078092],[-80.70076545267241,-0.9816228439897258],[-80.70070601097721,-0.9815115295818372],[-80.70060616352666,-0.9811632328665354],[-80.70053562113507,-0.9809172242056688]]]}},{"type":"Feature","properties":{"name":"15 De Abril","clave_catastral":"05","clave_parroquia":"05","descripcion":"15 De Abril","layer":"barrios"},"geometry":{"type":"Polygon","coordinates":[[[-80.70081706933756,-0.9832067232798635],[-80.70130792781289,-0.9834012403118635],[-80.70132833448564,-0.9834264629266869],[-80.70134093204362,-0.9834459941725129],[-80.7013531805329,-0.9834693143389046],[-80.70135709330981,-0.9834858637623398],[-80.70135413760872,-0.983501223769963],[-80.70131573322344,-0.9836103752403175],[-80.70102338022109,-0.9842921901395414],[-80.70069705726988,-0.9850027040267264],[-80.70066626805387,-0.9850745275721806],[-80.70046082467542,-0.9855537869453174],[-80.70028127888233,-0.985934845305664],[-80.70002247946574,-0.9865228756170694],[-80.6993539759573,-0.9880717061135869],[-80.69991088633317,-0.9883536165940684],[-80.70061363506755,-0.9886790786024022],[-80.70094305743362,-0.9888409957472533],[-80.70122288370891,-0.988991483873221],[-80.70152270144925,-0.9881988867577434],[-80.70160015165598,-0.9879772639422413],[-80.70214540638071,-0.9883876363723373],[-80.70219292670012,-0.9884561311764201],[-80.70250331807749,-0.9880645320730963],[-80.70250351039611,-0.988064797172342],[-80.70244859529203,-0.9879748594989053],[-80.70265441770262,-0.9876785033415983],[-80.7027440384952,-0.987613222046889],[-80.70303491062022,-0.987179046757646],[-80.70322840722369,-0.9868642557325558],[-80.70342403829201,-0.9865774202679204],[-80.70345272265521,-0.9865241757525212],[-80.7040309197437,-0.9861729740863865],[-80.70418069724724,-0.9860754753282777],[-80.70420201339353,-0.9860615988828414],[-80.7041884077959,-0.9859862420153859],[-80.70418450983054,-0.9859646506063909],[-80.70410128892404,-0.9858389717025915],[-80.70405422675896,-0.9858024205636866],[-80.7039972560616,-0.9857581739238697],[-80.70383377062646,-0.9856773708224723],[-80.70373270506745,-0.9856534238806205],[-80.70371167710735,-0.9856506825161944],[-80.70369945903207,-0.9856490900258023],[-80.7036152022552,-0.9856204083950786],[-80.70359895316226,-0.9856077834302965],[-80.70348107728032,-0.9854536390352422],[-80.70341588590003,-0.9853723806061367],[-80.70339374881793,-0.9853494494878419],[-80.70336733292332,-0.9853327397212724],[-80.70333741192496,-0.9853138248463863],[-80.70332488700453,-0.9853061182535612],[-80.70330401156906,-0.9852963101605923],[-80.70328244034285,-0.9852879025062292],[-80.70326295562208,-0.9852850988526568],[-80.7031195793357,-0.9851290405009934],[-80.70308291786937,-0.9849725981662659],[-80.70303346637496,-0.984838544608067],[-80.70302230365135,-0.9848249547658412],[-80.70295166961273,-0.9847389578463178],[-80.70287367592597,-0.9846566062734468],[-80.70280329369162,-0.9845589358192655],[-80.70280019226335,-0.9844336078865438],[-80.70275838270625,-0.9843460882004252],[-80.70289082914802,-0.9843042506108901],[-80.70284898956794,-0.9841395577052908],[-80.7027786165442,-0.9839480527793681],[-80.70268721603794,-0.9837994032908597],[-80.70265497464054,-0.9837469684630094],[-80.7025351350223,-0.9835822685631542],[-80.70248188145291,-0.9834099153072771],[-80.7024628629527,-0.9833390589252389],[-80.70243813868785,-0.9832605417975487],[-80.70236394709188,-0.9832069162181796],[-80.70224789733892,-0.9832088201833358],[-80.70213184509142,-0.9832490244079537],[-80.70197013168053,-0.983306460276907],[-80.70177651800108,-0.9833669231631461],[-80.70176075812053,-0.9833312207336462],[-80.70172509485427,-0.983250429069912],[-80.70167886898022,-0.9831086811918937],[-80.70166233028039,-0.9830579676387714],[-80.70159956660956,-0.9828655053038063],[-80.70157832696923,-0.982825791839332],[-80.70153406211158,-0.9828295414614558],[-80.70142357109489,-0.9828351045744625],[-80.70133849283759,-0.9828883059998788],[-80.70115459999043,-0.982924600232522],[-80.70107989671385,-0.9829653500684401],[-80.70098500350116,-0.9830300052108356],[-80.70081706933756,-0.9832067232798635]]]}},{"type":"Feature","properties":{"name":"El Mirador","clave_catastral":"02","clave_parroquia":"02","descripcion":"El Mirador","layer":"barrios"},"geometry":{"type":"Polygon","coordinates":[[[-80.7222060883616,-0.9521329749723719],[-80.72222723872513,-0.9521865454274234],[-80.72230731389317,-0.9523387951796282],[-80.72234465400923,-0.9523950662491387],[-80.72248387156016,-0.9525877779831404],[-80.72255023564993,-0.9526737451601122],[-80.72260124688674,-0.952745554062389],[-80.7227645389874,-0.9529432916443312],[-80.72280674986382,-0.9529855987817939],[-80.72298171118116,-0.953135416190719],[-80.72312594518326,-0.9532461527094114],[-80.72334606419932,-0.9534088026667433],[-80.723443919648,-0.9534660602454607],[-80.72356719686734,-0.9535401983008001],[-80.72395066225388,-0.9537828362725804],[-80.72408695071852,-0.9538215992257193],[-80.72421916637302,-0.9538694846648355],[-80.72447789000057,-0.9539700425482636],[-80.72472995244954,-0.9541041122224385],[-80.7248859775256,-0.9538232024128773],[-80.72485469717668,-0.9537312745895293],[-80.72482435701814,-0.9536378581687188],[-80.72479406268731,-0.9535445856019463],[-80.72478086182123,-0.9535039400678187],[-80.72476754851417,-0.9534644616113325],[-80.72475637354121,-0.9534348221390018],[-80.72473383599623,-0.9533724300434159],[-80.72472960533959,-0.953373210474922],[-80.72471895834357,-0.9533273675394724],[-80.72470748877281,-0.9533036366409533],[-80.72470468045974,-0.9532901336117305],[-80.72470391318774,-0.9532864459180104],[-80.72470033721498,-0.9532692551461537],[-80.72469470854733,-0.9532544290045024],[-80.72468907881866,-0.9532396038366641],[-80.72468078242306,-0.9532129999261372],[-80.72467351477836,-0.9531896926612687],[-80.72467584242702,-0.9531597641739467],[-80.72466017818836,-0.9530372286833995],[-80.72469298661365,-0.9529941541205886],[-80.72489883300858,-0.9527238959574333],[-80.72556218884326,-0.9518774145141579],[-80.72531152080015,-0.9516674209719866],[-80.7248848686654,-0.9513105408255312],[-80.72488326205519,-0.9513092195906979],[-80.72452302742963,-0.9510129718812976],[-80.724251759966,-0.9507901475658258],[-80.72361556752124,-0.9516149952113011],[-80.72334799797318,-0.9513849743395184],[-80.72304427308535,-0.9517731662162561],[-80.72311706901391,-0.9518690378525463],[-80.72312275857279,-0.951873767519743],[-80.72302096974664,-0.951993208090073],[-80.72306324098889,-0.9520336198423394],[-80.72296813569687,-0.9521249606466711],[-80.72278310514406,-0.9519546288559724],[-80.72258485427595,-0.9520551188573165],[-80.72254740728886,-0.952155169513702],[-80.72238889758904,-0.952138312627568],[-80.72229384533813,-0.9521282046490428],[-80.72220997840246,-0.9521192854700616],[-80.7222060883616,-0.9521329749723719]]]}},{"type":"Feature","properties":{"name":"Chile","clave_catastral":"02","clave_parroquia":"02","descripcion":"Chile","layer":"barrios"},"geometry":{"type":"Polygon","coordinates":[[[-80.72214845239786,-0.950281408864285],[-80.72224448208694,-0.9512186838546626],[-80.72225420923101,-0.9515724936817377],[-80.72222495234007,-0.9516856126367799],[-80.7221339563165,-0.9519502761430374],[-80.7222060883616,-0.9521329749723719],[-80.72220997840246,-0.9521192854700616],[-80.72229384533813,-0.9521282046490428],[-80.72238889758904,-0.952138312627568],[-80.72254740728886,-0.952155169513702],[-80.72258485427595,-0.9520551188573165],[-80.72278310514406,-0.9519546288559724],[-80.72296813569687,-0.9521249606466711],[-80.72306324098889,-0.9520336198423394],[-80.72302096974664,-0.951993208090073],[-80.72312275857279,-0.951873767519743],[-80.72311706901391,-0.9518690378525463],[-80.72304427308535,-0.9517731662162561],[-80.72334799797318,-0.9513849743395184],[-80.72361556752124,-0.9516149952113011],[-80.724251759966,-0.9507901475658258],[-80.7242468948362,-0.9507861512805391],[-80.7240003666581,-0.9505803740831168],[-80.72372102217366,-0.950349759717497],[-80.72331206043839,-0.9500127680735629],[-80.72295631406351,-0.9497108131963614],[-80.72247410573755,-0.9502317508041216],[-80.72214845239786,-0.950281408864285]]]}},{"type":"Feature","properties":{"name":"Cenepa","clave_catastral":"04","clave_parroquia":"04","descripcion":"Cenepa","layer":"barrios"},"geometry":{"type":"Polygon","coordinates":[[[-80.71039263630195,-0.9511020427401887],[-80.71037716351132,-0.9511764529125486],[-80.71034549976503,-0.9513054532255155],[-80.7103014674236,-0.9515913339243554],[-80.71023605649835,-0.9519053052474078],[-80.71014821513961,-0.9523339537277451],[-80.70987598282716,-0.9536485279059548],[-80.7106111670926,-0.9534656807960714],[-80.71159530450079,-0.9532179889816206],[-80.71205897021677,-0.9531043964380642],[-80.71242115133636,-0.9530108302625423],[-80.71233093824944,-0.9521443612702001],[-80.71228051193643,-0.9515465387861184],[-80.71226177838298,-0.9508429385018786],[-80.71204818281709,-0.9508526508123937],[-80.71084726692683,-0.9508956369437982],[-80.71062511327466,-0.9509145077994532],[-80.71062143591023,-0.9509520541600552],[-80.71061055309684,-0.9509881577933327],[-80.71059288108792,-0.9510214308979529],[-80.71056910037113,-0.9510505933563422],[-80.71054012510533,-0.9510745261102613],[-80.71050706806454,-0.9510923091560956],[-80.71047119929086,-0.9511032586347454],[-80.71043389755773,-0.9511069530643823],[-80.71039659644103,-0.9511032523349598],[-80.71039263630195,-0.9511020427401887]]]}},{"type":"Feature","properties":{"name":"Los Esteros Mirador","clave_catastral":"01","clave_parroquia":"01","descripcion":"Los Esteros Mirador","layer":"barrios"},"geometry":{"type":"Polygon","coordinates":[[[-80.70363514462174,-0.9494183629286397],[-80.70349301072042,-0.949886713595177],[-80.7033239154794,-0.9504774150945394],[-80.70350031610926,-0.9505118311496545],[-80.70410750683892,-0.9506270643712043],[-80.70407248040206,-0.9509630225848581],[-80.70403564165207,-0.9512502916994947],[-80.70398310924816,-0.9517101249402771],[-80.70435620364046,-0.9517475386943488],[-80.70507425258306,-0.9518355541250686],[-80.70509119094231,-0.9518364902172182],[-80.70588087471641,-0.9519076723963025],[-80.70609111064898,-0.9509123872388017],[-80.7060397492471,-0.9509000820811053],[-80.7061933600096,-0.9502292037617792],[-80.7061393408922,-0.9502157395365032],[-80.7050321542752,-0.9498671167951755],[-80.70479115090784,-0.9497894005115768],[-80.70445002573388,-0.9496793979473495],[-80.7037328281558,-0.9494495376475386],[-80.70363514462174,-0.9494183629286397]]]}},{"type":"Feature","properties":{"name":"Quito","clave_catastral":"02","clave_parroquia":"02","descripcion":"Quito","layer":"barrios"},"geometry":{"type":"Polygon","coordinates":[[[-80.72214845239786,-0.950281408864285],[-80.72247410573755,-0.9502317508041216],[-80.72295631406351,-0.9497108131963614],[-80.72331206043839,-0.9500127680735629],[-80.72372102217366,-0.950349759717497],[-80.7240003666581,-0.9505803740831168],[-80.724340050873,-0.9501584027623835],[-80.7246723233361,-0.9497398053880346],[-80.72436736717731,-0.9494730518628671],[-80.72401730931024,-0.9491689750710464],[-80.7237206984125,-0.9489145290701515],[-80.72341772932829,-0.9486401579340082],[-80.72320626889508,-0.9484619168473785],[-80.72279467959075,-0.9489238472927752],[-80.72244881945055,-0.9492829888851873],[-80.72189633612442,-0.9497899826393165],[-80.72194273010557,-0.9498411346372252],[-80.72197520810161,-0.9498819219616053],[-80.7220427679448,-0.9499851973907028],[-80.72204757178343,-0.9499986599858516],[-80.7220733674801,-0.9500709608167739],[-80.72211477592859,-0.9501870196497038],[-80.72214845239786,-0.950281408864285]]]}},{"type":"Feature","properties":{"name":"12 de Octubre","clave_catastral":"04","clave_parroquia":"04","descripcion":"12 de Octubre","layer":"barrios"},"geometry":{"type":"Polygon","coordinates":[[[-80.71313203600393,-0.9541295940712899],[-80.71313744528695,-0.9542280873152578],[-80.71329054310782,-0.9556181110481107],[-80.71332934129441,-0.95606016840577],[-80.713345877897,-0.9561677570648754],[-80.71348463900452,-0.957050905480955],[-80.71354209317523,-0.9573370012917763],[-80.71433261834514,-0.9563883528523291],[-80.7142643656462,-0.9556467147846917],[-80.71410344539304,-0.9540553940967271],[-80.71313203600393,-0.9541295940712899]]]}},{"type":"Feature","properties":{"name":"8 de enero M10","clave_catastral":"02","clave_parroquia":"02","descripcion":"8 de enero M10","layer":"barrios"},"geometry":{"type":"Polygon","coordinates":[[[-80.7217903401833,-0.9560330366645928],[-80.72186351235634,-0.9560775448105403],[-80.72229510996127,-0.9563085753250533],[-80.72231952730803,-0.9563202581292387],[-80.72253344692932,-0.9564226154496537],[-80.7225357028102,-0.9564235909193997],[-80.72260781307403,-0.9564402562664185],[-80.72269580097306,-0.9564390664807831],[-80.7227338041497,-0.956431600217769],[-80.72289674899335,-0.9563995864389341],[-80.72306056302381,-0.9563668353766844],[-80.72315422008974,-0.9563481107906141],[-80.72333598231482,-0.9563117721533843],[-80.72346344719183,-0.956294547609005],[-80.72370909957178,-0.9562948063643972],[-80.72390963507617,-0.9563111835295643],[-80.72409658728192,-0.9563264513047613],[-80.72411320937039,-0.9563278088221523],[-80.72413452939642,-0.9563295503201203],[-80.72426541225828,-0.9563185051756449],[-80.72436461612979,-0.9561325031829284],[-80.7244008204681,-0.9560619272235585],[-80.72432087953177,-0.9559828384325755],[-80.7235973218001,-0.9557094319346504],[-80.72309786886396,-0.9555162711998264],[-80.722952105269,-0.9554589282838039],[-80.722778248091,-0.9553924164770109],[-80.72256884387443,-0.9553143503330688],[-80.72205775186929,-0.9551201200614656],[-80.72115211435104,-0.9547710105195081],[-80.72148327487311,-0.9555601959849014],[-80.72155267012631,-0.9557796714680222],[-80.72155532557649,-0.9558027233097022],[-80.72158435142451,-0.9558761462656237],[-80.72158459314929,-0.9558767578747904],[-80.72159168314487,-0.9558946917753843],[-80.7215923797643,-0.9559051259460318],[-80.72174937182014,-0.9560081164819252],[-80.7217903401833,-0.9560330366645928]]]}},{"type":"Feature","properties":{"name":"Buenos Aires","clave_catastral":"04","clave_parroquia":"04","descripcion":"Buenos Aires","layer":"barrios"},"geometry":{"type":"Polygon","coordinates":[[[-80.70987598282716,-0.9536485279059548],[-80.70979057149039,-0.9540732338037544],[-80.70969518830503,-0.9545166384437493],[-80.70961020556992,-0.9548990397837684],[-80.70944511641227,-0.9557354389691142],[-80.70927997263267,-0.95651793971588],[-80.70994881347302,-0.9565950305684794],[-80.71037180145207,-0.9566313058799523],[-80.71048642444106,-0.9566241339703367],[-80.71074293822684,-0.9565729813178194],[-80.7108075367137,-0.9570354800605684],[-80.71080773265875,-0.9570353687969941],[-80.71089128344124,-0.9569880193666335],[-80.71120173819507,-0.9568271453411796],[-80.71148030416387,-0.9567066017815762],[-80.71165163179091,-0.9566335440699163],[-80.71170659028292,-0.9566081949197383],[-80.71178538527661,-0.9565642630803383],[-80.71182842852369,-0.9565283114427245],[-80.71186241360891,-0.9564837217025256],[-80.71187281254619,-0.9564626055741455],[-80.71188651627558,-0.95643131255963],[-80.7119113530573,-0.956359664664248],[-80.71186294608546,-0.9563819962359759],[-80.71183326683975,-0.9563865218383681],[-80.71181201566552,-0.9562585340660519],[-80.7118083794484,-0.9560745108338723],[-80.71170095657644,-0.9551928238102646],[-80.71169653175943,-0.9550476381217123],[-80.71138221737887,-0.9550197037569318],[-80.71139947823279,-0.9548084265850179],[-80.71151607434578,-0.9538801847124034],[-80.71159530450079,-0.9532179889816206],[-80.7106111670926,-0.9534656807960714],[-80.70987598282716,-0.9536485279059548]]]}},{"type":"Feature","properties":{"name":"Tarqui Centro","clave_catastral":"04","clave_parroquia":"04","descripcion":"Tarqui Centro","layer":"barrios"},"geometry":{"type":"Polygon","coordinates":[[[-80.71226177838298,-0.9508429385018786],[-80.71228051193643,-0.9515465387861184],[-80.71233093824944,-0.9521443612702001],[-80.71242115133636,-0.9530108302625423],[-80.71297906313416,-0.9528707560242394],[-80.71302724118102,-0.9531833682339936],[-80.71307994974454,-0.9537249989393787],[-80.71313203600393,-0.9541295940712899],[-80.71410344539304,-0.9540553940967271],[-80.7142643656462,-0.9556467147846917],[-80.71433261834514,-0.9563883528523291],[-80.71448467075051,-0.9561924830925506],[-80.71496158076329,-0.9554192593056428],[-80.71494994266375,-0.9555273374539724],[-80.71498491860277,-0.9556539300206737],[-80.71504436350322,-0.9557635570633067],[-80.71517381867092,-0.9559263935153695],[-80.71523096940136,-0.9559823913416922],[-80.71573698712658,-0.95633262975376],[-80.71619534325438,-0.9556728544417723],[-80.71622892258716,-0.9556258711690049],[-80.71626009921691,-0.9555822496899963],[-80.71649651720438,-0.9552507264807417],[-80.71660578859091,-0.9551419884300287],[-80.71682005501313,-0.954902390086076],[-80.71736136598265,-0.954076116477907],[-80.71751503635534,-0.9538045362777581],[-80.71751668704489,-0.9538050404803471],[-80.7175465175596,-0.9538080004670775],[-80.71755518014317,-0.9538071426054415],[-80.71757634855659,-0.953805045408643],[-80.71758369898946,-0.9538032184858025],[-80.71760969874126,-0.9537967573291581],[-80.71764104338861,-0.9537816420832144],[-80.71767055740575,-0.9537640712816114],[-80.7176867579383,-0.9537323477847081],[-80.71769524918152,-0.953705398751822],[-80.71769982144353,-0.9536817362350973],[-80.71769980893237,-0.9536808541342054],[-80.71769943631779,-0.9536540979791397],[-80.71769650152672,-0.9536240701529834],[-80.71769110037593,-0.9536061427238707],[-80.71768780181915,-0.953595195366205],[-80.71767973194646,-0.9535799945362555],[-80.71767367414999,-0.9535685846399957],[-80.71766218070647,-0.9535544845690254],[-80.71765466040499,-0.9535452594455478],[-80.71765312670254,-0.9535439922033931],[-80.71781106666418,-0.9532479186080423],[-80.71775645431204,-0.9531044440943361],[-80.71769392288283,-0.9529400833757505],[-80.71765848507924,-0.952834841868011],[-80.71765191832993,-0.9528153392293461],[-80.71740679206619,-0.9520873758316384],[-80.71736413336713,-0.9519606892042133],[-80.71734086849924,-0.9518915976065186],[-80.71731128946271,-0.9518022514612879],[-80.7169640414585,-0.9507533447056034],[-80.71690084815832,-0.9506161553281062],[-80.7166925208097,-0.9506308986013607],[-80.71629300725424,-0.9506557607042366],[-80.71601144494166,-0.9506710569929879],[-80.71527519935469,-0.9507164770273988],[-80.71505879595234,-0.9507260345905593],[-80.71390198984966,-0.9507757998945721],[-80.71315159905473,-0.9508024753568093],[-80.71226177838298,-0.9508429385018786]]]}},{"type":"Feature","properties":{"name":"Rosario de Tarqui","clave_catastral":"04","clave_parroquia":"04","descripcion":"Rosario de Tarqui","layer":"barrios"},"geometry":{"type":"Polygon","coordinates":[[[-80.71242115133636,-0.9530108302625423],[-80.71205897021677,-0.9531043964380642],[-80.71159530450079,-0.9532179889816206],[-80.71151607434578,-0.9538801847124034],[-80.71139947823279,-0.9548084265850179],[-80.71138221737887,-0.9550197037569318],[-80.71169653175943,-0.9550476381217123],[-80.71170095657644,-0.9551928238102646],[-80.7118083794484,-0.9560745108338723],[-80.71181201566552,-0.9562585340660519],[-80.71183326683975,-0.9563865218383681],[-80.71186294608546,-0.9563819962359759],[-80.7119113530573,-0.956359664664248],[-80.71219111051478,-0.956150852938606],[-80.71223640549937,-0.9561230465519656],[-80.71270288038426,-0.955829850493842],[-80.71280223303695,-0.9557909440674024],[-80.71329054310782,-0.9556181110481107],[-80.71313744528695,-0.9542280873152578],[-80.71313203600393,-0.9541295940712899],[-80.71307994974454,-0.9537249989393787],[-80.71302724118102,-0.9531833682339936],[-80.71297906313416,-0.9528707560242394],[-80.71242115133636,-0.9530108302625423]]]}},{"type":"Feature","properties":{"name":"Ensenadita M9","clave_catastral":"02","clave_parroquia":"02","descripcion":"Ensenadita M9","layer":"barrios"},"geometry":{"type":"Polygon","coordinates":[[[-80.72033565852438,-0.9508193806689604],[-80.72027935352874,-0.9508688834122837],[-80.72017518682583,-0.9509722843910993],[-80.72011334298394,-0.9510277055218666],[-80.72007102092665,-0.9510656316659265],[-80.7199040719641,-0.951192007389551],[-80.71967576745072,-0.9513427942099497],[-80.71935043541893,-0.9515337878591906],[-80.71916351257353,-0.9516386182572916],[-80.71905506765988,-0.9517132939827349],[-80.71897688433971,-0.9517760034974145],[-80.71885027168166,-0.9518910631626909],[-80.71868622142134,-0.9520495200150236],[-80.71852440590875,-0.9522133819923937],[-80.71848714720585,-0.9522460933425521],[-80.71834886832809,-0.9523862193442625],[-80.71828798545873,-0.9524465365200427],[-80.7182223450958,-0.9525240882120016],[-80.71815955784032,-0.9526083426014794],[-80.71806632521172,-0.9527711090683084],[-80.71798432677481,-0.9529231258371453],[-80.71781106666418,-0.9532479186080423],[-80.71765312670254,-0.9535439922033931],[-80.71765466040499,-0.9535452594455478],[-80.71766218070647,-0.9535544845690254],[-80.71767367414999,-0.9535685846399957],[-80.71767973194646,-0.9535799945362555],[-80.71768780181915,-0.953595195366205],[-80.71769110037593,-0.9536061427238707],[-80.71769650152672,-0.9536240701529834],[-80.71769943631779,-0.9536540979791397],[-80.71769980893237,-0.9536808541342054],[-80.71769982144353,-0.9536817362350973],[-80.71769524918152,-0.953705398751822],[-80.7176867579383,-0.9537323477847081],[-80.71767055740575,-0.9537640712816114],[-80.71790156601062,-0.9536702240636998],[-80.71792416785165,-0.9537139853195669],[-80.71795799288128,-0.9537794752044135],[-80.71819816749172,-0.9538824256594722],[-80.71846302397837,-0.9539490998530056],[-80.71857864704084,-0.9539782069085875],[-80.71903759936153,-0.9541122939953368],[-80.71911373452724,-0.9541817310190339],[-80.71923123334186,-0.9542888936538816],[-80.71939911987445,-0.9544420110483856],[-80.71947937989363,-0.9545077291114268],[-80.71958132892404,-0.9545912067574704],[-80.71963270652087,-0.9546332749303303],[-80.7199400445951,-0.9548410776677657],[-80.72042212631335,-0.9551670300622561],[-80.72079797897642,-0.9553987889609914],[-80.72117383259608,-0.9556305487377728],[-80.72127082738874,-0.9556941800543939],[-80.7215923797643,-0.9559051259460318],[-80.72159168314487,-0.9558946917753843],[-80.72158459314929,-0.9558767578747904],[-80.72158435142451,-0.9558761462656237],[-80.72155532557649,-0.9558027233097022],[-80.72155267012631,-0.9557796714680222],[-80.72148327487311,-0.9555601959849014],[-80.72115211435104,-0.9547710105195081],[-80.72205775186929,-0.9551201200614656],[-80.72256884387443,-0.9553143503330688],[-80.722778248091,-0.9553924164770109],[-80.722952105269,-0.9554589282838039],[-80.72309786886396,-0.9555162711998264],[-80.7235973218001,-0.9557094319346504],[-80.72432087953177,-0.9559828384325755],[-80.7244008204681,-0.9560619272235585],[-80.72474856194876,-0.9553032503593926],[-80.72513222881065,-0.954343789969414],[-80.7251104221396,-0.9543315477505844],[-80.72472995244954,-0.9541041122224385],[-80.72447789000057,-0.9539700425482636],[-80.72421916637302,-0.9538694846648355],[-80.72408695071852,-0.9538215992257193],[-80.72395066225388,-0.9537828362725804],[-80.72356719686734,-0.9535401983008001],[-80.723443919648,-0.9534660602454607],[-80.72334606419932,-0.9534088026667433],[-80.72312594518326,-0.9532461527094114],[-80.72298171118116,-0.953135416190719],[-80.72280674986382,-0.9529855987817939],[-80.7227645389874,-0.9529432916443312],[-80.72260124688674,-0.952745554062389],[-80.72255023564993,-0.9526737451601122],[-80.72248387156016,-0.9525877779831404],[-80.72234465400923,-0.9523950662491387],[-80.72230731389317,-0.9523387951796282],[-80.72222723872513,-0.9521865454274234],[-80.7222060883616,-0.9521329749723719],[-80.7221339563165,-0.9519502761430374],[-80.72205603333663,-0.9517092440886757],[-80.72201554293417,-0.951518753341773],[-80.72161884467957,-0.9506755426748015],[-80.72151435116471,-0.9506055116384147],[-80.7209880591829,-0.9508972041874131],[-80.72071335553665,-0.950743787870053],[-80.7206794877054,-0.9507853207182252],[-80.72063822165799,-0.9508194044196046],[-80.72059114296005,-0.9508447299760263],[-80.72056047758865,-0.9508540911952679],[-80.72048693682447,-0.9508655860931441],[-80.72043381444682,-0.9508603154000211],[-80.72038273404594,-0.9508447129927191],[-80.72033565852438,-0.9508193806689604]]]}},{"type":"Feature","properties":{"name":"Lazareto","clave_catastral":"01","clave_parroquia":"01","descripcion":"Lazareto","layer":"barrios"},"geometry":{"type":"Polygon","coordinates":[[[-80.70435620364046,-0.9517475386943488],[-80.70426754155753,-0.9521727917583576],[-80.70421813744723,-0.9524112610458387],[-80.70413843964151,-0.9527844565567846],[-80.70484036363437,-0.9528460149240772],[-80.70517655781154,-0.9528824886057379],[-80.70487279144629,-0.9543066445286713],[-80.70510829128831,-0.954335917818895],[-80.7053217834635,-0.9543506998220721],[-80.70546671013972,-0.9537005203128074],[-80.70550282629009,-0.9537062834190237],[-80.70575880304165,-0.9537425466834151],[-80.70599137708201,-0.9537812149271332],[-80.706146915103,-0.9537888787864262],[-80.70624150583815,-0.953795387927741],[-80.70636952345674,-0.9546076085348005],[-80.70580591015637,-0.9548014517255582],[-80.70607286608335,-0.9554504502816741],[-80.706548706782,-0.955282508363041],[-80.70703303359336,-0.9550957914197227],[-80.70704811403324,-0.9550901150088008],[-80.70764627257418,-0.9548636995582171],[-80.70796941179074,-0.9547437066482872],[-80.70797924600264,-0.9541088323769173],[-80.70798820319938,-0.9539061247180028],[-80.70800919912156,-0.9531363485542244],[-80.70802785658219,-0.9521063446683372],[-80.70804918700868,-0.9513604133619964],[-80.70808905517966,-0.9505740803750484],[-80.70720278226145,-0.9504456291347338],[-80.70695867000285,-0.9504058948406993],[-80.70682610541907,-0.950384316875045],[-80.70652362433007,-0.9503115219234958],[-80.7061933600096,-0.9502292037617792],[-80.7060397492471,-0.9509000820811053],[-80.70609111064898,-0.9509123872388017],[-80.70588087471641,-0.9519076723963025],[-80.70509119094231,-0.9518364902172182],[-80.70507425258306,-0.9518355541250686],[-80.70435620364046,-0.9517475386943488]]]}},{"type":"Feature","properties":{"name":"Urb Maratea","clave_catastral":"01","clave_parroquia":"01","descripcion":"Urb Maratea","layer":"barrios"},"geometry":{"type":"Polygon","coordinates":[[[-80.70403672990176,-0.9532669730183017],[-80.7039208889544,-0.9538564528365896],[-80.70383039098867,-0.9542731061474115],[-80.7037185011844,-0.9547669165790751],[-80.70356381851688,-0.9554413204662779],[-80.70335116755959,-0.9563528953238887],[-80.70379936670825,-0.9562721969415264],[-80.70398350674306,-0.9562270305056445],[-80.70433266840685,-0.9561109514545761],[-80.70488079070039,-0.9558990900529523],[-80.7052288803398,-0.9557655758637935],[-80.70565191650606,-0.9556051320870864],[-80.70607286608335,-0.9554504502816741],[-80.70580591015637,-0.9548014517255582],[-80.70636952345674,-0.9546076085348005],[-80.70624150583815,-0.953795387927741],[-80.706146915103,-0.9537888787864262],[-80.70599137708201,-0.9537812149271332],[-80.70575880304165,-0.9537425466834151],[-80.70550282629009,-0.9537062834190237],[-80.70546671013972,-0.9537005203128074],[-80.7053217834635,-0.9543506998220721],[-80.70510829128831,-0.954335917818895],[-80.70487279144629,-0.9543066445286713],[-80.70517655781154,-0.9528824886057379],[-80.70484036363437,-0.9528460149240772],[-80.70413843964151,-0.9527844565567846],[-80.70413377194629,-0.9528073211469915],[-80.70403672990176,-0.9532669730183017]]]}},{"type":"Feature","properties":{"name":"Rumiñahui","clave_catastral":"04","clave_parroquia":"04","descripcion":"Rumiñahui","layer":"barrios"},"geometry":{"type":"Polygon","coordinates":[[[-80.70796941179074,-0.9547437066482872],[-80.70888938510943,-0.9544014781085934],[-80.70979057149039,-0.9540732338037544],[-80.70987598282716,-0.9536485279059548],[-80.71014821513961,-0.9523339537277451],[-80.71023605649835,-0.9519053052474078],[-80.7103014674236,-0.9515913339243554],[-80.71034549976503,-0.9513054532255155],[-80.71037716351132,-0.9511764529125486],[-80.71039263630195,-0.9511020427401887],[-80.71036072949327,-0.9510922967987767],[-80.71032767541745,-0.9510745090753404],[-80.71029870324286,-0.9510505714288371],[-80.71027492738752,-0.9510214049556112],[-80.71025726182361,-0.950988128868218],[-80.71024638412892,-0.9509520233988269],[-80.71024271302181,-0.950914476419058],[-80.71024585065891,-0.950882440647149],[-80.70970635423919,-0.9508077748597116],[-80.70900406032692,-0.9507060640502516],[-80.70808905517966,-0.9505740803750484],[-80.70804918700868,-0.9513604133619964],[-80.70802785658219,-0.9521063446683372],[-80.70800919912156,-0.9531363485542244],[-80.70798820319938,-0.9539061247180028],[-80.70797924600264,-0.9541088323769173],[-80.70796941179074,-0.9547437066482872]]]}},{"type":"Feature","properties":{"name":"Jocay","clave_catastral":"04","clave_parroquia":"04","descripcion":"Jocay","layer":"barrios"},"geometry":{"type":"Polygon","coordinates":[[[-80.71573698712658,-0.95633262975376],[-80.71555326375156,-0.9565974580177539],[-80.71549873428457,-0.9566764460507642],[-80.71541947604724,-0.9567912546498292],[-80.71520177167419,-0.9571030182043927],[-80.71496897677976,-0.9574363920424673],[-80.71467097202535,-0.9578631494871104],[-80.7146575767748,-0.957882332139917],[-80.71413048278906,-0.9586371561946834],[-80.71394417428334,-0.9589053555987306],[-80.71360272073174,-0.9593958930827141],[-80.7129223483369,-0.9603713730741532],[-80.71282574776514,-0.9604874886437784],[-80.71271159224082,-0.9605966333568006],[-80.71257603557673,-0.9606899775933614],[-80.71244047998691,-0.9607703956472733],[-80.71230064630396,-0.9608220884982757],[-80.71214511784682,-0.9608694712863723],[-80.7118162824503,-0.9609319938119114],[-80.71225577759277,-0.9612353168494253],[-80.71239699833575,-0.961328179963985],[-80.71290740121314,-0.9616682666510172],[-80.71337383293265,-0.9619736871354121],[-80.71330169215315,-0.9620856606239983],[-80.71271546699616,-0.9629955675756037],[-80.71317020579374,-0.9633092182615998],[-80.71364832446602,-0.9636065525008632],[-80.71375247107427,-0.9636897220328252],[-80.71384284118791,-0.9636418547420789],[-80.71415200875965,-0.9633929324754718],[-80.71443518669982,-0.9632002605949025],[-80.71448971126763,-0.9631631618234451],[-80.71479706859887,-0.9629249982183836],[-80.71558924883584,-0.9623764133244634],[-80.71570754194573,-0.9622265739689766],[-80.71573696401106,-0.9622459907717058],[-80.7158827415558,-0.9623416569787366],[-80.71669650395397,-0.9631463140545549],[-80.71694591371909,-0.9627639966903132],[-80.7173017421671,-0.9632297986099446],[-80.7175810770457,-0.962793453029775],[-80.71767125047431,-0.9626557263157451],[-80.71791651023682,-0.9622811280617612],[-80.71817171853661,-0.9618965176983495],[-80.71842931371931,-0.961497803976755],[-80.71797401590815,-0.9611995892647087],[-80.71847970057733,-0.9604240989951194],[-80.71899190504246,-0.9596457049737381],[-80.71926186659302,-0.959232258189374],[-80.71906244789771,-0.9584932160288844],[-80.71919598919028,-0.9582204015497808],[-80.71922944549453,-0.9581296852103094],[-80.71925926642078,-0.957987701465342],[-80.71926980238793,-0.9578775419169857],[-80.71925807348728,-0.9575139139486737],[-80.71925240074118,-0.9573652610915957],[-80.71883141489191,-0.9573262663985815],[-80.71794078898942,-0.9572301602514273],[-80.7180329855945,-0.957041525679486],[-80.71805823135597,-0.9570112130531783],[-80.71811268103372,-0.9569169178870993],[-80.7181651939891,-0.9568011924752255],[-80.71816589138663,-0.9567534742693482],[-80.71815716908092,-0.9564667650500667],[-80.71811639355953,-0.9562647337275791],[-80.71802935255388,-0.9562646433990238],[-80.71799838819307,-0.9562636899093774],[-80.71792201252629,-0.9562613380621771],[-80.71747945591837,-0.9562734914911603],[-80.71738366603091,-0.9562635075167663],[-80.7171917810127,-0.9562038223920268],[-80.71717027858051,-0.9561958474673132],[-80.71670164678584,-0.9558984760249842],[-80.71668545627341,-0.9559229159942079],[-80.71622892258716,-0.9556258711690049],[-80.71619534325438,-0.9556728544417723],[-80.71573698712658,-0.95633262975376]]]}},{"type":"Feature","properties":{"name":"San Jose","clave_catastral":"04","clave_parroquia":"04","descripcion":"San Jose","layer":"barrios"},"geometry":{"type":"Polygon","coordinates":[[[-80.70607286608335,-0.9554504502816741],[-80.70565191650606,-0.9556051320870864],[-80.7052288803398,-0.9557655758637935],[-80.70488079070039,-0.9558990900529523],[-80.70539394270368,-0.9567443572210834],[-80.70626306748908,-0.9581406612342249],[-80.70703876611289,-0.9593817037574439],[-80.70766367386786,-0.9589777612241903],[-80.70794959133835,-0.9587917434421769],[-80.70823915513331,-0.9586103577352246],[-80.70873109432156,-0.9582952570258527],[-80.70852958106494,-0.9580421116285295],[-80.70818995329824,-0.9575555610898903],[-80.70816308484416,-0.9575042716074336],[-80.70794779594223,-0.956967212660814],[-80.70768862979108,-0.9563844921698462],[-80.70718968476874,-0.9554306736952043],[-80.70704811403324,-0.9550901150088008],[-80.70703303359336,-0.9550957914197227],[-80.706548706782,-0.955282508363041],[-80.70607286608335,-0.9554504502816741]]]}},{"type":"Feature","properties":{"name":"Ursa","clave_catastral":"04","clave_parroquia":"04","descripcion":"Ursa","layer":"barrios"},"geometry":{"type":"Polygon","coordinates":[[[-80.7119113530573,-0.956359664664248],[-80.71188651627558,-0.95643131255963],[-80.71187281254619,-0.9564626055741455],[-80.71186241360891,-0.9564837217025256],[-80.71182842852369,-0.9565283114427245],[-80.71178538527661,-0.9565642630803383],[-80.71170659028292,-0.9566081949197383],[-80.71165163179091,-0.9566335440699163],[-80.71148030416387,-0.9567066017815762],[-80.71120173819507,-0.9568271453411796],[-80.71089128344124,-0.9569880193666335],[-80.71080773265875,-0.9570353687969941],[-80.7108075367137,-0.9570354800605684],[-80.7103222764115,-0.9573068313883084],[-80.70961853696049,-0.957759075765992],[-80.7100318392988,-0.9581960151924704],[-80.71029556642652,-0.9584818758086016],[-80.7103333920289,-0.9585234209282447],[-80.71100308155663,-0.9592656011461286],[-80.71108972589565,-0.9593698952673293],[-80.71237092959784,-0.9583620338766252],[-80.71299769314227,-0.9578563588081437],[-80.7130734034274,-0.957794343899252],[-80.71274569627768,-0.957878450337276],[-80.7123247334313,-0.9565704422694097],[-80.71219111051478,-0.956150852938606],[-80.7119113530573,-0.956359664664248]]]}},{"type":"Feature","properties":{"name":"La Reyna","clave_catastral":"04","clave_parroquia":"04","descripcion":"La Reyna","layer":"barrios"},"geometry":{"type":"Polygon","coordinates":[[[-80.70927997263267,-0.95651793971588],[-80.70916353026102,-0.9570764104843477],[-80.70900782360737,-0.9578177194605502],[-80.70887330896453,-0.9584507837261071],[-80.7095724928852,-0.9591635532643467],[-80.71025656032937,-0.9599197539832289],[-80.71027812678983,-0.9600102606024308],[-80.71031475095492,-0.9599795299906901],[-80.7110429139062,-0.9594067205183306],[-80.71108972589565,-0.9593698952673293],[-80.71100308155663,-0.9592656011461286],[-80.7103333920289,-0.9585234209282447],[-80.71029556642652,-0.9584818758086016],[-80.7100318392988,-0.9581960151924704],[-80.70961853696049,-0.957759075765992],[-80.7103222764115,-0.9573068313883084],[-80.7108075367137,-0.9570354800605684],[-80.71074293822684,-0.9565729813178194],[-80.71048642444106,-0.9566241339703367],[-80.71037180145207,-0.9566313058799523],[-80.70994881347302,-0.9565950305684794],[-80.70927997263267,-0.95651793971588]]]}},{"type":"Feature","properties":{"name":"Pochita","clave_catastral":"04","clave_parroquia":"04","descripcion":"Pochita","layer":"barrios"},"geometry":{"type":"Polygon","coordinates":[[[-80.71433261834514,-0.9563883528523291],[-80.71354209317523,-0.9573370012917763],[-80.71346258732798,-0.9574219488050205],[-80.71380965145153,-0.9577449385296007],[-80.71390581077314,-0.9576305448147764],[-80.71392415808903,-0.9583498411200111],[-80.71393379136333,-0.9584154106329094],[-80.71395549915171,-0.9584759070259707],[-80.71397636102331,-0.9585094610720403],[-80.71400528820656,-0.9585444749068728],[-80.71413048278906,-0.9586371561946834],[-80.7146575767748,-0.957882332139917],[-80.71467097202535,-0.9578631494871104],[-80.71496897677976,-0.9574363920424673],[-80.71520177167419,-0.9571030182043927],[-80.71541947604724,-0.9567912546498292],[-80.71549873428457,-0.9566764460507642],[-80.71555326375156,-0.9565974580177539],[-80.71573698712658,-0.95633262975376],[-80.71523096940136,-0.9559823913416922],[-80.71517381867092,-0.9559263935153695],[-80.71504436350322,-0.9557635570633067],[-80.71498491860277,-0.9556539300206737],[-80.71494994266375,-0.9555273374539724],[-80.71496158076329,-0.9554192593056428],[-80.71448467075051,-0.9561924830925506],[-80.71433261834514,-0.9563883528523291]]]}},{"type":"Feature","properties":{"name":"24 de Mayo","clave_catastral":"04","clave_parroquia":"04","descripcion":"24 de Mayo","layer":"barrios"},"geometry":{"type":"Polygon","coordinates":[[[-80.71791651023682,-0.9622811280617612],[-80.71844487557816,-0.9626309262502843],[-80.71912306812844,-0.9630833250466537],[-80.71969396773841,-0.9634575364036664],[-80.71961380900778,-0.9628377024630907],[-80.71959872586298,-0.9627014099859679],[-80.71959567386426,-0.962532781172655],[-80.71962377577219,-0.962308442408073],[-80.71971086397362,-0.9620115818078006],[-80.71972087727215,-0.9619138875760741],[-80.71971313914266,-0.9617871811920793],[-80.7196830646988,-0.9614791729199084],[-80.71964482914125,-0.9613707936010342],[-80.71948832882558,-0.961122041142815],[-80.71944852822027,-0.9610829766570818],[-80.719286649919,-0.9609511033520874],[-80.71932657644689,-0.9598651439093118],[-80.71899190504246,-0.9596457049737381],[-80.71847970057733,-0.9604240989951194],[-80.71797401590815,-0.9611995892647087],[-80.71842931371931,-0.961497803976755],[-80.71817171853661,-0.9618965176983495],[-80.71791651023682,-0.9622811280617612]]]}},{"type":"Feature","properties":{"name":"9 de Octubre","clave_catastral":"04","clave_parroquia":"04","descripcion":"9 de Octubre","layer":"barrios"},"geometry":{"type":"Polygon","coordinates":[[[-80.70796941179074,-0.9547437066482872],[-80.70764627257418,-0.9548636995582171],[-80.70704811403324,-0.9550901150088008],[-80.70718968476874,-0.9554306736952043],[-80.70768862979108,-0.9563844921698462],[-80.70794779594223,-0.956967212660814],[-80.70816308484416,-0.9575042716074336],[-80.70818995329824,-0.9575555610898903],[-80.70852958106494,-0.9580421116285295],[-80.70873109432156,-0.9582952570258527],[-80.70887330896453,-0.9584507837261071],[-80.70900782360737,-0.9578177194605502],[-80.70916353026102,-0.9570764104843477],[-80.70927997263267,-0.95651793971588],[-80.70944511641227,-0.9557354389691142],[-80.70961020556992,-0.9548990397837684],[-80.70969518830503,-0.9545166384437493],[-80.70979057149039,-0.9540732338037544],[-80.70888938510943,-0.9544014781085934],[-80.70796941179074,-0.9547437066482872]]]}},{"type":"Feature","properties":{"name":"Miraflores","clave_catastral":"04","clave_parroquia":"04","descripcion":"Miraflores","layer":"barrios"},"geometry":{"type":"Polygon","coordinates":[[[-80.71767055740575,-0.9537640712816114],[-80.71764104338861,-0.9537816420832144],[-80.71760969874126,-0.9537967573291581],[-80.71758369898946,-0.9538032184858025],[-80.71757634855659,-0.953805045408643],[-80.71755518014317,-0.9538071426054415],[-80.7175465175596,-0.9538080004670775],[-80.71751668704489,-0.9538050404803471],[-80.71751503635534,-0.9538045362777581],[-80.71736136598265,-0.954076116477907],[-80.71682005501313,-0.954902390086076],[-80.71660578859091,-0.9551419884300287],[-80.71649651720438,-0.9552507264807417],[-80.71626009921691,-0.9555822496899963],[-80.71622892258716,-0.9556258711690049],[-80.71668545627341,-0.9559229159942079],[-80.71670164678584,-0.9558984760249842],[-80.71717027858051,-0.9561958474673132],[-80.7171917810127,-0.9562038223920268],[-80.71738366603091,-0.9562635075167663],[-80.71747945591837,-0.9562734914911603],[-80.71792201252629,-0.9562613380621771],[-80.71799838819307,-0.9562636899093774],[-80.71802935255388,-0.9562646433990238],[-80.71811639355953,-0.9562647337275791],[-80.71815716908092,-0.9564667650500667],[-80.71816589138663,-0.9567534742693482],[-80.7181651939891,-0.9568011924752255],[-80.71811268103372,-0.9569169178870993],[-80.71805823135597,-0.9570112130531783],[-80.7180329855945,-0.957041525679486],[-80.71794078898942,-0.9572301602514273],[-80.71883141489191,-0.9573262663985815],[-80.71925240074118,-0.9573652610915957],[-80.71925807348728,-0.9575139139486737],[-80.71972932200232,-0.957821550524372],[-80.72010127535334,-0.9580709693418044],[-80.72051866059905,-0.958344362368763],[-80.7207092583598,-0.9575377748601142],[-80.72070861199268,-0.9574839486086545],[-80.72076799398862,-0.9574848482432259],[-80.72170255050494,-0.9575788353698584],[-80.7220911908712,-0.9575614585175031],[-80.72213207273253,-0.9575669960137959],[-80.72212828718078,-0.9575365201125692],[-80.72205771872208,-0.9571752053828817],[-80.72200331099656,-0.9567342223333241],[-80.721986894577,-0.9564444234954408],[-80.72187949740109,-0.9563890930343888],[-80.72171727287007,-0.9563048143560023],[-80.7217903401833,-0.9560330366645928],[-80.72174937182014,-0.9560081164819252],[-80.7215923797643,-0.9559051259460318],[-80.72127082738874,-0.9556941800543939],[-80.72117383259608,-0.9556305487377728],[-80.72079797897642,-0.9553987889609914],[-80.72042212631335,-0.9551670300622561],[-80.7199400445951,-0.9548410776677657],[-80.71963270652087,-0.9546332749303303],[-80.71958132892404,-0.9545912067574704],[-80.71947937989363,-0.9545077291114268],[-80.71939911987445,-0.9544420110483856],[-80.71923123334186,-0.9542888936538816],[-80.71911373452724,-0.9541817310190339],[-80.71903759936153,-0.9541122939953368],[-80.71857864704084,-0.9539782069085875],[-80.71846302397837,-0.9539490998530056],[-80.71819816749172,-0.9538824256594722],[-80.71795799288128,-0.9537794752044135],[-80.71792416785165,-0.9537139853195669],[-80.71790156601062,-0.9536702240636998],[-80.71767055740575,-0.9537640712816114]]]}},{"type":"Feature","properties":{"name":"1 De Mayo","clave_catastral":"04","clave_parroquia":"04","descripcion":"1 De Mayo","layer":"barrios"},"geometry":{"type":"Polygon","coordinates":[[[-80.71219111051478,-0.956150852938606],[-80.7123247334313,-0.9565704422694097],[-80.71274569627768,-0.957878450337276],[-80.7130734034274,-0.957794343899252],[-80.71312090863601,-0.9577532709310645],[-80.71346258732798,-0.9574219488050205],[-80.71354209317523,-0.9573370012917763],[-80.71348463900452,-0.957050905480955],[-80.713345877897,-0.9561677570648754],[-80.71332934129441,-0.95606016840577],[-80.71329054310782,-0.9556181110481107],[-80.71280223303695,-0.9557909440674024],[-80.71270288038426,-0.955829850493842],[-80.71223640549937,-0.9561230465519656],[-80.71219111051478,-0.956150852938606]]]}},{"type":"Feature","properties":{"name":"Almendros","clave_catastral":"02","clave_parroquia":"02","descripcion":"Almendros","layer":"barrios"},"geometry":{"type":"Polygon","coordinates":[[[-80.73382674854034,-0.9447161857654719],[-80.73373877515061,-0.9448167807589413],[-80.73324533310597,-0.9448377065352388],[-80.73319094378247,-0.9448398962752549],[-80.73301816588557,-0.9448478281583874],[-80.7325193664948,-0.9448707259776512],[-80.73231069034547,-0.9451465586122936],[-80.73133069697168,-0.9464779644716685],[-80.73038601478055,-0.9477104895428425],[-80.7300243349717,-0.94819649239993],[-80.73045087573138,-0.9485589173040836],[-80.73091081930741,-0.9489537120165465],[-80.73139105638505,-0.9493760434022249],[-80.73171834836154,-0.9489399609946362],[-80.7327727689142,-0.9475436184412018],[-80.73377521414757,-0.9462215487337176],[-80.73443021384792,-0.9453045089765483],[-80.73459802569143,-0.9450164229378117],[-80.73465429927624,-0.9448276868012329],[-80.73401765936099,-0.9448137087485408],[-80.73382674854034,-0.9447161857654719]]]}},{"type":"Feature","properties":{"name":"Rio Guayas","clave_catastral":"02","clave_parroquia":"02","descripcion":"Rio Guayas","layer":"barrios"},"geometry":{"type":"Polygon","coordinates":[[[-80.72911192365287,-0.9474172407217623],[-80.72870328916366,-0.9470734082047301],[-80.72849339220616,-0.9468967172963119],[-80.7281905830415,-0.9466299959273384],[-80.72789908133656,-0.9463776215608134],[-80.72766214116344,-0.946174310763908],[-80.72710284374644,-0.9457001650486632],[-80.72686956245333,-0.9454990891677112],[-80.72616416418946,-0.9462730479610854],[-80.7252886230556,-0.9472017730794562],[-80.72556572254304,-0.9473952855005193],[-80.72578059883173,-0.9475461770928318],[-80.72622664981725,-0.9478625854196993],[-80.72645593531263,-0.9480275347443552],[-80.72680342788462,-0.9482673724801316],[-80.72717371555635,-0.9485299747221347],[-80.72748336666328,-0.9487461926401011],[-80.72784915242065,-0.9489973335060569],[-80.728542628051,-0.9481281998009052],[-80.72911192365287,-0.9474172407217623]]]}},{"type":"Feature","properties":{"name":"Cordova","clave_catastral":"02","clave_parroquia":"02","descripcion":"Cordova","layer":"barrios"},"geometry":{"type":"Polygon","coordinates":[[[-80.72439156271474,-0.9434472649327147],[-80.72439917789288,-0.9434616098496916],[-80.72441176147046,-0.9434770462531077],[-80.72442257820667,-0.9434903157151524],[-80.72445109211556,-0.943513875045383],[-80.72447705602619,-0.9435278477762382],[-80.72448362407148,-0.9435313821297484],[-80.72449762501333,-0.9435356580400623],[-80.7245189248157,-0.9435421637581526],[-80.72455563631591,-0.9435458063658899],[-80.72459234838873,-0.9435421696090884],[-80.72462764992996,-0.9435313927019848],[-80.72466018553841,-0.943513890802336],[-80.72466645317564,-0.9435087145028973],[-80.72481361920889,-0.9436139974462776],[-80.72501136989828,-0.9437980781480063],[-80.72538397635712,-0.9441461149675945],[-80.72572622164739,-0.9444631175131236],[-80.72606439235638,-0.9447743747565909],[-80.72651757852938,-0.9451945674022113],[-80.72686956245333,-0.9454990891677112],[-80.72710284374644,-0.9457001650486632],[-80.72766214116344,-0.946174310763908],[-80.72811216070119,-0.9456553815813038],[-80.7282491896521,-0.9455049810951834],[-80.72828765363693,-0.9454763036390545],[-80.72835150548488,-0.9454495326143758],[-80.72839740164991,-0.9454426471126709],[-80.72873058572192,-0.9454366385389505],[-80.72921780451291,-0.9454329484722449],[-80.72961316158742,-0.9454226819745486],[-80.72967105716168,-0.9454193245770028],[-80.72996944011865,-0.9453455409877733],[-80.73033475720887,-0.945253617343397],[-80.7309131708775,-0.9451147286631425],[-80.73106243795934,-0.9450880103805019],[-80.73136401350189,-0.9450126364068153],[-80.73176782315322,-0.9449154575765135],[-80.73181645854523,-0.9449119329520244],[-80.7316985801877,-0.944370838546746],[-80.73159815880864,-0.9439021112542036],[-80.731585570423,-0.9438433533063771],[-80.73150317853955,-0.9434587834665251],[-80.73129420430685,-0.9424888787146273],[-80.731234696048,-0.9421678671625244],[-80.73114123535493,-0.9416463808400407],[-80.73105256348238,-0.9416399377854958],[-80.73097016530093,-0.9415961239932642],[-80.73073118353624,-0.9414690503246561],[-80.72980394359644,-0.9413995319115714],[-80.72928088518208,-0.9413592654724853],[-80.72846606693949,-0.941305319375914],[-80.72807549678005,-0.9414266811811558],[-80.72790409404995,-0.9414140848959818],[-80.72790411923806,-0.9414137990068809],[-80.72790534177683,-0.9413997388703308],[-80.72790205874892,-0.9413619349435862],[-80.72789230437971,-0.941325278596608],[-80.72787637518202,-0.9412908853707619],[-80.72785475462152,-0.9412597984445769],[-80.7278280987381,-0.9412329633005073],[-80.72779721907162,-0.9412111942489645],[-80.72776305390215,-0.9411951545222478],[-80.72772664038983,-0.9411853300357222],[-80.7276890849157,-0.9411820194333131],[-80.72765152892862,-0.94118532413313],[-80.72761511389315,-0.9411951428963617],[-80.72758094533782,-0.9412111772527254],[-80.72755006229552,-0.9412329414500675],[-80.72752607095146,-0.9412570865036685],[-80.72752340314912,-0.9412597724034697],[-80.72750177686825,-0.9412908559298785],[-80.72748584233571,-0.9413252466502797],[-80.72747608228009,-0.9413619014622014],[-80.72747279338721,-0.941399704871003],[-80.72747607641035,-0.9414375078920756],[-80.72748131274919,-0.9414571862855325],[-80.72740499029912,-0.9414529947007679],[-80.72647359913161,-0.9420877820346901],[-80.72598984227328,-0.9424232461249318],[-80.72472951074812,-0.943283909668537],[-80.72471212362348,-0.9432511601922755],[-80.72469199277344,-0.9432264652054697],[-80.72468872330775,-0.9432224543284917],[-80.72466020939848,-0.9431988950004353],[-80.72462767744379,-0.9431813879183154],[-80.72459237670222,-0.9431706062920142],[-80.72455566520568,-0.943166963685826],[-80.724518953137,-0.9431706004433664],[-80.72450415158603,-0.9431751192371678],[-80.72448365070092,-0.9431813773502711],[-80.72445111599443,-0.9431988792490387],[-80.72442287252909,-0.9432222069710576],[-80.72442259838179,-0.9432224331288097],[-80.72439919355311,-0.9432511361680014],[-80.72438180127943,-0.9432838828726773],[-80.72437109035586,-0.9433194166423959],[-80.72436747163503,-0.943356370480558],[-80.72437084835022,-0.9433909074689808],[-80.72437108454052,-0.943393324895311],[-80.72438179077145,-0.9434288594677298],[-80.72439156271474,-0.9434472649327147]]]}},{"type":"Feature","properties":{"name":"Murcielago","clave_catastral":"02","clave_parroquia":"02","descripcion":"Murcielago","layer":"barrios"},"geometry":{"type":"Polygon","coordinates":[[[-80.72980394359644,-0.9413995319115714],[-80.73073118353624,-0.9414690503246561],[-80.73097016530093,-0.9415961239932642],[-80.73105256348238,-0.9416399377854958],[-80.73114123535493,-0.9416463808400407],[-80.73299474449551,-0.9417807392931508],[-80.73316604179351,-0.9418338160775619],[-80.73317627143797,-0.9418145544926659],[-80.73319003762253,-0.9417976725912496],[-80.73320681091322,-0.9417838181113609],[-80.73322594773911,-0.9417735238828584],[-80.73324671106604,-0.9417671852111908],[-80.73326830455156,-0.9417650463091717],[-80.73328989771166,-0.9417671885375114],[-80.73331066007479,-0.941773530407616],[-80.73332979533558,-0.9417838275840184],[-80.73334656651991,-0.9417976846478098],[-80.73336033013784,-0.9418145686699262],[-80.73337055685393,-0.9418338309261003],[-80.73337685395497,-0.9418547322306524],[-80.73361202177742,-0.9418116829878755],[-80.73358975905725,-0.9416906805272873],[-80.73342338519961,-0.9409524079214293],[-80.73337303828825,-0.9407347042147904],[-80.73334243689507,-0.9405867024887158],[-80.7333020800738,-0.9403915189137423],[-80.73323508012008,-0.9404035012883014],[-80.7332074578788,-0.9404255399290804],[-80.73319076222178,-0.9404468836812044],[-80.73312667406218,-0.9405215768780407],[-80.7330964503092,-0.9405492191469733],[-80.73307378364088,-0.9405637300003917],[-80.73304768297655,-0.9405747854672057],[-80.7330140274911,-0.9405810028193428],[-80.73298337159191,-0.9405677217076374],[-80.73295958341069,-0.940553127643156],[-80.73293497876489,-0.9405293575170504],[-80.7328331004158,-0.9404352129917157],[-80.73282796066586,-0.9403639121980804],[-80.73276270309627,-0.9403690854053224],[-80.73275944618264,-0.9403028086618406],[-80.73269587560094,-0.9403081673335123],[-80.73268953607281,-0.9402439519433585],[-80.73261578500015,-0.9402484446539319],[-80.73254414722021,-0.9401854437720515],[-80.73247763265978,-0.9402608104062296],[-80.73240682728247,-0.9402650300014982],[-80.73241221913422,-0.9403272239113534],[-80.73233011863663,-0.9403335488190122],[-80.7323368728573,-0.9404016502141701],[-80.73212812895798,-0.9404151592694348],[-80.73212373123113,-0.9403527351201716],[-80.73205981754607,-0.9403578678774664],[-80.73205544313936,-0.940293189243519],[-80.73199021077589,-0.9402978930211248],[-80.73198585924136,-0.9402371308738537],[-80.73191537037356,-0.9402386222085681],[-80.73184167703224,-0.9401746473026691],[-80.73177592600936,-0.9402552505107167],[-80.73170895359263,-0.9402563626590705],[-80.73171121356852,-0.9403213686993581],[-80.73164830114418,-0.9403250090769575],[-80.73164945726931,-0.940390146856501],[-80.73158911583218,-0.940393128664212],[-80.73159289548254,-0.9404571543123694],[-80.73149008928534,-0.9404651687217012],[-80.7314886389819,-0.9404024657282548],[-80.73142658837752,-0.9404072127885001],[-80.73142583477734,-0.9403427662100227],[-80.7313566014744,-0.9403456620514561],[-80.73135447721667,-0.9402812900655418],[-80.73128661722635,-0.9402889848274185],[-80.73128479092351,-0.9402262804911034],[-80.73121610370539,-0.9402315262899066],[-80.73114425332781,-0.9401652614081827],[-80.73077577960282,-0.940603474376715],[-80.73075932913102,-0.9406243707563958],[-80.7307432363662,-0.9406398802613722],[-80.73073057834225,-0.9406473743461561],[-80.73071617720707,-0.9406545227025589],[-80.73070279965347,-0.9406601302701602],[-80.73068608565822,-0.9406642919794308],[-80.73066978935765,-0.9406667070952466],[-80.73064994499347,-0.9406663996363278],[-80.73062480257248,-0.9406638855523538],[-80.73060296353101,-0.9406584669366254],[-80.73057842477505,-0.9406447197586658],[-80.73054276031517,-0.9406093878193075],[-80.73054027160839,-0.9405340339303762],[-80.73048133946507,-0.940538115212604],[-80.73048023810524,-0.9404830104913628],[-80.73041313478868,-0.9404861719661284],[-80.73040893055968,-0.940420921972688],[-80.73034027300552,-0.9404258902430485],[-80.73033607447354,-0.9403648437953649],[-80.73027328131383,-0.940370341380344],[-80.73027097314126,-0.9403081886136421],[-80.73020550227692,-0.9403138450656883],[-80.73020304184035,-0.9402495445071679],[-80.73013885856675,-0.9402543836572477],[-80.7301356686905,-0.9401898170185348],[-80.73006909555487,-0.9401949647878071],[-80.73006660348115,-0.9401339439053943],[-80.72999968637389,-0.9401399558031613],[-80.72999411323536,-0.9400706160701587],[-80.72994929542615,-0.9400737430216565],[-80.7298077742775,-0.9399451696901195],[-80.72945408681271,-0.9399417170865262],[-80.72936956443421,-0.9400434985778644],[-80.72949496514688,-0.9401445954131588],[-80.72947589238622,-0.9401862097478642],[-80.72964736088844,-0.9403368429924086],[-80.7296817172254,-0.9402975224186177],[-80.72973060065254,-0.9403401972900269],[-80.72990700142408,-0.9404941923632322],[-80.72998014503142,-0.9405580467801684],[-80.73021776426289,-0.9407654856382238],[-80.73023490989844,-0.9407952368417511],[-80.7302379788064,-0.9408127090106149],[-80.7302348535844,-0.9408497208147679],[-80.73022782127309,-0.9408759462569094],[-80.730213867522,-0.9409008113679107],[-80.72980394359644,-0.9413995319115714]]]}},{"type":"Feature","properties":{"name":"Murcielago","clave_catastral":"02","clave_parroquia":"02","descripcion":"Murcielago","layer":"barrios"},"geometry":{"type":"Polygon","coordinates":[[[-80.73181645854523,-0.9449119329520244],[-80.73196222900427,-0.9449013699203165],[-80.73247305455975,-0.9448729968520126],[-80.7324732927391,-0.944872984204423],[-80.7325193664948,-0.9448707259776512],[-80.73301816588557,-0.9448478281583874],[-80.73319094378247,-0.9448398962752549],[-80.73324533310597,-0.9448377065352388],[-80.73373877515061,-0.9448167807589413],[-80.73382674854034,-0.9447161857654719],[-80.73372345443035,-0.9444567372999728],[-80.7335267662646,-0.9432466341493324],[-80.73331064532543,-0.9419793956081861],[-80.73332978125362,-0.9419691013792857],[-80.73334655544375,-0.941955246898857],[-80.73336032072963,-0.9419383649966875],[-80.73337055037368,-0.9419191034109672],[-80.73337685065141,-0.9418982039811539],[-80.7333789788299,-0.9418764682696548],[-80.73337685395497,-0.9418547322306524],[-80.73337055685393,-0.9418338309261003],[-80.73336033013784,-0.9418145686699262],[-80.73334656651991,-0.9417976846478098],[-80.73332979533558,-0.9417838275840184],[-80.73331066007479,-0.941773530407616],[-80.73328989771166,-0.9417671885375114],[-80.73326830455156,-0.9417650463091717],[-80.73324671106604,-0.9417671852111908],[-80.73322594773911,-0.9417735238828584],[-80.73320681091322,-0.9417838181113609],[-80.73319003762253,-0.9417976725912496],[-80.73317627143797,-0.9418145544926659],[-80.73316604179351,-0.9418338160775619],[-80.73299474449551,-0.9417807392931508],[-80.73114123535493,-0.9416463808400407],[-80.731234696048,-0.9421678671625244],[-80.73129420430685,-0.9424888787146273],[-80.73150317853955,-0.9434587834665251],[-80.731585570423,-0.9438433533063771],[-80.73159815880864,-0.9439021112542036],[-80.7316985801877,-0.944370838546746],[-80.73181645854523,-0.9449119329520244]]]}},{"type":"Feature","properties":{"name":"Pedro Balda C","clave_catastral":"02","clave_parroquia":"02","descripcion":"Pedro Balda C","layer":"barrios"},"geometry":{"type":"Polygon","coordinates":[[[-80.73956058531151,-0.9424048226582044],[-80.73951621134067,-0.9423927060290822],[-80.73948134993006,-0.9423831866605354],[-80.73943878158478,-0.942371563238609],[-80.73942252749787,-0.9423653628768135],[-80.73918600065828,-0.9422751354806138],[-80.73894161729953,-0.9421761389380237],[-80.73882621511801,-0.9421378877415094],[-80.73881066563646,-0.9421323017351142],[-80.73839690439175,-0.9419836630885214],[-80.73824701787173,-0.9419298182407516],[-80.73804243361194,-0.9418563241731875],[-80.73799130482662,-0.9418382693435063],[-80.73783202079757,-0.9417820217402523],[-80.7372325563605,-0.9415703353100184],[-80.73720624060837,-0.9415610418459152],[-80.73720293945546,-0.9415598763169726],[-80.73717684250231,-0.9416893423884147],[-80.73720331645467,-0.9417224625535141],[-80.73720868928963,-0.9417238878941703],[-80.73734742401471,-0.9417606978782231],[-80.73735799932153,-0.9417701339983893],[-80.73736857372961,-0.9417795701184842],[-80.73738777954148,-0.9418081724678588],[-80.73737574242465,-0.9418398910154906],[-80.73741508533757,-0.9419671925358699],[-80.73743283296008,-0.9420246164193032],[-80.7375144560362,-0.9420268590748861],[-80.73750701324566,-0.9421342107004592],[-80.73749603620573,-0.9422925538502512],[-80.73750755322578,-0.9422928704707516],[-80.73750192794164,-0.942374017037551],[-80.73750266045074,-0.942374036996938],[-80.73749539410322,-0.9424175543516354],[-80.73749360829125,-0.9424285465563571],[-80.73748790286412,-0.9424636727573271],[-80.73748610805994,-0.942474721958675],[-80.73748121221563,-0.9425128283665458],[-80.73747330907761,-0.9425743441595387],[-80.73746597404995,-0.9426228148471694],[-80.73745323587595,-0.9426665317291594],[-80.73745088866293,-0.9426849751597787],[-80.73743984466847,-0.942717115381356],[-80.73743819503642,-0.9427219156970352],[-80.73742037957719,-0.942766185881581],[-80.73740635143444,-0.942800697145799],[-80.73740251380158,-0.9428102398341736],[-80.73738869405575,-0.9428463660380403],[-80.73738828412903,-0.9428474371946295],[-80.73734461695864,-0.9429506533091399],[-80.7373332417034,-0.9429775407041774],[-80.73731053254387,-0.9430312159779675],[-80.73730944840523,-0.9430339173875524],[-80.7373010305278,-0.9430318648446984],[-80.73728981567649,-0.9430651287134566],[-80.73727286259657,-0.9431154117263816],[-80.73727078324166,-0.9431215790401382],[-80.73725797628508,-0.9431595654225902],[-80.73725826735503,-0.9431613893589059],[-80.7372543254413,-0.9431712070736324],[-80.73724749249118,-0.9431882243251124],[-80.73723263303877,-0.9432217765219235],[-80.73721364901343,-0.9432678786716622],[-80.73721206955831,-0.9432717145615896],[-80.73720043326088,-0.9433038212615088],[-80.73719697932128,-0.9433133522744299],[-80.73719444340826,-0.9433203500284293],[-80.73718563365692,-0.9433422924213772],[-80.73718151823049,-0.943352728950714],[-80.73715953721062,-0.9434166646992992],[-80.73715355628009,-0.9434340629019572],[-80.7371432509534,-0.9434679058589239],[-80.7371429165224,-0.9434690050674988],[-80.73713367458156,-0.9435012232293616],[-80.73711927205426,-0.9435421561599072],[-80.73710442984019,-0.9435854847536261],[-80.73708214888522,-0.9436459110717834],[-80.73707704228363,-0.9436658280791335],[-80.73706261437921,-0.9437334873205288],[-80.73706132686385,-0.9437395244145819],[-80.73705090318764,-0.9437934050851879],[-80.73704585364386,-0.9438194986155111],[-80.73703866235913,-0.9438566657472478],[-80.73702842750035,-0.9439095684303567],[-80.73701017684796,-0.944003900314712],[-80.73700387031133,-0.9440364950620932],[-80.73700126012085,-0.9440499851330486],[-80.7369920143095,-0.9440977735126808],[-80.73697777829474,-0.9441713541551024],[-80.73696420114359,-0.9442442146908406],[-80.73695076066241,-0.9443163378905268],[-80.73694178535547,-0.9443644981298007],[-80.73694046623734,-0.9443724577497931],[-80.73694045994324,-0.9443724921286503],[-80.73693171278289,-0.944422576723113],[-80.7369232974169,-0.9444707650511361],[-80.7369187943553,-0.9444965492082674],[-80.73691628135609,-0.9445083972208154],[-80.73690826942926,-0.9445461659271501],[-80.73690072683516,-0.9445817217257826],[-80.73689887198117,-0.9445904629823333],[-80.73689285516846,-0.9446188263787008],[-80.73688762147631,-0.9446434985799356],[-80.73699076462523,-0.9446647356773923],[-80.73704352258041,-0.9446755981372945],[-80.73708899790546,-0.9446833070951044],[-80.737142733629,-0.9446956660338941],[-80.73719551662853,-0.9447081687497985],[-80.73723874479823,-0.944718408939451],[-80.73739052828225,-0.9447543622739546],[-80.73739256040264,-0.9447548437392328],[-80.73745005286081,-0.9447661662757696],[-80.73748898277101,-0.9445680011958899],[-80.73784672746909,-0.9446310194624061],[-80.73787169676771,-0.9446295855685776],[-80.73790568510027,-0.9446200243603614],[-80.73875339154885,-0.9440951658653347],[-80.73877486164277,-0.9440726761636],[-80.73892843803455,-0.9442676792425004],[-80.73894946009798,-0.944311270214726],[-80.73899251544742,-0.9443008936224687],[-80.73901432221501,-0.9442954416214917],[-80.73911325080604,-0.9442707095418115],[-80.7391546499639,-0.9440637155682623],[-80.73915726825808,-0.9440499242223838],[-80.73917938798887,-0.9439333907867393],[-80.73919850818803,-0.9438326634780196],[-80.73921467541984,-0.9437500710478446],[-80.73923813637924,-0.9436302381998161],[-80.73927766206108,-0.9434283512200353],[-80.73930885658056,-0.9432667842434341],[-80.7393113381873,-0.9432539319855522],[-80.73932600465707,-0.9432046222604384],[-80.73934001574715,-0.9431575145729596],[-80.73935115089985,-0.9431200772151414],[-80.73935816678294,-0.943096490802148],[-80.73947635209663,-0.9426934155057723],[-80.73950642321846,-0.9425908560531866],[-80.73955359178478,-0.9424299869049406],[-80.73956058531151,-0.9424048226582044]]]}},{"type":"Feature","properties":{"name":"8 de Abril","clave_catastral":"02","clave_parroquia":"02","descripcion":"8 de Abril","layer":"barrios"},"geometry":{"type":"Polygon","coordinates":[[[-80.7363078413703,-0.9471425205315285],[-80.73633308689529,-0.9468994443063679],[-80.73637406184251,-0.9466119593293173],[-80.73643406965913,-0.9462507692316251],[-80.73655203297047,-0.9456030033848037],[-80.73661497982773,-0.9451227736389285],[-80.73658068776452,-0.9451195493160326],[-80.73583366016052,-0.9450032068389191],[-80.73550241980645,-0.9449524710530568],[-80.73465429927624,-0.9448276868012329],[-80.73459802569143,-0.9450164229378117],[-80.73443021384792,-0.9453045089765483],[-80.73377521414757,-0.9462215487337176],[-80.7342984130403,-0.9466015657001775],[-80.73486321715161,-0.9470020388075824],[-80.73539459885087,-0.9474058793682758],[-80.73594996273602,-0.94781353058913],[-80.73616614962182,-0.94750762631503],[-80.7362510570656,-0.9473661627791188],[-80.73627817062861,-0.9473087151843202],[-80.73628958810316,-0.9472706554250152],[-80.73629529789875,-0.9472376227532777],[-80.7363078413703,-0.9471425205315285]]]}},{"type":"Feature","properties":{"name":"Perpetuo Socorro","clave_catastral":"02","clave_parroquia":"02","descripcion":"Perpetuo Socorro","layer":"barrios"},"geometry":{"type":"Polygon","coordinates":[[[-80.73334243689507,-0.9405867024887158],[-80.73337303828825,-0.9407347042147904],[-80.73342338519961,-0.9409524079214293],[-80.73358975905725,-0.9416906805272873],[-80.73361202177742,-0.9418116829878755],[-80.73337685395497,-0.9418547322306524],[-80.7333789788299,-0.9418764682696548],[-80.73337685065141,-0.9418982039811539],[-80.73337055037368,-0.9419191034109672],[-80.73336032072963,-0.9419383649966875],[-80.73334655544375,-0.941955246898857],[-80.73332978125362,-0.9419691013792857],[-80.73331064532543,-0.9419793956081861],[-80.7335267662646,-0.9432466341493324],[-80.73372345443035,-0.9444567372999728],[-80.73382674854034,-0.9447161857654719],[-80.73401765936099,-0.9448137087485408],[-80.73465429927624,-0.9448276868012329],[-80.73550241980645,-0.9449524710530568],[-80.73583366016052,-0.9450032068389191],[-80.73658068776452,-0.9451195493160326],[-80.73661497982773,-0.9451227736389285],[-80.73705640491532,-0.9451653589664488],[-80.73713516305925,-0.9451871225619328],[-80.73716342846473,-0.9452062332918274],[-80.73737273869126,-0.9451597187894976],[-80.73745005286081,-0.9447661662757696],[-80.73739256040264,-0.9447548437392328],[-80.73739052828225,-0.9447543622739546],[-80.73723874479823,-0.944718408939451],[-80.73719551662853,-0.9447081687497985],[-80.737142733629,-0.9446956660338941],[-80.73708899790546,-0.9446833070951044],[-80.73704352258041,-0.9446755981372945],[-80.73699076462523,-0.9446647356773923],[-80.73688762147631,-0.9446434985799356],[-80.73689285516846,-0.9446188263787008],[-80.73689887198117,-0.9445904629823333],[-80.73690072683516,-0.9445817217257826],[-80.73690826942926,-0.9445461659271501],[-80.73691628135609,-0.9445083972208154],[-80.7369187943553,-0.9444965492082674],[-80.7369232974169,-0.9444707650511361],[-80.73693171278289,-0.944422576723113],[-80.73694045994324,-0.9443724921286503],[-80.73694046623734,-0.9443724577497931],[-80.73694178535547,-0.9443644981298007],[-80.73695076066241,-0.9443163378905268],[-80.73696420114359,-0.9442442146908406],[-80.73697777829474,-0.9441713541551024],[-80.7369920143095,-0.9440977735126808],[-80.73700126012085,-0.9440499851330486],[-80.73700387031133,-0.9440364950620932],[-80.73701017684796,-0.944003900314712],[-80.73702842750035,-0.9439095684303567],[-80.73703866235913,-0.9438566657472478],[-80.73704585364386,-0.9438194986155111],[-80.73705090318764,-0.9437934050851879],[-80.73706132686385,-0.9437395244145819],[-80.73706261437921,-0.9437334873205288],[-80.73707704228363,-0.9436658280791335],[-80.73708214888522,-0.9436459110717834],[-80.73710442984019,-0.9435854847536261],[-80.73711927205426,-0.9435421561599072],[-80.73713367458156,-0.9435012232293616],[-80.7371429165224,-0.9434690050674988],[-80.7371432509534,-0.9434679058589239],[-80.73715355628009,-0.9434340629019572],[-80.73715953721062,-0.9434166646992992],[-80.73718151823049,-0.943352728950714],[-80.73718563365692,-0.9433422924213772],[-80.73719444340826,-0.9433203500284293],[-80.73719697932128,-0.9433133522744299],[-80.73720043326088,-0.9433038212615088],[-80.73721206955831,-0.9432717145615896],[-80.73721364901343,-0.9432678786716622],[-80.73723263303877,-0.9432217765219235],[-80.73724749249118,-0.9431882243251124],[-80.7372543254413,-0.9431712070736324],[-80.73725826735503,-0.9431613893589059],[-80.73725797628508,-0.9431595654225902],[-80.73727078324166,-0.9431215790401382],[-80.73727286259657,-0.9431154117263816],[-80.73728981567649,-0.9430651287134566],[-80.7373010305278,-0.9430318648446984],[-80.73730944840523,-0.9430339173875524],[-80.73731053254387,-0.9430312159779675],[-80.7373332417034,-0.9429775407041774],[-80.73734461695864,-0.9429506533091399],[-80.73738828412903,-0.9428474371946295],[-80.73738869405575,-0.9428463660380403],[-80.73740251380158,-0.9428102398341736],[-80.73740635143444,-0.942800697145799],[-80.73742037957719,-0.942766185881581],[-80.73743819503642,-0.9427219156970352],[-80.73743984466847,-0.942717115381356],[-80.73745088866293,-0.9426849751597787],[-80.73745323587595,-0.9426665317291594],[-80.73746597404995,-0.9426228148471694],[-80.73747330907761,-0.9425743441595387],[-80.73748121221563,-0.9425128283665458],[-80.73748610805994,-0.942474721958675],[-80.73748790286412,-0.9424636727573271],[-80.73749360829125,-0.9424285465563571],[-80.73749539410322,-0.9424175543516354],[-80.73750266045074,-0.942374036996938],[-80.73750192794164,-0.942374017037551],[-80.73750755322578,-0.9422928704707516],[-80.73749603620573,-0.9422925538502512],[-80.73750701324566,-0.9421342107004592],[-80.7375144560362,-0.9420268590748861],[-80.73743283296008,-0.9420246164193032],[-80.73741508533757,-0.9419671925358699],[-80.73737574242465,-0.9418398910154906],[-80.73738777954148,-0.9418081724678588],[-80.73736857372961,-0.9417795701184842],[-80.73735799932153,-0.9417701339983893],[-80.73734742401471,-0.9417606978782231],[-80.73720868928963,-0.9417238878941703],[-80.73720331645467,-0.9417224625535141],[-80.73717684250231,-0.9416893423884147],[-80.73720293945546,-0.9415598763169726],[-80.73713220688485,-0.9415348988867293],[-80.73706754067447,-0.9415038648198787],[-80.7368747364949,-0.9414113372014725],[-80.73654457793039,-0.9412414466235077],[-80.7360363997973,-0.9410491432591783],[-80.73565740672622,-0.940910731233231],[-80.73548764429566,-0.9408487323500053],[-80.73502534066343,-0.9406798936319944],[-80.73421397559392,-0.9403835749162966],[-80.73415084126836,-0.9403605178341081],[-80.73364678499946,-0.9401764303471083],[-80.73349410450149,-0.9401206698310604],[-80.73342495476582,-0.9403445399662475],[-80.73334243689507,-0.9405867024887158]]]}},{"type":"Feature","properties":{"name":"Santa Marianita","clave_catastral":"02","clave_parroquia":"02","descripcion":"Santa Marianita","layer":"barrios"},"geometry":{"type":"Polygon","coordinates":[[[-80.73181645854523,-0.9449119329520244],[-80.73176782315322,-0.9449154575765135],[-80.73136401350189,-0.9450126364068153],[-80.73106243795934,-0.9450880103805019],[-80.7309131708775,-0.9451147286631425],[-80.73033475720887,-0.945253617343397],[-80.72996944011865,-0.9453455409877733],[-80.72967105716168,-0.9454193245770028],[-80.72961316158742,-0.9454226819745486],[-80.72921780451291,-0.9454329484722449],[-80.72873058572192,-0.9454366385389505],[-80.72839740164991,-0.9454426471126709],[-80.72835150548488,-0.9454495326143758],[-80.72828765363693,-0.9454763036390545],[-80.7282491896521,-0.9455049810951834],[-80.72811216070119,-0.9456553815813038],[-80.72766214116344,-0.946174310763908],[-80.72789908133656,-0.9463776215608134],[-80.7281905830415,-0.9466299959273384],[-80.72849339220616,-0.9468967172963119],[-80.72870328916366,-0.9470734082047301],[-80.72911192365287,-0.9474172407217623],[-80.72937747373369,-0.9476495056203476],[-80.72970832202175,-0.9479344926956514],[-80.7300243349717,-0.94819649239993],[-80.73038601478055,-0.9477104895428425],[-80.73133069697168,-0.9464779644716685],[-80.73231069034547,-0.9451465586122936],[-80.7325193664948,-0.9448707259776512],[-80.7324732927391,-0.944872984204423],[-80.73247305455975,-0.9448729968520126],[-80.73196222900427,-0.9449013699203165],[-80.73181645854523,-0.9449119329520244]]]}},{"type":"Feature","properties":{"name":"Medardo Mora","clave_catastral":"02","clave_parroquia":"02","descripcion":"Medardo Mora","layer":"barrios"},"geometry":{"type":"Polygon","coordinates":[[[-80.74216392802931,-0.9554278455177325],[-80.74204758833913,-0.9562300266810694],[-80.74203840585707,-0.9563283288946423],[-80.74201482879337,-0.9563811019243786],[-80.74199944328363,-0.9565225482392634],[-80.74252785084423,-0.9566181643799467],[-80.7427422349161,-0.9566748675028265],[-80.74289355332373,-0.9567181488378793],[-80.74304498865628,-0.9567523329101988],[-80.74312248868235,-0.9566267193878275],[-80.74311041515585,-0.9562993040457001],[-80.74326809349759,-0.956306760685024],[-80.74336222933188,-0.9561791217555964],[-80.74388384200007,-0.956280758399032],[-80.74398329355517,-0.9556195577674202],[-80.74334106815641,-0.9555413173202822],[-80.74299817671579,-0.95551078075205],[-80.74216392802931,-0.9554278455177325]]]}},{"type":"Feature","properties":{"name":"Las Acacias","clave_catastral":"02","clave_parroquia":"02","descripcion":"Las Acacias","layer":"barrios"},"geometry":{"type":"Polygon","coordinates":[[[-80.73661353928479,-0.949179883046483],[-80.7358818368371,-0.9503559898885499],[-80.73561026890069,-0.9507940131943684],[-80.73526565169918,-0.951352352132389],[-80.73505861715864,-0.9516886021452535],[-80.73478879248425,-0.9521035247022809],[-80.73436267699122,-0.952691474603995],[-80.7343485220601,-0.9527137947345778],[-80.73486207021807,-0.9531344040829595],[-80.73533636169037,-0.9535252251872778],[-80.73595522782591,-0.9539885616189282],[-80.73611575070305,-0.9536918848981344],[-80.73631521555187,-0.9533232362766597],[-80.73670518185675,-0.9536330313233492],[-80.73678425938861,-0.9534517081504816],[-80.73794838672426,-0.9539057015528414],[-80.73773837228994,-0.9542709993474858],[-80.73808164015553,-0.9543590711478486],[-80.73911385946387,-0.9546046339552277],[-80.7389380943659,-0.9548861637774877],[-80.73883658997792,-0.9550477642326172],[-80.7385278719436,-0.9555781251096961],[-80.73856587188253,-0.9555718421946722],[-80.73861460935049,-0.9555635169059968],[-80.73904696472184,-0.9554342891100447],[-80.73950273433317,-0.9552871488274661],[-80.73973468143403,-0.9552336332226048],[-80.73995030069632,-0.9551931332531183],[-80.74014820511569,-0.9551740652500627],[-80.74031998198976,-0.9551688746404636],[-80.7406000146663,-0.9551789280094738],[-80.74072724307098,-0.9551910747373],[-80.74090255331832,-0.955209146246915],[-80.74115650946668,-0.9552631256973285],[-80.74146551915481,-0.9553250348544964],[-80.74177812480342,-0.9553735467500104],[-80.74204362243702,-0.9554143497732496],[-80.74207366247818,-0.9548143003731157],[-80.7420619116998,-0.9545851855743025],[-80.74197533175479,-0.9543389195195431],[-80.74190599196058,-0.9542007341075589],[-80.7415940407232,-0.9538239209646946],[-80.74128372068455,-0.9536134877726994],[-80.74106481051308,-0.9534715442300127],[-80.74071307073707,-0.9532585843539749],[-80.74096791434386,-0.9530886848350661],[-80.74129262624908,-0.9529027802157373],[-80.74126874805681,-0.9528627991926726],[-80.74111613298382,-0.9526193384744489],[-80.74099322556319,-0.9525328506547481],[-80.74093137403206,-0.9524669968674004],[-80.74092047868555,-0.9524580121778996],[-80.74088569950261,-0.9524051739245465],[-80.74087191869569,-0.9523527154328235],[-80.74083942503303,-0.9522290215268185],[-80.74084142389034,-0.9519407780297513],[-80.74085909231722,-0.9518680236293164],[-80.74086045716703,-0.9518133126270953],[-80.74087927999142,-0.9517358067264183],[-80.74087769838593,-0.951720244525788],[-80.74062579037115,-0.9515039549775538],[-80.74056998260392,-0.9514583148913829],[-80.74041063802798,-0.9513279996939872],[-80.7402948118738,-0.951233177047726],[-80.74010739995893,-0.9510797497346175],[-80.74027179884436,-0.9508553935602322],[-80.74019100700738,-0.9506235584955363],[-80.7400473832082,-0.9505410308647555],[-80.73977731224723,-0.9506778890216623],[-80.73978419649609,-0.9507081750284669],[-80.73978676605307,-0.9507092283168248],[-80.73979327838686,-0.950713054869496],[-80.73980212103044,-0.9507201992052359],[-80.73980932515875,-0.9507276664015194],[-80.73981422849167,-0.9507337609638853],[-80.73982026661128,-0.9507449727056638],[-80.73982420243144,-0.9507566321241541],[-80.73982595882042,-0.9507665479829086],[-80.7398263922996,-0.9507750388081035],[-80.73982597183206,-0.9507848359835265],[-80.73982333291316,-0.9507978619344613],[-80.739818978347,-0.9508090213189888],[-80.73980749593838,-0.9508262010709672],[-80.73980986698989,-0.9508375681463833],[-80.73970292779417,-0.9508676826675782],[-80.73962485153793,-0.950475839120628],[-80.73957156150534,-0.9501515184797711],[-80.73953073519344,-0.9499202374214519],[-80.73951798550543,-0.9496560038502649],[-80.739658951627,-0.9492258622813665],[-80.73962803400109,-0.9492288002768703],[-80.73959404252338,-0.948871156663941],[-80.7395842399655,-0.9487680233293645],[-80.73966534437429,-0.9482682760009312],[-80.73981609798957,-0.9483170273620232],[-80.7393467582904,-0.9477515014463478],[-80.73889381543619,-0.9487802534265343],[-80.73874183217657,-0.9491163234277878],[-80.73856538716252,-0.9495043296830659],[-80.73840076376997,-0.9498696075530404],[-80.73825779238979,-0.95018379393413],[-80.73769675597799,-0.9498423860260204],[-80.7374187320765,-0.9496716830633289],[-80.73698915240625,-0.949407927314965],[-80.73661353928479,-0.949179883046483]]]}},{"type":"Feature","properties":{"name":"Navales","clave_catastral":"02","clave_parroquia":"02","descripcion":"Navales","layer":"barrios"},"geometry":{"type":"Polygon","coordinates":[[[-80.73104651199853,-0.953005374768324],[-80.73168188752364,-0.953521484431093],[-80.73174297818183,-0.953486571597864],[-80.73191774814477,-0.953433043131298],[-80.73239428906338,-0.9533325173174063],[-80.73256405811924,-0.9533144425472956],[-80.73281943871767,-0.9533878261615314],[-80.73290762541737,-0.9534193579803372],[-80.73318569125374,-0.9535187811550969],[-80.73324344251223,-0.9535405988528822],[-80.73341130828092,-0.9536067899077949],[-80.73346546925728,-0.9536304959575688],[-80.73362078818859,-0.953698479598259],[-80.73371837170112,-0.9537539600448496],[-80.73374012805164,-0.9537153347602612],[-80.73393075475651,-0.95337690053816],[-80.7339944839552,-0.9532637586164299],[-80.73402688788057,-0.9532064743256541],[-80.7341301380679,-0.9530534038861873],[-80.73418045167628,-0.9529788128036216],[-80.7343485220601,-0.9527137947345778],[-80.73436267699122,-0.952691474603995],[-80.73478879248425,-0.9521035247022809],[-80.73349516671736,-0.9510705084297372],[-80.73304384875561,-0.9516611911655843],[-80.73289170595328,-0.9518801990727326],[-80.73259136311142,-0.9523028829551521],[-80.73226419378533,-0.9520691728945394],[-80.73191152333426,-0.9518139188088243],[-80.73164558926324,-0.9521829699153841],[-80.73135526442141,-0.9525906342807956],[-80.73104651199853,-0.953005374768324]]]}},{"type":"Feature","properties":{"name":"San Rafael","clave_catastral":"02","clave_parroquia":"02","descripcion":"San Rafael","layer":"barrios"},"geometry":{"type":"Polygon","coordinates":[[[-80.7295538175743,-0.9517883579818971],[-80.7297864009157,-0.9519794022640298],[-80.73008241023444,-0.9522130845983554],[-80.73056158221497,-0.9526037636167928],[-80.73104651199853,-0.953005374768324],[-80.73135526442141,-0.9525906342807956],[-80.73164558926324,-0.9521829699153841],[-80.73191152333426,-0.9518139188088243],[-80.73226419378533,-0.9520691728945394],[-80.73259136311142,-0.9523028829551521],[-80.73289170595328,-0.9518801990727326],[-80.73304384875561,-0.9516611911655843],[-80.73349516671736,-0.9510705084297372],[-80.7328801522032,-0.950580472562848],[-80.73238793468026,-0.9501833250163544],[-80.73190333773734,-0.9497908346136086],[-80.73139105638505,-0.9493760434022249],[-80.73120056044525,-0.9496259263558215],[-80.73092055729303,-0.9499932202462844],[-80.73035179326978,-0.9507417299945473],[-80.7295538175743,-0.9517883579818971]]]}},{"type":"Feature","properties":{"name":"La Dolorosa","clave_catastral":"02","clave_parroquia":"02","descripcion":"La Dolorosa","layer":"barrios"},"geometry":{"type":"Polygon","coordinates":[[[-80.7295538175743,-0.9517883579818971],[-80.73035179326978,-0.9507417299945473],[-80.73092055729303,-0.9499932202462844],[-80.73120056044525,-0.9496259263558215],[-80.73139105638505,-0.9493760434022249],[-80.73091081930741,-0.9489537120165465],[-80.73045087573138,-0.9485589173040836],[-80.7300243349717,-0.94819649239993],[-80.72970832202175,-0.9479344926956514],[-80.72937747373369,-0.9476495056203476],[-80.72911192365287,-0.9474172407217623],[-80.728542628051,-0.9481281998009052],[-80.72784915242065,-0.9489973335060569],[-80.72718732076537,-0.949834068795198],[-80.7267628150757,-0.950365758923823],[-80.72621113280975,-0.9510548815385816],[-80.7262210188529,-0.9510627307606397],[-80.72591717694415,-0.9514340309875422],[-80.72556218884326,-0.9518774145141579],[-80.72489883300858,-0.9527238959574333],[-80.72469298661365,-0.9529941541205886],[-80.72466017818836,-0.9530372286833995],[-80.72467584242702,-0.9531597641739467],[-80.72467351477836,-0.9531896926612687],[-80.72468078242306,-0.9532129999261372],[-80.72468907881866,-0.9532396038366641],[-80.72469470854733,-0.9532544290045024],[-80.72470033721498,-0.9532692551461537],[-80.72470391318774,-0.9532864459180104],[-80.72470468045974,-0.9532901336117305],[-80.72470748877281,-0.9533036366409533],[-80.72471895834357,-0.9533273675394724],[-80.72472960533959,-0.953373210474922],[-80.72473383599623,-0.9533724300434159],[-80.72475637354121,-0.9534348221390018],[-80.72476754851417,-0.9534644616113325],[-80.72478086182123,-0.9535039400678187],[-80.72479406268731,-0.9535445856019463],[-80.72482435701814,-0.9536378581687188],[-80.72485469717668,-0.9537312745895293],[-80.7248859775256,-0.9538232024128773],[-80.72472995244954,-0.9541041122224385],[-80.7251104221396,-0.9543315477505844],[-80.72513222881065,-0.954343789969414],[-80.72534229823837,-0.9544659581398349],[-80.72546220065972,-0.9545354606524085],[-80.72586240596026,-0.9546143353777694],[-80.72591704167988,-0.9546234719891658],[-80.72602068939376,-0.9546532066365216],[-80.72608329418973,-0.9546797877609521],[-80.72676716732857,-0.9549486678656366],[-80.72681652017471,-0.9549667372326951],[-80.72684707833267,-0.9549749762340979],[-80.72690437078643,-0.9549853443664915],[-80.72696904215076,-0.9549861411660885],[-80.72704456224906,-0.9549710257375779],[-80.72708894509519,-0.9549511336195593],[-80.72711222401038,-0.9549360185379356],[-80.72714075960022,-0.9549138045497472],[-80.72717124055451,-0.9548866880469973],[-80.72722565098063,-0.9548465473174872],[-80.72751675571647,-0.9544732221568211],[-80.72796930394559,-0.9539103694497157],[-80.72822496358086,-0.9535732822731829],[-80.7283760281619,-0.9533709705447961],[-80.72859835512845,-0.9530721722889268],[-80.72878332558167,-0.9528225370622181],[-80.72911779707307,-0.9523711369866135],[-80.7295538175743,-0.9517883579818971]]]}},{"type":"Feature","properties":{"name":"Santa Monica","clave_catastral":"02","clave_parroquia":"02","descripcion":"Santa Monica","layer":"barrios"},"geometry":{"type":"Polygon","coordinates":[[[-80.73139105638505,-0.9493760434022249],[-80.73190333773734,-0.9497908346136086],[-80.73238793468026,-0.9501833250163544],[-80.7328801522032,-0.950580472562848],[-80.73349516671736,-0.9510705084297372],[-80.73478879248425,-0.9521035247022809],[-80.73505861715864,-0.9516886021452535],[-80.73526565169918,-0.951352352132389],[-80.73561026890069,-0.9507940131943684],[-80.7358818368371,-0.9503559898885499],[-80.73661353928479,-0.949179883046483],[-80.73689783223058,-0.9487027061191782],[-80.73631421426616,-0.9483474000062841],[-80.7368197587441,-0.9475282912852094],[-80.7366110326408,-0.9473713544767719],[-80.73641224075773,-0.9472037771134865],[-80.7363078413703,-0.9471425205315285],[-80.73629529789875,-0.9472376227532777],[-80.73628958810316,-0.9472706554250152],[-80.73627817062861,-0.9473087151843202],[-80.7362510570656,-0.9473661627791188],[-80.73616614962182,-0.94750762631503],[-80.73594996273602,-0.94781353058913],[-80.73539459885087,-0.9474058793682758],[-80.73486321715161,-0.9470020388075824],[-80.7342984130403,-0.9466015657001775],[-80.73377521414757,-0.9462215487337176],[-80.7327727689142,-0.9475436184412018],[-80.73171834836154,-0.9489399609946362],[-80.73139105638505,-0.9493760434022249]]]}},{"type":"Feature","properties":{"name":"Centro De Manta","clave_catastral":"02","clave_parroquia":"02","descripcion":"Centro De Manta","layer":"barrios"},"geometry":{"type":"Polygon","coordinates":[[[-80.72033565852438,-0.9508193806689604],[-80.72038273404594,-0.9508447129927191],[-80.72043381444682,-0.9508603154000211],[-80.72048693682447,-0.9508655860931441],[-80.72056047758865,-0.9508540911952679],[-80.72059114296005,-0.9508447299760263],[-80.72063822165799,-0.9508194044196046],[-80.7206794877054,-0.9507853207182252],[-80.72071335553665,-0.950743787870053],[-80.7209880591829,-0.9508972041874131],[-80.72151435116471,-0.9506055116384147],[-80.72161884467957,-0.9506755426748015],[-80.72201554293417,-0.951518753341773],[-80.72205603333663,-0.9517092440886757],[-80.7221339563165,-0.9519502761430374],[-80.72222495234007,-0.9516856126367799],[-80.72225420923101,-0.9515724936817377],[-80.72224448208694,-0.9512186838546626],[-80.72214845239786,-0.950281408864285],[-80.72211477592859,-0.9501870196497038],[-80.7220733674801,-0.9500709608167739],[-80.72204757178343,-0.9499986599858516],[-80.7220427679448,-0.9499851973907028],[-80.72197520810161,-0.9498819219616053],[-80.72194273010557,-0.9498411346372252],[-80.72189633612442,-0.9497899826393165],[-80.72244881945055,-0.9492829888851873],[-80.72279467959075,-0.9489238472927752],[-80.72320626889508,-0.9484619168473785],[-80.72341772932829,-0.9486401579340082],[-80.7237206984125,-0.9489145290701515],[-80.72401730931024,-0.9491689750710464],[-80.72436736717731,-0.9494730518628671],[-80.7246723233361,-0.9497398053880346],[-80.7249089405084,-0.9499467171598752],[-80.72545241372242,-0.9492739324280847],[-80.72574793971171,-0.9495203416245345],[-80.72610093850494,-0.9498147027570241],[-80.7264713458564,-0.9501105128069441],[-80.7267628150757,-0.950365758923823],[-80.72718732076537,-0.949834068795198],[-80.72784915242065,-0.9489973335060569],[-80.72748336666328,-0.9487461926401011],[-80.72717371555635,-0.9485299747221347],[-80.72680342788462,-0.9482673724801316],[-80.72645593531263,-0.9480275347443552],[-80.72622664981725,-0.9478625854196993],[-80.72578059883173,-0.9475461770928318],[-80.72556572254304,-0.9473952855005193],[-80.7252886230556,-0.9472017730794562],[-80.72616416418946,-0.9462730479610854],[-80.72686956245333,-0.9454990891677112],[-80.72651757852938,-0.9451945674022113],[-80.72606439235638,-0.9447743747565909],[-80.72572622164739,-0.9444631175131236],[-80.72538397635712,-0.9441461149675945],[-80.72501136989828,-0.9437980781480063],[-80.72481361920889,-0.9436139974462776],[-80.72466645317564,-0.9435087145028973],[-80.72466018553841,-0.943513890802336],[-80.72462764992996,-0.9435313927019848],[-80.72459234838873,-0.9435421696090884],[-80.72455563631591,-0.9435458063658899],[-80.7245189248157,-0.9435421637581526],[-80.72449762501333,-0.9435356580400623],[-80.72448362407148,-0.9435313821297484],[-80.72447705602619,-0.9435278477762382],[-80.72445109211556,-0.943513875045383],[-80.72442257820667,-0.9434903157151524],[-80.72441176147046,-0.9434770462531077],[-80.72439917789288,-0.9434616098496916],[-80.72439156271474,-0.9434472649327147],[-80.72435423529393,-0.9434696962579636],[-80.72415446866376,-0.9436168951890096],[-80.72395470225186,-0.943749731699782],[-80.72381320152274,-0.9438466663911527],[-80.72360558641303,-0.9439969768806122],[-80.7235752917857,-0.9440218505914828],[-80.72349714092154,-0.9440860151021297],[-80.7233515963157,-0.9441970730001259],[-80.72316609600222,-0.944356002663838],[-80.72308765242892,-0.9444276202062555],[-80.72303291603309,-0.9444775933583571],[-80.72295015384,-0.9445599314609439],[-80.72281316800697,-0.9446978004323228],[-80.72272945353434,-0.9447858825060534],[-80.72262005465305,-0.9449055607014714],[-80.72250304430284,-0.9450434312578437],[-80.72237271496404,-0.9452023643851817],[-80.72221384414638,-0.9454244906766576],[-80.7220949283667,-0.9455958727217678],[-80.72199503726316,-0.9457548091802153],[-80.72186565587337,-0.9459616173206626],[-80.72176671396686,-0.9461531083160395],[-80.72165445260016,-0.946371408647039],[-80.72155170335562,-0.9465973690824399],[-80.7215245115348,-0.9466643666911381],[-80.72136719694313,-0.9466880322544141],[-80.72060182213899,-0.946791512535313],[-80.72063358284413,-0.94732651109274],[-80.72065645754321,-0.9477454951229305],[-80.72074910196227,-0.9487519915423661],[-80.72076344311047,-0.9488739061810634],[-80.72078772469506,-0.9491545046530945],[-80.72079982310107,-0.9492573557955949],[-80.72081517802933,-0.9493238619638761],[-80.72082516277604,-0.9493671073942807],[-80.72083025895648,-0.9494335892063361],[-80.72072448074269,-0.9498258165995566],[-80.72059604281849,-0.9501106611519248],[-80.7204869800026,-0.9503173930108346],[-80.72043385678631,-0.9503226550474722],[-80.72038277388407,-0.9503382491293593],[-80.72038137171603,-0.9503390035499563],[-80.72033569519283,-0.9503635746837631],[-80.72029442914952,-0.9503976583815898],[-80.72026056131908,-0.9504391912252005],[-80.72023539417192,-0.9504865773985074],[-80.72022770209857,-0.9505120943430114],[-80.72021989494944,-0.9505379948785304],[-80.7202146588078,-0.9505914678098577],[-80.72021525151949,-0.9505975267547625],[-80.72021988634228,-0.95064494159449],[-80.72022829134913,-0.9506728401646852],[-80.72023537818804,-0.9506963616016008],[-80.72026053771017,-0.9507437509736718],[-80.72029439796097,-0.9507852893390804],[-80.72033565852438,-0.9508193806689604]]]}},{"type":"Feature","properties":{"name":"Royal","clave_catastral":"02","clave_parroquia":"02","descripcion":"Royal","layer":"barrios"},"geometry":{"type":"Polygon","coordinates":[[[-80.7267628150757,-0.950365758923823],[-80.7264713458564,-0.9501105128069441],[-80.72610093850494,-0.9498147027570241],[-80.72574793971171,-0.9495203416245345],[-80.72545241372242,-0.9492739324280847],[-80.7249089405084,-0.9499467171598752],[-80.7246723233361,-0.9497398053880346],[-80.724340050873,-0.9501584027623835],[-80.7240003666581,-0.9505803740831168],[-80.7242468948362,-0.9507861512805391],[-80.724251759966,-0.9507901475658258],[-80.72452302742963,-0.9510129718812976],[-80.72488326205519,-0.9513092195906979],[-80.7248848686654,-0.9513105408255312],[-80.72531152080015,-0.9516674209719866],[-80.72556218884326,-0.9518774145141579],[-80.72591717694415,-0.9514340309875422],[-80.7262210188529,-0.9510627307606397],[-80.72621113280975,-0.9510548815385816],[-80.7267628150757,-0.950365758923823]]]}},{"type":"Feature","properties":{"name":"Algarrobos","clave_catastral":"02","clave_parroquia":"02","descripcion":"Algarrobos","layer":"barrios"},"geometry":{"type":"Polygon","coordinates":[[[-80.7393467582904,-0.9477515014463478],[-80.73920902312072,-0.9475655639252096],[-80.73889971327186,-0.947148399676138],[-80.73862895501487,-0.9468053357691133],[-80.73833181862722,-0.9464579624830094],[-80.7378108003939,-0.9458695466210116],[-80.73775462683436,-0.9458075692376582],[-80.7374880709963,-0.9455192031404068],[-80.73730606249899,-0.9453235021120037],[-80.73716342846473,-0.9452062332918274],[-80.73713516305925,-0.9451871225619328],[-80.73705640491532,-0.9451653589664488],[-80.73661497982773,-0.9451227736389285],[-80.73655203297047,-0.9456030033848037],[-80.73643406965913,-0.9462507692316251],[-80.73637406184251,-0.9466119593293173],[-80.73633308689529,-0.9468994443063679],[-80.7363078413703,-0.9471425205315285],[-80.73641224075773,-0.9472037771134865],[-80.7366110326408,-0.9473713544767719],[-80.7368197587441,-0.9475282912852094],[-80.73631421426616,-0.9483474000062841],[-80.73689783223058,-0.9487027061191782],[-80.73661353928479,-0.949179883046483],[-80.73698915240625,-0.949407927314965],[-80.7374187320765,-0.9496716830633289],[-80.73769675597799,-0.9498423860260204],[-80.73825779238979,-0.95018379393413],[-80.73840076376997,-0.9498696075530404],[-80.73856538716252,-0.9495043296830659],[-80.73874183217657,-0.9491163234277878],[-80.73889381543619,-0.9487802534265343],[-80.7393467582904,-0.9477515014463478]]]}},{"type":"Feature","properties":{"name":"Bella Vista","clave_catastral":"04","clave_parroquia":"04","descripcion":"Bella Vista","layer":"barrios"},"geometry":{"type":"Polygon","coordinates":[[[-80.72559217366786,-0.9585865976755628],[-80.72535558668521,-0.958762874498106],[-80.72515430025518,-0.9587656144287138],[-80.72515024419047,-0.9587591693952789],[-80.7251497975612,-0.9587336526199123],[-80.72513850398776,-0.9587064229289979],[-80.72512275121005,-0.9586836811380266],[-80.72508946078027,-0.9586549535830216],[-80.7250493333577,-0.9586274223446907],[-80.72485946173025,-0.958525549272025],[-80.72483903753958,-0.9585197566811416],[-80.72486736902195,-0.9584378893686248],[-80.72483213774511,-0.9584146938362323],[-80.72477642415011,-0.9583627440232617],[-80.72427455330946,-0.9580197319326231],[-80.72398441722844,-0.958162977796661],[-80.7235068499183,-0.9581896786570496],[-80.72335064455828,-0.9581093608183836],[-80.7232392658163,-0.9583029631460391],[-80.72315613208336,-0.9582275526459796],[-80.72304265722619,-0.9580602085464279],[-80.72280070168958,-0.9579227983506229],[-80.72229835799368,-0.9576744068567393],[-80.72213207273253,-0.9575669960137959],[-80.7220911908712,-0.9575614585175031],[-80.72170255050494,-0.9575788353698584],[-80.72076799398862,-0.9574848482432259],[-80.72070861199268,-0.9574839486086545],[-80.7207092583598,-0.9575377748601142],[-80.72051866059905,-0.958344362368763],[-80.72049020017268,-0.9584364747988445],[-80.720540627604,-0.9584699734103596],[-80.72057618570334,-0.9585338919431763],[-80.7205843527073,-0.9585485725681621],[-80.72076027311334,-0.9588648094794793],[-80.72081235807697,-0.9587854256536872],[-80.72104399606148,-0.9589818426582184],[-80.72116650821965,-0.959048301531169],[-80.72124620017064,-0.9590826773984702],[-80.72134216863874,-0.9591128187082916],[-80.72139508360101,-0.9591393747098067],[-80.72143279944498,-0.9591510513769919],[-80.72146690841694,-0.9591742348574853],[-80.72149919115023,-0.9591961760102521],[-80.72151955120162,-0.9592100144360387],[-80.72156098083609,-0.9592440307050225],[-80.7216111757609,-0.9592854917118103],[-80.72165881379681,-0.9593249087507018],[-80.72176686203649,-0.9594102994601172],[-80.7218405877796,-0.9594677026189798],[-80.7218975149758,-0.9595050449928237],[-80.72192682473967,-0.9595242717456927],[-80.7219313492423,-0.9595243046856865],[-80.72209731694912,-0.959636044613319],[-80.7223170831141,-0.9599643431685934],[-80.72254188383255,-0.9602208400818172],[-80.72229520254179,-0.9610610488326472],[-80.7227720040293,-0.9610855658716132],[-80.72371796140538,-0.961410103927264],[-80.72466391902715,-0.9617346408657711],[-80.72505776164638,-0.9621615116890752],[-80.72567914472873,-0.9625783820728913],[-80.72609052472131,-0.962544157287482],[-80.72616119797843,-0.9625382778066438],[-80.7261809851724,-0.962229907039969],[-80.72604203969388,-0.9609857759167112],[-80.72592042308561,-0.9598967981741707],[-80.7256587566592,-0.959151959501952],[-80.72559217366786,-0.9585865976755628]]]}},{"type":"Feature","properties":{"name":"Abdon Calderon","clave_catastral":"02","clave_parroquia":"02","descripcion":"Abdon Calderon","layer":"barrios"},"geometry":{"type":"Polygon","coordinates":[[[-80.73653979498181,-0.9611906046061307],[-80.73649906879177,-0.9615203719010168],[-80.736368551163,-0.9616604618690872],[-80.73590194129044,-0.9618637334137787],[-80.735952428598,-0.9619782259010634],[-80.73597887692927,-0.9620651696611021],[-80.7359898558466,-0.9620627603443381],[-80.73600692322502,-0.9621415482355501],[-80.73624520118989,-0.9620430727230628],[-80.7365305219082,-0.9619792117830883],[-80.73668665177912,-0.961944266467654],[-80.73681584172333,-0.9619153508160565],[-80.73698499894155,-0.9619942418872965],[-80.73728543161091,-0.962134356431875],[-80.73746806305968,-0.9623238543242394],[-80.73827383815967,-0.9616555975293152],[-80.73846506892372,-0.9614970683619218],[-80.73849080563095,-0.961475732540805],[-80.738522980784,-0.961449060276351],[-80.73917637937804,-0.9609045038905748],[-80.73948173783977,-0.96069579319537],[-80.73963774516517,-0.9606048428640294],[-80.73983560691255,-0.9605081516666587],[-80.73996133125986,-0.9604529136999247],[-80.73995893549946,-0.9603165858673464],[-80.73996149799994,-0.9603040593181761],[-80.7400481500615,-0.9598804437354858],[-80.73964469266613,-0.9598940442516266],[-80.73948737560974,-0.9595104142483989],[-80.73943533553391,-0.9593835104210768],[-80.73930968533115,-0.9590771030872816],[-80.73936622190426,-0.9587455023545316],[-80.73937559590767,-0.9586905215364823],[-80.7394890369014,-0.9585337034474151],[-80.7401630383652,-0.9585288179309828],[-80.74062497943285,-0.9587842971077833],[-80.74102810947277,-0.9589034974787579],[-80.74113854817975,-0.9588101876848327],[-80.74124774421581,-0.9587360008480488],[-80.74128386335701,-0.9586393324112379],[-80.74130441635855,-0.9584950117700969],[-80.74135306208909,-0.9581534273560095],[-80.74135289473104,-0.9581502106813816],[-80.74135116187006,-0.9581169045428197],[-80.74134263382628,-0.9576774128742755],[-80.7409588351527,-0.9576720434533],[-80.74103387992803,-0.9572725202115322],[-80.74112169965933,-0.9570947648757197],[-80.74120003294762,-0.9570929324356997],[-80.74135538931465,-0.9570982594584763],[-80.7415446762368,-0.9571112221670007],[-80.74198312030833,-0.957161134394923],[-80.74234166367546,-0.9572121298109835],[-80.74313441719929,-0.957334872640061],[-80.74330537233517,-0.9573386460776021],[-80.74344913662611,-0.957323687513906],[-80.74355941544184,-0.9573002825751756],[-80.74365690511874,-0.9572681533627191],[-80.74395783429195,-0.9571497346059203],[-80.74393771131993,-0.9570885478022434],[-80.7439508164783,-0.9566292641890044],[-80.74394500734526,-0.9565599115558143],[-80.7438859813894,-0.9563377631413061],[-80.74388384200007,-0.956280758399032],[-80.74336222933188,-0.9561791217555964],[-80.74326809349759,-0.956306760685024],[-80.74311041515585,-0.9562993040457001],[-80.74312248868235,-0.9566267193878275],[-80.74304498865628,-0.9567523329101988],[-80.74289355332373,-0.9567181488378793],[-80.7427422349161,-0.9566748675028265],[-80.74252785084423,-0.9566181643799467],[-80.74199944328363,-0.9565225482392634],[-80.74201482879337,-0.9563811019243786],[-80.74203840585707,-0.9563283288946423],[-80.74204758833913,-0.9562300266810694],[-80.74216392802931,-0.9554278455177325],[-80.74204362243702,-0.9554143497732496],[-80.74177812480342,-0.9553735467500104],[-80.74146551915481,-0.9553250348544964],[-80.74115650946668,-0.9552631256973285],[-80.74090255331832,-0.955209146246915],[-80.74072724307098,-0.9551910747373],[-80.7406000146663,-0.9551789280094738],[-80.74031998198976,-0.9551688746404636],[-80.74014820511569,-0.9551740652500627],[-80.73995030069632,-0.9551931332531183],[-80.73973468143403,-0.9552336332226048],[-80.73950273433317,-0.9552871488274661],[-80.73904696472184,-0.9554342891100447],[-80.73861460935049,-0.9555635169059968],[-80.73856587188253,-0.9555718421946722],[-80.73865547670668,-0.9558568852438754],[-80.73867135163253,-0.9559115634035463],[-80.73862620620568,-0.9559231962173699],[-80.7383988977807,-0.9559831616890335],[-80.73840549430471,-0.9560028561257212],[-80.73830719205262,-0.9560256055847988],[-80.7382914417618,-0.956103940385546],[-80.73833003868212,-0.9563647679331524],[-80.73832854593891,-0.9563747025417513],[-80.73831649248591,-0.9564549276046536],[-80.73823836148944,-0.9565986724633717],[-80.73815165392199,-0.9567702340648623],[-80.73807903061886,-0.9571163912884374],[-80.73773854101496,-0.9573430787085044],[-80.7378245332357,-0.9577151439026751],[-80.73750333505359,-0.9579649182550725],[-80.73756081250329,-0.9581487895171534],[-80.73766674758983,-0.9583042988584082],[-80.73757382738509,-0.9583129725564278],[-80.73694388114139,-0.9584121823974102],[-80.737076000382,-0.9591162836911452],[-80.73711934174305,-0.9593258712247348],[-80.73721815215534,-0.959304885216369],[-80.7372269190987,-0.9593030230770552],[-80.7372455280079,-0.9593926550514594],[-80.73725094302793,-0.959418738525997],[-80.73726025556878,-0.9594635943215337],[-80.73721821554929,-0.9597462307929446],[-80.73721679293195,-0.9598146871694269],[-80.73714632139779,-0.9598391082335382],[-80.73712953913936,-0.9598396588140048],[-80.73712615165087,-0.9598625081410147],[-80.73712013474476,-0.9599030897616815],[-80.73711987755804,-0.9599048268027133],[-80.73711626705438,-0.9599291806605237],[-80.7371067124831,-0.9599936294055453],[-80.73709279832859,-0.9600874820928881],[-80.7370796674227,-0.9601760530896399],[-80.73707868723581,-0.9601826656066663],[-80.73707763870563,-0.9601897386204711],[-80.73706241073782,-0.9602924538350379],[-80.73705648285444,-0.9603324428708361],[-80.73694324794454,-0.9604601126021635],[-80.73686925489012,-0.9605673649513305],[-80.73668754397849,-0.9605635067122763],[-80.73668560708775,-0.9605634658497166],[-80.73636588889757,-0.9605566764545301],[-80.73653979498181,-0.9611906046061307]]]}},{"type":"Feature","properties":{"name":"Santa Fe","clave_catastral":"02","clave_parroquia":"02","descripcion":"Santa Fe","layer":"barrios"},"geometry":{"type":"Polygon","coordinates":[[[-80.73104651199853,-0.953005374768324],[-80.73056158221497,-0.9526037636167928],[-80.73008241023444,-0.9522130845983554],[-80.7297864009157,-0.9519794022640298],[-80.7295538175743,-0.9517883579818971],[-80.72911779707307,-0.9523711369866135],[-80.72878332558167,-0.9528225370622181],[-80.72859835512845,-0.9530721722889268],[-80.7283760281619,-0.9533709705447961],[-80.72822496358086,-0.9535732822731829],[-80.72796930394559,-0.9539103694497157],[-80.72751675571647,-0.9544732221568211],[-80.72722565098063,-0.9548465473174872],[-80.72717124055451,-0.9548866880469973],[-80.72714075960022,-0.9549138045497472],[-80.72711222401038,-0.9549360185379356],[-80.72708894509519,-0.9549511336195593],[-80.72704456224906,-0.9549710257375779],[-80.72696904215076,-0.9549861411660885],[-80.72690437078643,-0.9549853443664915],[-80.72684707833267,-0.9549749762340979],[-80.72681652017471,-0.9549667372326951],[-80.72676716732857,-0.9549486678656366],[-80.72608329418973,-0.9546797877609521],[-80.72602068939376,-0.9546532066365216],[-80.72591704167988,-0.9546234719891658],[-80.72586240596026,-0.9546143353777694],[-80.72546220065972,-0.9545354606524085],[-80.72550278178107,-0.954558984781869],[-80.72742806672791,-0.9559124422475237],[-80.72783665913286,-0.9562164892560929],[-80.72794811860335,-0.9562994291766813],[-80.72816366972118,-0.9564598267340615],[-80.72819005564115,-0.9564804871818353],[-80.72853245879588,-0.9567485961567854],[-80.72891670526145,-0.9570494692077888],[-80.72890429397563,-0.9570597204921683],[-80.72888038747661,-0.9570890378073216],[-80.72886262207915,-0.9571224874608929],[-80.72886127893825,-0.9571269421885944],[-80.72885168096421,-0.9571587829974391],[-80.72884798487472,-0.9571965302791625],[-80.72885167503489,-0.9572342772439129],[-80.7288626104489,-0.9572705745213312],[-80.72886735625274,-0.9572795135192109],[-80.72888037059317,-0.9573040270017685],[-80.72890427248913,-0.9573333481208977],[-80.72893339856141,-0.9573574132403309],[-80.72895143560088,-0.9573671195923906],[-80.72896662899139,-0.9573752958389292],[-80.72900268665336,-0.9573863091334971],[-80.72902895805916,-0.9573889159082968],[-80.72904018564736,-0.9573900296053068],[-80.72907768522512,-0.9573863150988586],[-80.7291137446161,-0.9573753075403602],[-80.72914697785367,-0.9573574302279155],[-80.72917610770429,-0.9573333697414909],[-80.72920001420376,-0.9573040515193156],[-80.72920683702202,-0.9572912050565634],[-80.72944036814714,-0.957445277298433],[-80.72956701504918,-0.9575562049623016],[-80.7297376034553,-0.9577056201306958],[-80.72993172367936,-0.9578867239372072],[-80.72996189938233,-0.9578391934061018],[-80.73000058391494,-0.9577851503867265],[-80.73001099303467,-0.9577706087632833],[-80.73001341823371,-0.9577672207839356],[-80.7304210772244,-0.9571970144624372],[-80.73043270924866,-0.9571990291013321],[-80.73053600846745,-0.9572161418853541],[-80.73055434415565,-0.9572227170219918],[-80.73064139380547,-0.9571753066892512],[-80.73076313494799,-0.9572428409021541],[-80.73078480957086,-0.9571696173905337],[-80.73078564385246,-0.9571669874389386],[-80.73092618213862,-0.957236335283696],[-80.73093416796443,-0.9572006845654926],[-80.73104842037206,-0.9572340080464699],[-80.73111511711853,-0.9572534611462657],[-80.73122126538938,-0.9569142072026297],[-80.73133206832753,-0.9564842021747495],[-80.73144400658441,-0.9563871699455149],[-80.7316041009043,-0.9561069802645933],[-80.73175715439551,-0.9559038159695349],[-80.73190335200354,-0.9559195985199693],[-80.73194326503011,-0.955832024868613],[-80.73199085125682,-0.9557529453196878],[-80.7320378667303,-0.9556741199506433],[-80.73204549754183,-0.9556613278247424],[-80.73196439282354,-0.955612266693265],[-80.73210739220963,-0.9553653276612692],[-80.73220962071024,-0.9551532089552666],[-80.73224204253691,-0.9550859347906311],[-80.73241468084977,-0.9547277167247047],[-80.7323281984316,-0.9546354847127105],[-80.73263085370574,-0.9541372453138308],[-80.73266168787367,-0.954086484850464],[-80.7327128131326,-0.9540002772753553],[-80.73292249405333,-0.9539094227855287],[-80.73292612128768,-0.9538314001055568],[-80.73292789394249,-0.9537932609114249],[-80.73290762541737,-0.9534193579803372],[-80.73281943871767,-0.9533878261615314],[-80.73256405811924,-0.9533144425472956],[-80.73239428906338,-0.9533325173174063],[-80.73191774814477,-0.953433043131298],[-80.73174297818183,-0.953486571597864],[-80.73168188752364,-0.953521484431093],[-80.73104651199853,-0.953005374768324]]]}},{"type":"Feature","properties":{"name":"Urb Terrazas del Conde","clave_catastral":"02","clave_parroquia":"02","descripcion":"Urb Terrazas del Conde","layer":"barrios"},"geometry":{"type":"Polygon","coordinates":[[[-80.74008177143995,-0.9638042855811763],[-80.7402558866588,-0.9628541304396947],[-80.74017978244434,-0.9625208666716389],[-80.74006209366561,-0.9621307616224329],[-80.74000620286805,-0.9619455006512823],[-80.73965841245247,-0.9619394901492342],[-80.73926917390263,-0.9620214893357683],[-80.73926066442479,-0.9620059917429984],[-80.7392254510579,-0.9619418570965905],[-80.73922510507117,-0.9619412264805902],[-80.73910192569554,-0.9617168800744195],[-80.73909951007901,-0.9617124802382762],[-80.73908608489477,-0.9616880291643782],[-80.73900447998349,-0.9614995897449319],[-80.73896615063673,-0.9615285405293008],[-80.73845480058154,-0.9619294338407656],[-80.7387007593087,-0.9624606135304248],[-80.73873248188447,-0.9625231320829356],[-80.73882091184161,-0.9626691606030136],[-80.73886314144927,-0.9627296135864327],[-80.7388876849173,-0.9627628042029386],[-80.73898878967513,-0.9628847681640734],[-80.73911433993777,-0.9630281758562519],[-80.73935888098531,-0.9632930060489429],[-80.73950429572643,-0.9634212159782721],[-80.73964899321746,-0.963526084088457],[-80.7397527075474,-0.9636081501146236],[-80.73989902349105,-0.9637049663398756],[-80.74000885118814,-0.9637663147561994],[-80.74008177143995,-0.9638042855811763]]]}},{"type":"Feature","properties":{"name":"4 De Noviembre","clave_catastral":"04","clave_parroquia":"04","descripcion":"4 De Noviembre","layer":"barrios"},"geometry":{"type":"Polygon","coordinates":[[[-80.72559217366786,-0.9585865976755628],[-80.72580291649346,-0.9584274767471186],[-80.7257930440557,-0.958408921420741],[-80.72607679782831,-0.9582299081329069],[-80.72625357368824,-0.9583832763278224],[-80.72640257587817,-0.9583833290228654],[-80.72640017469084,-0.9583559131466757],[-80.72635310166758,-0.9582065403463815],[-80.72629669206458,-0.957909398227784],[-80.72627893761239,-0.9578158760550366],[-80.72621542046147,-0.9576311075395268],[-80.7261937915993,-0.9575681898711395],[-80.72612344882785,-0.9573635667616571],[-80.72606353931587,-0.957146209675102],[-80.72603088878171,-0.9568771917395225],[-80.72601600917045,-0.9567545903397985],[-80.7260036508486,-0.9566636271462841],[-80.72598082625747,-0.9565937285755837],[-80.72596573939371,-0.9565798055558901],[-80.72595547597663,-0.9565703332337563],[-80.72593088961065,-0.9565476436335842],[-80.72591234356237,-0.9565305284891252],[-80.72578868975775,-0.9564768986006413],[-80.72548620917958,-0.9563801671041716],[-80.72527028572667,-0.9563380196952663],[-80.72469385135412,-0.9562795664039925],[-80.72460109224048,-0.9562749285665717],[-80.7245787538363,-0.9562738121496892],[-80.72443226322552,-0.9563044404116425],[-80.72433381464799,-0.9563127431977705],[-80.72426541225828,-0.9563185051756449],[-80.72413452939642,-0.9563295503201203],[-80.72411320937039,-0.9563278088221523],[-80.72409658728192,-0.9563264513047613],[-80.72390963507617,-0.9563111835295643],[-80.72370909957178,-0.9562948063643972],[-80.72346344719183,-0.956294547609005],[-80.72333598231482,-0.9563117721533843],[-80.72315422008974,-0.9563481107906141],[-80.72306056302381,-0.9563668353766844],[-80.72289674899335,-0.9563995864389341],[-80.7227338041497,-0.956431600217769],[-80.72269580097306,-0.9564390664807831],[-80.72260781307403,-0.9564402562664185],[-80.7225357028102,-0.9564235909193997],[-80.72253344692932,-0.9564226154496537],[-80.72231952730803,-0.9563202581292387],[-80.72229510996127,-0.9563085753250533],[-80.72186351235634,-0.9560775448105403],[-80.7217903401833,-0.9560330366645928],[-80.72171727287007,-0.9563048143560023],[-80.72187949740109,-0.9563890930343888],[-80.721986894577,-0.9564444234954408],[-80.72200331099656,-0.9567342223333241],[-80.72205771872208,-0.9571752053828817],[-80.72212828718078,-0.9575365201125692],[-80.72213207273253,-0.9575669960137959],[-80.72229835799368,-0.9576744068567393],[-80.72280070168958,-0.9579227983506229],[-80.72304265722619,-0.9580602085464279],[-80.72315613208336,-0.9582275526459796],[-80.7232392658163,-0.9583029631460391],[-80.72335064455828,-0.9581093608183836],[-80.7235068499183,-0.9581896786570496],[-80.72398441722844,-0.958162977796661],[-80.72427455330946,-0.9580197319326231],[-80.72477642415011,-0.9583627440232617],[-80.72483213774511,-0.9584146938362323],[-80.72486736902195,-0.9584378893686248],[-80.72483903753958,-0.9585197566811416],[-80.72485946173025,-0.958525549272025],[-80.7250493333577,-0.9586274223446907],[-80.72508946078027,-0.9586549535830216],[-80.72512275121005,-0.9586836811380266],[-80.72513850398776,-0.9587064229289979],[-80.7251497975612,-0.9587336526199123],[-80.72515024419047,-0.9587591693952789],[-80.72515430025518,-0.9587656144287138],[-80.72535558668521,-0.958762874498106],[-80.72559217366786,-0.9585865976755628]]]}},{"type":"Feature","properties":{"name":"5 de Junio","clave_catastral":"02","clave_parroquia":"02","descripcion":"5 de Junio","layer":"barrios"},"geometry":{"type":"Polygon","coordinates":[[[-80.7244008204681,-0.9560619272235585],[-80.72436461612979,-0.9561325031829284],[-80.72426541225828,-0.9563185051756449],[-80.72433381464799,-0.9563127431977705],[-80.72443226322552,-0.9563044404116425],[-80.7245787538363,-0.9562738121496892],[-80.72460109224048,-0.9562749285665717],[-80.72469385135412,-0.9562795664039925],[-80.72527028572667,-0.9563380196952663],[-80.72548620917958,-0.9563801671041716],[-80.72578868975775,-0.9564768986006413],[-80.72591234356237,-0.9565305284891252],[-80.72593088961065,-0.9565476436335842],[-80.72595547597663,-0.9565703332337563],[-80.72596573939371,-0.9565798055558901],[-80.72598082625747,-0.9565937285755837],[-80.7260036508486,-0.9566636271462841],[-80.72601600917045,-0.9567545903397985],[-80.72603088878171,-0.9568771917395225],[-80.72606353931587,-0.957146209675102],[-80.72612344882785,-0.9573635667616571],[-80.7261937915993,-0.9575681898711395],[-80.72621542046147,-0.9576311075395268],[-80.72627893761239,-0.9578158760550366],[-80.72629669206458,-0.957909398227784],[-80.72635310166758,-0.9582065403463815],[-80.72640017469084,-0.9583559131466757],[-80.72640257587817,-0.9583833290228654],[-80.72641190853997,-0.9584898929405057],[-80.72641300496846,-0.9585024107131376],[-80.7264315450787,-0.9586058215226956],[-80.72644153021359,-0.9586450328232559],[-80.726457617126,-0.9587082060826333],[-80.72646007365084,-0.9587178514835698],[-80.72652284075862,-0.9588858971266774],[-80.72654583055655,-0.9589581190306546],[-80.72655850212725,-0.9589979267568935],[-80.72656547094923,-0.959036844686409],[-80.7265741907362,-0.9590855391443968],[-80.72659645468954,-0.9591303697341972],[-80.72660842914696,-0.959154481443946],[-80.72661053103538,-0.9591592748113555],[-80.72665693253843,-0.9592650754142795],[-80.72666432312583,-0.9592784115586142],[-80.72667572982898,-0.959298994820756],[-80.72669069612836,-0.9593259991559934],[-80.72673706163253,-0.9594097834322355],[-80.72676559402541,-0.9594624484832082],[-80.72679709966592,-0.9595031443477637],[-80.72682979507033,-0.9595354626147241],[-80.72685465840208,-0.9595567010696868],[-80.7268690308729,-0.9595689783497363],[-80.72691361712674,-0.9595917220314193],[-80.72693697612539,-0.9595986006734023],[-80.72697663429487,-0.9596102783467586],[-80.72704262371408,-0.9596294338234658],[-80.72705136896694,-0.9596290681148503],[-80.72709969705016,-0.9596270445216533],[-80.72719363055651,-0.9596258551203505],[-80.72722036257487,-0.9596231476340904],[-80.72727626864301,-0.9596174840592653],[-80.72735415052401,-0.9596067187293187],[-80.72741534348326,-0.9596097598730609],[-80.72743857081498,-0.9596109143472518],[-80.7275503358825,-0.9596605932605229],[-80.72764624422132,-0.9596911297701922],[-80.72775245756894,-0.9596941057574639],[-80.72786174251748,-0.9596915767750289],[-80.7279406923571,-0.9596897492317565],[-80.72841878919026,-0.9596786856702125],[-80.72844025682437,-0.9596781897904663],[-80.72849740827758,-0.9596768671345899],[-80.72850203711928,-0.959675927501749],[-80.72851122020181,-0.9596740654197903],[-80.72877788462206,-0.9596199827289382],[-80.72904862152146,-0.9595650734265746],[-80.72941132406115,-0.9594915125046555],[-80.72947631399794,-0.959511341873224],[-80.72961170086508,-0.9595526503395463],[-80.72970560148727,-0.9595813012019931],[-80.72977630310196,-0.9596028735082314],[-80.72999987803648,-0.9596710898781424],[-80.73029502857705,-0.9598138354088945],[-80.73047114700103,-0.9598990132731586],[-80.73082523352113,-0.9600702629902997],[-80.73091730824935,-0.9601165973146664],[-80.73096766278316,-0.9601419370478935],[-80.73098300452737,-0.960149657323612],[-80.73113031763113,-0.9602237889792634],[-80.73117234430634,-0.9602449373936253],[-80.73129221304058,-0.9603052590536123],[-80.73166696509331,-0.9604938429447287],[-80.7317039361692,-0.9605369131969183],[-80.73200221669948,-0.9608843976491671],[-80.73203772558414,-0.9609257641989187],[-80.73210784374825,-0.9610074495625582],[-80.73211425963106,-0.9610149230468323],[-80.7321969597238,-0.9611112649438098],[-80.73225200773724,-0.9613216571381002],[-80.73226687649682,-0.9613784864181127],[-80.73233331239709,-0.9616323992042625],[-80.73237886392737,-0.9618064960436074],[-80.7324199920303,-0.9619636842431872],[-80.73246938205655,-0.9621524504984366],[-80.73246942608424,-0.9621526178749066],[-80.73251446366622,-0.9623247496258074],[-80.73253871994449,-0.9623746105980899],[-80.73264285785487,-0.962588668972927],[-80.73268906179364,-0.9626836427706992],[-80.7327712520589,-0.9628525892250508],[-80.73301867909713,-0.9629942370549286],[-80.73311214650701,-0.9630477449755404],[-80.73331699164893,-0.9631650154018274],[-80.73363624668163,-0.9631542689462833],[-80.73395550172063,-0.9631435224601005],[-80.73410844005214,-0.963061948722455],[-80.73426442360773,-0.9629787521488281],[-80.73441539079703,-0.9628982304266884],[-80.73424479186849,-0.9627046089863995],[-80.7341719746355,-0.962621798866266],[-80.73123148917603,-0.9593125361597572],[-80.73041889015661,-0.9583979821104833],[-80.73009708687022,-0.9580409993759247],[-80.72993172367936,-0.9578867239372072],[-80.7297376034553,-0.9577056201306958],[-80.72956701504918,-0.9575562049623016],[-80.72944036814714,-0.957445277298433],[-80.72920683702202,-0.9572912050565634],[-80.72920001420376,-0.9573040515193156],[-80.72917610770429,-0.9573333697414909],[-80.72914697785367,-0.9573574302279155],[-80.7291137446161,-0.9573753075403602],[-80.72907768522512,-0.9573863150988586],[-80.72904018564736,-0.9573900296053068],[-80.72902895805916,-0.9573889159082968],[-80.72900268665336,-0.9573863091334971],[-80.72896662899139,-0.9573752958389292],[-80.72895143560088,-0.9573671195923906],[-80.72893339856141,-0.9573574132403309],[-80.72890427248913,-0.9573333481208977],[-80.72888037059317,-0.9573040270017685],[-80.72886735625274,-0.9572795135192109],[-80.7288626104489,-0.9572705745213312],[-80.72885167503489,-0.9572342772439129],[-80.72884798487472,-0.9571965302791625],[-80.72885168096421,-0.9571587829974391],[-80.72886127893825,-0.9571269421885944],[-80.72886262207915,-0.9571224874608929],[-80.72888038747661,-0.9570890378073216],[-80.72890429397563,-0.9570597204921683],[-80.72891670526145,-0.9570494692077888],[-80.72853245879588,-0.9567485961567854],[-80.72819005564115,-0.9564804871818353],[-80.72816366972118,-0.9564598267340615],[-80.72794811860335,-0.9562994291766813],[-80.72783665913286,-0.9562164892560929],[-80.72742806672791,-0.9559124422475237],[-80.72550278178107,-0.954558984781869],[-80.72546220065972,-0.9545354606524085],[-80.72534229823837,-0.9544659581398349],[-80.72513222881065,-0.954343789969414],[-80.72474856194876,-0.9553032503593926],[-80.7244008204681,-0.9560619272235585]]]}},{"type":"Feature","properties":{"name":"Libertad","clave_catastral":"02","clave_parroquia":"02","descripcion":"Libertad","layer":"barrios"},"geometry":{"type":"Polygon","coordinates":[[[-80.73441539079703,-0.9628982304266884],[-80.73523920361914,-0.9624588321498067],[-80.73600692322502,-0.9621415482355501],[-80.7359898558466,-0.9620627603443381],[-80.73597887692927,-0.9620651696611021],[-80.735952428598,-0.9619782259010634],[-80.73590194129044,-0.9618637334137787],[-80.736368551163,-0.9616604618690872],[-80.73649906879177,-0.9615203719010168],[-80.73653979498181,-0.9611906046061307],[-80.73599207883622,-0.9608070673374272],[-80.73584965848312,-0.96065205977429],[-80.73570020957291,-0.9605559063551539],[-80.73569609767256,-0.9604263412083042],[-80.73552123887049,-0.9604263275941349],[-80.73521908734723,-0.9602474329399513],[-80.73524724155759,-0.9601942340327696],[-80.73508056415146,-0.9601048555995249],[-80.73500992426062,-0.9598759679229829],[-80.73500433015612,-0.9598063375918285],[-80.73469303344123,-0.959686883146972],[-80.73410449409283,-0.9596027462315107],[-80.73407667121802,-0.9595784903472975],[-80.73358610515665,-0.9594749321746434],[-80.73358081637386,-0.9594323520659884],[-80.73323834686039,-0.9592919788704534],[-80.73330813284315,-0.9592297261100241],[-80.73307001167953,-0.9591049367295597],[-80.73303809528457,-0.9591791980784451],[-80.73247521658985,-0.9587097628935481],[-80.7320777700286,-0.9590237334596594],[-80.73174099481106,-0.9586944489617224],[-80.7316153635888,-0.9586323655689882],[-80.731141289868,-0.9584183140099469],[-80.7303992294669,-0.9581177936793495],[-80.73009708687022,-0.9580409993759247],[-80.73041889015661,-0.9583979821104833],[-80.73123148917603,-0.9593125361597572],[-80.7341719746355,-0.962621798866266],[-80.73424479186849,-0.9627046089863995],[-80.73441539079703,-0.9628982304266884]]]}},{"type":"Feature","properties":{"name":"Riveras Del Rio","clave_catastral":"04","clave_parroquia":"04","descripcion":"Riveras Del Rio","layer":"barrios"},"geometry":{"type":"Polygon","coordinates":[[[-80.72616119797843,-0.9625382778066438],[-80.7262763364899,-0.9625286979993889],[-80.72641076759673,-0.9625522188695044],[-80.72645703607868,-0.962477652093142],[-80.72650916059914,-0.9623639413355534],[-80.72653965236607,-0.9622698422218576],[-80.72657847984263,-0.962103852138128],[-80.72669180104752,-0.961585092096712],[-80.7267649442012,-0.9613186846401051],[-80.72681144551923,-0.9612204902426811],[-80.7269692490567,-0.9609115913438728],[-80.72726293048865,-0.9603789727940466],[-80.72752600235017,-0.9599066448933087],[-80.7275368387987,-0.9598872214555598],[-80.72764624422132,-0.9596911297701922],[-80.7275503358825,-0.9596605932605229],[-80.72743857081498,-0.9596109143472518],[-80.72741534348326,-0.9596097598730609],[-80.72735415052401,-0.9596067187293187],[-80.72727626864301,-0.9596174840592653],[-80.72722036257487,-0.9596231476340904],[-80.72719363055651,-0.9596258551203505],[-80.72709969705016,-0.9596270445216533],[-80.72705136896694,-0.9596290681148503],[-80.72704262371408,-0.9596294338234658],[-80.72697663429487,-0.9596102783467586],[-80.72693697612539,-0.9595986006734023],[-80.72691361712674,-0.9595917220314193],[-80.7268690308729,-0.9595689783497363],[-80.72685465840208,-0.9595567010696868],[-80.72682979507033,-0.9595354626147241],[-80.72679709966592,-0.9595031443477637],[-80.72676559402541,-0.9594624484832082],[-80.72673706163253,-0.9594097834322355],[-80.72669069612836,-0.9593259991559934],[-80.72667572982898,-0.959298994820756],[-80.72666432312583,-0.9592784115586142],[-80.72665693253843,-0.9592650754142795],[-80.72661053103538,-0.9591592748113555],[-80.72660842914696,-0.959154481443946],[-80.72659645468954,-0.9591303697341972],[-80.7265741907362,-0.9590855391443968],[-80.72656547094923,-0.959036844686409],[-80.72655850212725,-0.9589979267568935],[-80.72654583055655,-0.9589581190306546],[-80.72652284075862,-0.9588858971266774],[-80.72646007365084,-0.9587178514835698],[-80.726457617126,-0.9587082060826333],[-80.72644153021359,-0.9586450328232559],[-80.7264315450787,-0.9586058215226956],[-80.72641300496846,-0.9585024107131376],[-80.72641190853997,-0.9584898929405057],[-80.72640257587817,-0.9583833290228654],[-80.72625357368824,-0.9583832763278224],[-80.72607679782831,-0.9582299081329069],[-80.7257930440557,-0.958408921420741],[-80.72580291649346,-0.9584274767471186],[-80.72559217366786,-0.9585865976755628],[-80.7256587566592,-0.959151959501952],[-80.72592042308561,-0.9598967981741707],[-80.72604203969388,-0.9609857759167112],[-80.7261809851724,-0.962229907039969],[-80.72616119797843,-0.9625382778066438]]]}},{"type":"Feature","properties":{"name":"Santa Martha","clave_catastral":"02","clave_parroquia":"02","descripcion":"Santa Martha","layer":"barrios"},"geometry":{"type":"Polygon","coordinates":[[[-80.73290762541737,-0.9534193579803372],[-80.73292789394249,-0.9537932609114249],[-80.73292612128768,-0.9538314001055568],[-80.73292249405333,-0.9539094227855287],[-80.7327128131326,-0.9540002772753553],[-80.73266168787367,-0.954086484850464],[-80.73263085370574,-0.9541372453138308],[-80.7323281984316,-0.9546354847127105],[-80.73241468084977,-0.9547277167247047],[-80.73224204253691,-0.9550859347906311],[-80.73220962071024,-0.9551532089552666],[-80.73210739220963,-0.9553653276612692],[-80.73196439282354,-0.955612266693265],[-80.73204549754183,-0.9556613278247424],[-80.7320378667303,-0.9556741199506433],[-80.73199085125682,-0.9557529453196878],[-80.73194326503011,-0.955832024868613],[-80.73190335200354,-0.9559195985199693],[-80.73175715439551,-0.9559038159695349],[-80.7316041009043,-0.9561069802645933],[-80.73144400658441,-0.9563871699455149],[-80.73133206832753,-0.9564842021747495],[-80.73122126538938,-0.9569142072026297],[-80.73111511711853,-0.9572534611462657],[-80.73104842037206,-0.9572340080464699],[-80.73093416796443,-0.9572006845654926],[-80.73092618213862,-0.957236335283696],[-80.73078564385246,-0.9571669874389386],[-80.73078480957086,-0.9571696173905337],[-80.73076313494799,-0.9572428409021541],[-80.73064139380547,-0.9571753066892512],[-80.73055434415565,-0.9572227170219918],[-80.73053600846745,-0.9572161418853541],[-80.73043270924866,-0.9571990291013321],[-80.7304210772244,-0.9571970144624372],[-80.73001341823371,-0.9577672207839356],[-80.73001099303467,-0.9577706087632833],[-80.73000058391494,-0.9577851503867265],[-80.72996189938233,-0.9578391934061018],[-80.72993172367936,-0.9578867239372072],[-80.73009708687022,-0.9580409993759247],[-80.7303992294669,-0.9581177936793495],[-80.731141289868,-0.9584183140099469],[-80.7316153635888,-0.9586323655689882],[-80.73174099481106,-0.9586944489617224],[-80.7320777700286,-0.9590237334596594],[-80.73247521658985,-0.9587097628935481],[-80.73303809528457,-0.9591791980784451],[-80.73307001167953,-0.9591049367295597],[-80.73330813284315,-0.9592297261100241],[-80.73323834686039,-0.9592919788704534],[-80.73358081637386,-0.9594323520659884],[-80.73358610515665,-0.9594749321746434],[-80.73407667121802,-0.9595784903472975],[-80.73410449409283,-0.9596027462315107],[-80.73469303344123,-0.959686883146972],[-80.73500433015612,-0.9598063375918285],[-80.73500992426062,-0.9598759679229829],[-80.73508056415146,-0.9601048555995249],[-80.73524724155759,-0.9601942340327696],[-80.73521908734723,-0.9602474329399513],[-80.73552123887049,-0.9604263275941349],[-80.73569609767256,-0.9604263412083042],[-80.73570020957291,-0.9605559063551539],[-80.73584965848312,-0.96065205977429],[-80.73599207883622,-0.9608070673374272],[-80.73653979498181,-0.9611906046061307],[-80.73636588889757,-0.9605566764545301],[-80.73668560708775,-0.9605634658497166],[-80.73668754397849,-0.9605635067122763],[-80.73686925489012,-0.9605673649513305],[-80.73694324794454,-0.9604601126021635],[-80.73705648285444,-0.9603324428708361],[-80.73706241073782,-0.9602924538350379],[-80.73707763870563,-0.9601897386204711],[-80.73707868723581,-0.9601826656066663],[-80.7370796674227,-0.9601760530896399],[-80.73709279832859,-0.9600874820928881],[-80.7371067124831,-0.9599936294055453],[-80.73711626705438,-0.9599291806605237],[-80.73711987755804,-0.9599048268027133],[-80.73712013474476,-0.9599030897616815],[-80.73712615165087,-0.9598625081410147],[-80.73712953913936,-0.9598396588140048],[-80.73714632139779,-0.9598391082335382],[-80.73721679293195,-0.9598146871694269],[-80.73721821554929,-0.9597462307929446],[-80.73726025556878,-0.9594635943215337],[-80.73725094302793,-0.959418738525997],[-80.7372455280079,-0.9593926550514594],[-80.7372269190987,-0.9593030230770552],[-80.73721815215534,-0.959304885216369],[-80.73711934174305,-0.9593258712247348],[-80.737076000382,-0.9591162836911452],[-80.73694388114139,-0.9584121823974102],[-80.73757382738509,-0.9583129725564278],[-80.73766674758983,-0.9583042988584082],[-80.73756081250329,-0.9581487895171534],[-80.73750333505359,-0.9579649182550725],[-80.7378245332357,-0.9577151439026751],[-80.73773854101496,-0.9573430787085044],[-80.73807903061886,-0.9571163912884374],[-80.73815165392199,-0.9567702340648623],[-80.73823836148944,-0.9565986724633717],[-80.73831649248591,-0.9564549276046536],[-80.73832854593891,-0.9563747025417513],[-80.73833003868212,-0.9563647679331524],[-80.7382914417618,-0.956103940385546],[-80.73830719205262,-0.9560256055847988],[-80.73840549430471,-0.9560028561257212],[-80.7383988977807,-0.9559831616890335],[-80.73862620620568,-0.9559231962173699],[-80.73867135163253,-0.9559115634035463],[-80.73865547670668,-0.9558568852438754],[-80.73856587188253,-0.9555718421946722],[-80.7385278719436,-0.9555781251096961],[-80.73883658997792,-0.9550477642326172],[-80.7389380943659,-0.9548861637774877],[-80.73911385946387,-0.9546046339552277],[-80.73808164015553,-0.9543590711478486],[-80.73773837228994,-0.9542709993474858],[-80.73794838672426,-0.9539057015528414],[-80.73678425938861,-0.9534517081504816],[-80.73670518185675,-0.9536330313233492],[-80.73631521555187,-0.9533232362766597],[-80.73611575070305,-0.9536918848981344],[-80.73595522782591,-0.9539885616189282],[-80.73533636169037,-0.9535252251872778],[-80.73486207021807,-0.9531344040829595],[-80.7343485220601,-0.9527137947345778],[-80.73418045167628,-0.9529788128036216],[-80.7341301380679,-0.9530534038861873],[-80.73402688788057,-0.9532064743256541],[-80.7339944839552,-0.9532637586164299],[-80.73393075475651,-0.95337690053816],[-80.73374012805164,-0.9537153347602612],[-80.73371837170112,-0.9537539600448496],[-80.73362078818859,-0.953698479598259],[-80.73346546925728,-0.9536304959575688],[-80.73341130828092,-0.9536067899077949],[-80.73324344251223,-0.9535405988528822],[-80.73318569125374,-0.9535187811550969],[-80.73290762541737,-0.9534193579803372]]]}},{"type":"Feature","properties":{"name":"Urb Ciudad del Mar","clave_catastral":"03","clave_parroquia":"03","descripcion":"Urb Ciudad del Mar","layer":"barrios"},"geometry":{"type":"Polygon","coordinates":[[[-80.76999407520358,-0.9556180822764588],[-80.77004386029249,-0.9556200755352933],[-80.7701532503874,-0.955628461019046],[-80.77027334098793,-0.9556482175187995],[-80.77039343103444,-0.9556763521296716],[-80.77055216301375,-0.9557272299336006],[-80.77066036194478,-0.9557679309096443],[-80.77087319078625,-0.9558786560174184],[-80.77092788362114,-0.9559163612092333],[-80.77101943465222,-0.9559798016576765],[-80.7713433710812,-0.9562236954142662],[-80.77142249531252,-0.9562850314727881],[-80.77155506613038,-0.9563748058814099],[-80.77164661766177,-0.9564310650764725],[-80.77170849161175,-0.9564618492029382],[-80.77174887081561,-0.9564819390545125],[-80.77185171864578,-0.9565304193226041],[-80.77197121316622,-0.9565747116436256],[-80.77205503803478,-0.9566004500338322],[-80.77217274984658,-0.9566321750557023],[-80.77229343526052,-0.9566483409139153],[-80.7724105533913,-0.9566674987144239],[-80.77253480652823,-0.9566740898127506],[-80.77271494507252,-0.9566651252739717],[-80.77283622705583,-0.9566501724352321],[-80.77298069570254,-0.9566262445824664],[-80.7730823598009,-0.9565945341947213],[-80.77319472520193,-0.9565622260784323],[-80.77345215623154,-0.9564682885969944],[-80.7736923469914,-0.9563641765208644],[-80.77391232428006,-0.9562594646474311],[-80.77400077898311,-0.9562067496548536],[-80.77415430118175,-0.9561152573746057],[-80.77429774522999,-0.9560180494590895],[-80.77430440428242,-0.9560146937247112],[-80.77446643583134,-0.9558938563500163],[-80.77457880487371,-0.9558052951046818],[-80.77542425703962,-0.9549992562076994],[-80.77554138332658,-0.9548963324870385],[-80.77561926855346,-0.954833501972999],[-80.77574280039055,-0.9547451624490151],[-80.77584005485362,-0.9544767161283972],[-80.77591948753091,-0.9543910251559423],[-80.7759756129466,-0.954340760125163],[-80.77603554272666,-0.9542986340860722],[-80.77615492521684,-0.954236883205013],[-80.77628572145258,-0.954189495554914],[-80.77643696947621,-0.9541344492423462],[-80.77650450829151,-0.9541038136817832],[-80.77658774333625,-0.9540569016575802],[-80.77666527131858,-0.9540056805111305],[-80.77675754486032,-0.9539295653433584],[-80.7768579049656,-0.9538352582129761],[-80.77691392504964,-0.9537739730209012],[-80.77698680557623,-0.9536815879819044],[-80.77719367673859,-0.9532503437658022],[-80.77718877831776,-0.9532256459029894],[-80.77707030844579,-0.9531336741645616],[-80.77705699006538,-0.9531210786623773],[-80.77704890413061,-0.9531134314255212],[-80.77704825973677,-0.9531128152678717],[-80.77702008345844,-0.95308588709689],[-80.77701792828906,-0.9530838278092659],[-80.77695283643446,-0.9530214475117306],[-80.77695710993329,-0.953025400520488],[-80.77695149822662,-0.9530200089165818],[-80.7768967247703,-0.9529673894314213],[-80.77686868960488,-0.9529404567453241],[-80.77674085792007,-0.9528176504990994],[-80.7767231537245,-0.9528006423811775],[-80.77665042892806,-0.9527307768178163],[-80.77661852470933,-0.9527001272803801],[-80.77656725473693,-0.9526616904419143],[-80.77645915873663,-0.9525806510609698],[-80.77640414009086,-0.9525394039098102],[-80.77639499802807,-0.9525325500442108],[-80.77631172709,-0.9524725633511365],[-80.77624675019995,-0.9524257560315447],[-80.77613077827007,-0.9523422118588059],[-80.7760887689258,-0.9523119497834358],[-80.77599319771551,-0.952243102339267],[-80.77591155442742,-0.9521842882656983],[-80.77585996082477,-0.952147121628613],[-80.77580915226721,-0.9521037739823868],[-80.77574276672266,-0.9520471358561764],[-80.77571966277414,-0.9520274249773166],[-80.77561852049112,-0.9519644886142798],[-80.77559635899303,-0.9519506982965851],[-80.77545051804168,-0.9518599469467687],[-80.77533888011108,-0.9517904796075102],[-80.77524644857468,-0.9517329630916861],[-80.77523490603883,-0.9517231307222147],[-80.77518932277432,-0.9516842997842332],[-80.77512279703981,-0.9516276299757465],[-80.77509168216315,-0.9515942174607801],[-80.77504661273132,-0.9515458200265813],[-80.77498012300909,-0.9514744204424801],[-80.77490599197094,-0.9514137838317254],[-80.77490086733714,-0.9514095919189316],[-80.77487359227827,-0.9513872814967357],[-80.77484685237579,-0.9513730448472018],[-80.77478031628785,-0.9513376197121204],[-80.77474070527566,-0.9513022307246928],[-80.77473606059374,-0.9512980822699291],[-80.77462317901009,-0.9511972336520244],[-80.77460587617838,-0.9511866219371115],[-80.77459915798464,-0.9511825013922817],[-80.77453311027676,-0.9511419935587782],[-80.77449077442313,-0.9511160288775642],[-80.77445942833694,-0.9510861773291595],[-80.77443446596725,-0.9510624050263773],[-80.77439641845024,-0.9510332949087257],[-80.7743446729689,-0.9510240995306135],[-80.7743246481963,-0.9510197157405003],[-80.77430966826435,-0.9510164369475831],[-80.77427542449091,-0.9509864105960872],[-80.77426249073054,-0.9509750699617142],[-80.77420418750046,-0.9509270462047397],[-80.77414530638057,-0.9508785465254305],[-80.77405551388955,-0.9508325798398829],[-80.77404420727296,-0.9508299671632869],[-80.77396267560317,-0.9508111263886008],[-80.77391816780629,-0.9507924554261535],[-80.77390788682074,-0.950788142844516],[-80.77388006646835,-0.9507618326061191],[-80.77381009183553,-0.950695656642182],[-80.77380744416139,-0.9506931521977436],[-80.77371888104175,-0.9506362185493487],[-80.77368524970572,-0.9506145980043499],[-80.77368112712588,-0.9506119478023436],[-80.77359001099018,-0.950575809012875],[-80.77358068088635,-0.9505721089899026],[-80.77354981466905,-0.9505575735024933],[-80.77348632245746,-0.9505276745904611],[-80.77342633643359,-0.9504839137623122],[-80.77341023626559,-0.950472168506124],[-80.773394833526,-0.9504609317495607],[-80.77333581134117,-0.9504258481703118],[-80.77327041248631,-0.9503869742896426],[-80.773160465013,-0.950321619877414],[-80.77313486845314,-0.9503064052895098],[-80.7731256337393,-0.9503009157322707],[-80.77302713394255,-0.9502527554054724],[-80.77298340109442,-0.9502313721292666],[-80.77297364144059,-0.9502266008860829],[-80.7728996329057,-0.9501904152636769],[-80.77283845329715,-0.9501605020199975],[-80.77278092176351,-0.9501323731281985],[-80.77272701885488,-0.9501010743310019],[-80.7726929218393,-0.9500812749529501],[-80.7726449561163,-0.9500534235376676],[-80.77248104544947,-0.9499582477172197],[-80.77246272520318,-0.9499476096901418],[-80.7724141447352,-0.9499194008667189],[-80.7723283797844,-0.9498733502750838],[-80.77223367038978,-0.9498224968259023],[-80.77220868849336,-0.9498090835745358],[-80.77217393076454,-0.9497909497414412],[-80.77209178414158,-0.949748091243535],[-80.77202864521337,-0.9497315025996045],[-80.7718084646589,-0.9495992466209344],[-80.7717698305045,-0.9495666206957907],[-80.77173921850762,-0.9495407689544919],[-80.77166173929093,-0.9494845778762482],[-80.77156189395772,-0.9493968322376389],[-80.7714483626437,-0.9492970601269092],[-80.7713442350592,-0.9492158082914983],[-80.77112886085048,-0.9502245856896252],[-80.77088626246409,-0.9514319946526371],[-80.77086171880842,-0.9515467460884679],[-80.77083466397357,-0.9516731881542029],[-80.7707973994763,-0.9518474640031513],[-80.77075067309816,-0.9520659267100912],[-80.77071305787184,-0.9522417894000341],[-80.77067405537646,-0.9524241415633838],[-80.7706399096446,-0.9525837855391616],[-80.77059989928125,-0.952770847612328],[-80.77053790936806,-0.9530606682939293],[-80.77052314892191,-0.9531632844417858],[-80.77048712344633,-0.9533282073360567],[-80.7704471618647,-0.9535111465897045],[-80.77040339274104,-0.9537115168560034],[-80.77036102704832,-0.9539054673105057],[-80.77032112568371,-0.9540881306227645],[-80.77028299726724,-0.9542626823192677],[-80.77007927207022,-0.9552333805253851],[-80.77003881273615,-0.9554261576698195],[-80.7700155112846,-0.9555114595769963],[-80.76999407520358,-0.9556180822764588]]]}},{"type":"Feature","properties":{"name":"","clave_catastral":"","clave_parroquia":"","descripcion":"","layer":"barrios"},"geometry":{"type":"Polygon","coordinates":[[[-80.76882793933713,-0.9558801124002656],[-80.76870115759245,-0.9553030360371082],[-80.76797022154182,-0.9543943005669888],[-80.76792459168523,-0.9543544481104788],[-80.7678028809048,-0.9542751346814669],[-80.7677549053836,-0.9542537732693149],[-80.76742355416904,-0.9541062369675473],[-80.76870538535923,-0.9471619552117829],[-80.76464353201392,-0.9442417544979236],[-80.76424295890276,-0.9438438956095041],[-80.76387731400412,-0.9437951565745237],[-80.76287177661372,-0.9438681588175228],[-80.76056502854263,-0.9429694960277004],[-80.76035263618103,-0.9428801722145153],[-80.76022896557141,-0.9428152115695526],[-80.76012680033729,-0.9427989664681036],[-80.75997085185412,-0.942950510488444],[-80.75972348449277,-0.9432021825918041],[-80.75918306747678,-0.9433591124978591],[-80.75873406802616,-0.9434348586048174],[-80.7580296540034,-0.9434916424266362],[-80.75760485446365,-0.9435295013674078],[-80.75724727506834,-0.9434888812360923],[-80.75676871130447,-0.9434184828663632],[-80.75634122641267,-0.9434103337556081],[-80.75611530113736,-0.943343054424588],[-80.75588050866195,-0.944431615823973],[-80.7557508129763,-0.9450323429597347],[-80.75577004813768,-0.945183891359207],[-80.75557963615549,-0.9457515176834761],[-80.75548123260913,-0.9459402435679891],[-80.75532632881756,-0.946368549924955],[-80.75525442248814,-0.9466074742879016],[-80.75522832526833,-0.9468894647922355],[-80.75527467245024,-0.9471805356965604],[-80.7553557632171,-0.9476764296695847],[-80.75546716434512,-0.9483444896050344],[-80.7555043651563,-0.9485630510317264],[-80.75553969079765,-0.9487730437168977],[-80.75556372102604,-0.9489237564964556],[-80.75561177851958,-0.9492290026911405],[-80.75574462969219,-0.9496222760899685],[-80.75582707750256,-0.9498644376608638],[-80.75582707750256,-0.9498644376608638],[-80.75586193782246,-0.9499813978964511],[-80.75593917156006,-0.9502137003571391],[-80.75600546215003,-0.9504003796938604],[-80.75602530387378,-0.9504252925867861],[-80.75607098191827,-0.9505438603760297],[-80.75606993084938,-0.9505749528348417],[-80.75621405837344,-0.950967239086367],[-80.75630501474484,-0.9511371321816],[-80.75651374992852,-0.951517688798333],[-80.75683537304579,-0.9520922074429166],[-80.75721039750081,-0.9527104260702118],[-80.75895340474771,-0.9522481446331454],[-80.76118089998421,-0.9507667432108491],[-80.76420796005388,-0.9506687605189228],[-80.76461706787923,-0.9507456139171923],[-80.7645839043878,-0.9509702475782831],[-80.76486670731217,-0.9521853364994683],[-80.76495457185219,-0.9522961211174844],[-80.76654553066322,-0.9535934211459107],[-80.766662013188,-0.9536850276033277],[-80.76676344492456,-0.9537579550602402],[-80.76679605434865,-0.9537788744409852],[-80.76674692325751,-0.9538394204682704],[-80.76608646075142,-0.9548691815647601],[-80.7659188676188,-0.9550291175621339],[-80.76561591918697,-0.9555076572189164],[-80.76566837314863,-0.9556727190662571],[-80.76620289637846,-0.9558011673397289],[-80.76644774367905,-0.9566252264485371],[-80.76882793933713,-0.9558801124002656]]]}},{"type":"Feature","properties":{"name":"Universidad","clave_catastral":"02","clave_parroquia":"02","descripcion":"Universidad","layer":"barrios"},"geometry":{"type":"Polygon","coordinates":[[[-80.7429076805819,-0.9491852084276644],[-80.74287231177587,-0.9496866012520399],[-80.74286816423651,-0.9497247121707063],[-80.7428527192299,-0.9499588497596392],[-80.74285048053576,-0.949992786532775],[-80.74283934811399,-0.9501512174990836],[-80.74280366812395,-0.9502129680172972],[-80.74276778910956,-0.9507487695442336],[-80.74276505774887,-0.9507844225331183],[-80.74277651307939,-0.9508172031960811],[-80.7429370975183,-0.9510523609330619],[-80.7432315349611,-0.951531009581771],[-80.74333282464609,-0.9517285002955306],[-80.74347921832918,-0.9520710571493254],[-80.74354106178679,-0.9522590824460053],[-80.74358787958028,-0.9524553866131243],[-80.74369639430766,-0.9530712329471385],[-80.74333910976667,-0.9530908367768802],[-80.74341335594661,-0.9532500576366374],[-80.74353635188265,-0.9535142938760544],[-80.74392217841711,-0.9543459393771059],[-80.74399982255183,-0.9545471738685337],[-80.7440486331747,-0.9547409232629747],[-80.74407859459104,-0.9549196945145866],[-80.74415280217836,-0.9553400020037229],[-80.74420489292574,-0.9554855880995632],[-80.74419812488512,-0.9554876539722699],[-80.74417421162886,-0.9555005172952349],[-80.74415325146686,-0.9555178302510825],[-80.74413604886529,-0.9555389261218181],[-80.74412326629222,-0.9555629952329383],[-80.74411539365663,-0.9555891120928948],[-80.74411273392515,-0.9556162724855427],[-80.74411538963702,-0.9556434341813969],[-80.74412325840765,-0.9556695522215364],[-80.74413603831808,-0.9556936223443699],[-80.74415323689979,-0.9557147216987687],[-80.74417419540002,-0.955732036892215],[-80.7441981058557,-0.9557449047044599],[-80.74422405153777,-0.9557528283756085],[-80.7442510348117,-0.9557555056543946],[-80.74427801758264,-0.9557528324201741],[-80.74430396443685,-0.9557449117334329],[-80.7443278776948,-0.955732048409942],[-80.74434883785781,-0.9557147354530854],[-80.74436603956073,-0.955693639581142],[-80.74437882303188,-0.9556695704689133],[-80.74475661515395,-0.9558623999652696],[-80.74510196327667,-0.9560853514631447],[-80.74547132544514,-0.9555408411432325],[-80.74566893882482,-0.955246445778144],[-80.74590472334008,-0.9548907710106391],[-80.74599354198551,-0.954953104923959],[-80.74611838796,-0.9550392670278995],[-80.74671900422318,-0.9554635276112151],[-80.74671923250835,-0.955463629861498],[-80.74686945076199,-0.9552442446048133],[-80.7469065199158,-0.9551902147625241],[-80.7472402573596,-0.9547152705379035],[-80.74757421959026,-0.9542130634384591],[-80.74786858076378,-0.9535911290425361],[-80.74786117711169,-0.9535214306743568],[-80.74786072773713,-0.9534717352742064],[-80.74784818383274,-0.9534277685745423],[-80.74782953819059,-0.9533941695167556],[-80.7473754567972,-0.9528187440408971],[-80.74735300537303,-0.952789464739638],[-80.74728553121876,-0.9527557037507961],[-80.7464526866389,-0.951824847283973],[-80.74637629698651,-0.9517109654358791],[-80.74634849806378,-0.9516532250563756],[-80.74632877775981,-0.9516036503722773],[-80.74618103802182,-0.9506617174165514],[-80.74617551563053,-0.9506279827157157],[-80.74605567385363,-0.9497537692157465],[-80.74544476579666,-0.9498481251715418],[-80.74487915122809,-0.9499309627682919],[-80.74432118705943,-0.9499905021570924],[-80.74426481891712,-0.9499989881819744],[-80.74404213556257,-0.9500292018937132],[-80.74399943290938,-0.9500334816530228],[-80.74398056289432,-0.9499839757886691],[-80.74392649399526,-0.9499783281141418],[-80.74362702598441,-0.9501584888465969],[-80.74357624667815,-0.9501890374396424],[-80.74350860815844,-0.9502160418893054],[-80.74337925352697,-0.950059002729077],[-80.74330867401436,-0.9499541938132267],[-80.74322707566918,-0.94983302221668],[-80.74316621339507,-0.9496127935028085],[-80.74309786402509,-0.9493464841400795],[-80.74303761764523,-0.9491279080360187],[-80.7429076805819,-0.9491852084276644]]]}},{"type":"Feature","properties":{"name":"Urb Marina Blue","clave_catastral":"03","clave_parroquia":"03","descripcion":"Urb Marina Blue","layer":"barrios"},"geometry":{"type":"Polygon","coordinates":[[[-80.76999407520358,-0.9556180822764588],[-80.7700155112846,-0.9555114595769963],[-80.77003881273615,-0.9554261576698195],[-80.77007927207022,-0.9552333805253851],[-80.77028299726724,-0.9542626823192677],[-80.77032112568371,-0.9540881306227645],[-80.77036102704832,-0.9539054673105057],[-80.77040339274104,-0.9537115168560034],[-80.7704471618647,-0.9535111465897045],[-80.77048712344633,-0.9533282073360567],[-80.77052314892191,-0.9531632844417858],[-80.77053790936806,-0.9530606682939293],[-80.77059989928125,-0.952770847612328],[-80.7706399096446,-0.9525837855391616],[-80.77067405537646,-0.9524241415633838],[-80.77071305787184,-0.9522417894000341],[-80.77075067309816,-0.9520659267100912],[-80.7707973994763,-0.9518474640031513],[-80.77083466397357,-0.9516731881542029],[-80.77086171880842,-0.9515467460884679],[-80.77088626246409,-0.9514319946526371],[-80.77112886085048,-0.9502245856896252],[-80.7713442350592,-0.9492158082914983],[-80.7710505264404,-0.9490108292540924],[-80.77042352017155,-0.9485305116827618],[-80.77022889772256,-0.9483714748691908],[-80.7700799466276,-0.9482497581519312],[-80.76992707433561,-0.9481248384541487],[-80.76983759925695,-0.9480517228257952],[-80.76930892612151,-0.9476391941195743],[-80.76870538535923,-0.9471619552117829],[-80.76866175232239,-0.9473743902750442],[-80.76784945970307,-0.9518342275986811],[-80.76782930312675,-0.9519462307408588],[-80.76749854696662,-0.953761263021832],[-80.76745061319716,-0.9540342160042172],[-80.76742355416904,-0.9541062369675473],[-80.7677549053836,-0.9542537732693149],[-80.7678028809048,-0.9542751346814669],[-80.76792459168523,-0.9543544481104788],[-80.76797022154182,-0.9543943005669888],[-80.7686620356906,-0.9552389049224247],[-80.76868178297717,-0.9552666938742219],[-80.76870115759245,-0.9553030360371082],[-80.76882793933713,-0.9558801124002656],[-80.76937740453963,-0.9556966301963713],[-80.76959529406143,-0.9556432572995988],[-80.76974184661705,-0.9556254411034928],[-80.76991665889088,-0.9556149820059687],[-80.76999407520358,-0.9556180822764588]]]}},{"type":"Feature","properties":{"name":"Buena Vista","clave_catastral":"02","clave_parroquia":"02","descripcion":"Buena Vista","layer":"barrios"},"geometry":{"type":"Polygon","coordinates":[[[-80.7429076805819,-0.9491852084276644],[-80.74278881329451,-0.9492341464866599],[-80.7424718272774,-0.9494534776090546],[-80.74243133143614,-0.9495014111685974],[-80.74184965458811,-0.9492119622908461],[-80.74182112479407,-0.9491801813590967],[-80.74220180260083,-0.9487407500930658],[-80.74194317140267,-0.9485845004760024],[-80.74120520760914,-0.9481716032684915],[-80.74111302808375,-0.9481956394883752],[-80.74108361261591,-0.9481785756113368],[-80.74094806539789,-0.94809994483046],[-80.74091964965127,-0.9480834605091957],[-80.7409166379428,-0.9480817223160756],[-80.74078224316737,-0.9480084742379375],[-80.74064786297099,-0.9481863184039696],[-80.74017871729205,-0.9486812821890993],[-80.73987538890849,-0.9483773379062939],[-80.73981609798957,-0.9483170273620232],[-80.73966534437429,-0.9482682760009312],[-80.7395842399655,-0.9487680233293645],[-80.73959404252338,-0.948871156663941],[-80.73962803400109,-0.9492288002768703],[-80.739658951627,-0.9492258622813665],[-80.73951798550543,-0.9496560038502649],[-80.73953073519344,-0.9499202374214519],[-80.73957156150534,-0.9501515184797711],[-80.73962485153793,-0.950475839120628],[-80.73970292779417,-0.9508676826675782],[-80.73980986698989,-0.9508375681463833],[-80.73980749593838,-0.9508262010709672],[-80.739818978347,-0.9508090213189888],[-80.73982333291316,-0.9507978619344613],[-80.73982597183206,-0.9507848359835265],[-80.7398263922996,-0.9507750388081035],[-80.73982595882042,-0.9507665479829086],[-80.73982420243144,-0.9507566321241541],[-80.73982026661128,-0.9507449727056638],[-80.73981422849167,-0.9507337609638853],[-80.73980932515875,-0.9507276664015194],[-80.73980212103044,-0.9507201992052359],[-80.73979327838686,-0.950713054869496],[-80.73978676605307,-0.9507092283168248],[-80.73978419649609,-0.9507081750284669],[-80.73977731224723,-0.9506778890216623],[-80.7400473832082,-0.9505410308647555],[-80.74019100700738,-0.9506235584955363],[-80.74027179884436,-0.9508553935602322],[-80.74010739995893,-0.9510797497346175],[-80.7402948118738,-0.951233177047726],[-80.74041063802798,-0.9513279996939872],[-80.74056998260392,-0.9514583148913829],[-80.74062579037115,-0.9515039549775538],[-80.74087769838593,-0.951720244525788],[-80.74087927999142,-0.9517358067264183],[-80.74086045716703,-0.9518133126270953],[-80.74085909231722,-0.9518680236293164],[-80.74084142389034,-0.9519407780297513],[-80.74083942503303,-0.9522290215268185],[-80.74087191869569,-0.9523527154328235],[-80.74088569950261,-0.9524051739245465],[-80.74092047868555,-0.9524580121778996],[-80.74093137403206,-0.9524669968674004],[-80.74099322556319,-0.9525328506547481],[-80.74111613298382,-0.9526193384744489],[-80.74126874805681,-0.9528627991926726],[-80.74129262624908,-0.9529027802157373],[-80.74096791434386,-0.9530886848350661],[-80.74071307073707,-0.9532585843539749],[-80.74106481051308,-0.9534715442300127],[-80.74128372068455,-0.9536134877726994],[-80.7415940407232,-0.9538239209646946],[-80.74190599196058,-0.9542007341075589],[-80.74197533175479,-0.9543389195195431],[-80.7420619116998,-0.9545851855743025],[-80.74207366247818,-0.9548143003731157],[-80.74204362243702,-0.9554143497732496],[-80.74216392802931,-0.9554278455177325],[-80.74299817671579,-0.95551078075205],[-80.74334106815641,-0.9555413173202822],[-80.74398329355517,-0.9556195577674202],[-80.7440774069215,-0.9556171691281037],[-80.74411273392515,-0.9556162724855427],[-80.74411539365663,-0.9555891120928948],[-80.74412326629222,-0.9555629952329383],[-80.74413604886529,-0.9555389261218181],[-80.74415325146686,-0.9555178302510825],[-80.74417421162886,-0.9555005172952349],[-80.74419812488512,-0.9554876539722699],[-80.74420489292574,-0.9554855880995632],[-80.74415280217836,-0.9553400020037229],[-80.74407859459104,-0.9549196945145866],[-80.7440486331747,-0.9547409232629747],[-80.74399982255183,-0.9545471738685337],[-80.74392217841711,-0.9543459393771059],[-80.74353635188265,-0.9535142938760544],[-80.74341335594661,-0.9532500576366374],[-80.74333910976667,-0.9530908367768802],[-80.74369639430766,-0.9530712329471385],[-80.74358787958028,-0.9524553866131243],[-80.74354106178679,-0.9522590824460053],[-80.74347921832918,-0.9520710571493254],[-80.74333282464609,-0.9517285002955306],[-80.7432315349611,-0.951531009581771],[-80.7429370975183,-0.9510523609330619],[-80.74277651307939,-0.9508172031960811],[-80.74276505774887,-0.9507844225331183],[-80.74276778910956,-0.9507487695442336],[-80.74280366812395,-0.9502129680172972],[-80.74283934811399,-0.9501512174990836],[-80.74285048053576,-0.949992786532775],[-80.7428527192299,-0.9499588497596392],[-80.74286816423651,-0.9497247121707063],[-80.74287231177587,-0.9496866012520399],[-80.7429076805819,-0.9491852084276644]]]}},{"type":"Feature","properties":{"name":"Cdla. Universitaria","clave_catastral":"02","clave_parroquia":"02","descripcion":"Cdla. Universitaria","layer":"barrios"},"geometry":{"type":"Polygon","coordinates":[[[-80.74843282667246,-0.9464040464256271],[-80.74835967475794,-0.946410945292584],[-80.74834477196194,-0.9464123504200758],[-80.74788943620368,-0.9464377273444029],[-80.74760857011682,-0.9464533328715277],[-80.74734697729154,-0.9464870706157882],[-80.74684353457413,-0.9465647228770707],[-80.7466523128167,-0.9465918268989242],[-80.74655829744918,-0.946596943413823],[-80.74646169985505,-0.9465857406019893],[-80.746395675064,-0.9465752995930075],[-80.74627073541244,-0.9465391441178639],[-80.74555462654493,-0.946240080473885],[-80.74550743419769,-0.9462207678053575],[-80.74500594807651,-0.9460200898569724],[-80.74446649809045,-0.9458295385341414],[-80.74399427575277,-0.9456624904211708],[-80.74329880237644,-0.9454157315994678],[-80.74251179389191,-0.9451332465963134],[-80.74217476059573,-0.9456914289497292],[-80.74181379764092,-0.9462807002556133],[-80.74127789929231,-0.947146559471733],[-80.74127231919556,-0.9471558590435478],[-80.7409124463979,-0.9477981774569457],[-80.74079888316284,-0.9479864519032617],[-80.74078224316737,-0.9480084742379375],[-80.7409166379428,-0.9480817223160756],[-80.74091964965127,-0.9480834605091957],[-80.74094806539789,-0.94809994483046],[-80.74108361261591,-0.9481785756113368],[-80.74111302808375,-0.9481956394883752],[-80.74120520760914,-0.9481716032684915],[-80.74194317140267,-0.9485845004760024],[-80.74220180260083,-0.9487407500930658],[-80.74182112479407,-0.9491801813590967],[-80.74184965458811,-0.9492119622908461],[-80.74243133143614,-0.9495014111685974],[-80.7424718272774,-0.9494534776090546],[-80.74278881329451,-0.9492341464866599],[-80.7429076805819,-0.9491852084276644],[-80.74303761764523,-0.9491279080360187],[-80.74309786402509,-0.9493464841400795],[-80.74316621339507,-0.9496127935028085],[-80.74322707566918,-0.94983302221668],[-80.74330867401436,-0.9499541938132267],[-80.74337925352697,-0.950059002729077],[-80.74350860815844,-0.9502160418893054],[-80.74357624667815,-0.9501890374396424],[-80.74362702598441,-0.9501584888465969],[-80.74392649399526,-0.9499783281141418],[-80.74398056289432,-0.9499839757886691],[-80.74399943290938,-0.9500334816530228],[-80.74404213556257,-0.9500292018937132],[-80.74426481891712,-0.9499989881819744],[-80.74432118705943,-0.9499905021570924],[-80.74487915122809,-0.9499309627682919],[-80.74544476579666,-0.9498481251715418],[-80.74605567385363,-0.9497537692157465],[-80.74617551563053,-0.9506279827157157],[-80.74618103802182,-0.9506617174165514],[-80.74632877775981,-0.9516036503722773],[-80.74634849806378,-0.9516532250563756],[-80.74637629698651,-0.9517109654358791],[-80.7464526866389,-0.951824847283973],[-80.74728553121876,-0.9527557037507961],[-80.74735300537303,-0.952789464739638],[-80.7473754567972,-0.9528187440408971],[-80.74782953819059,-0.9533941695167556],[-80.74784818383274,-0.9534277685745423],[-80.74786072773713,-0.9534717352742064],[-80.74786117711169,-0.9535214306743568],[-80.74786858076378,-0.9535911290425361],[-80.74830361689887,-0.9531174592339653],[-80.74862871838194,-0.9527488635634285],[-80.74885787933886,-0.9525132477214555],[-80.74893301664355,-0.9524375965065417],[-80.74887234426845,-0.9522798907041335],[-80.74878750725557,-0.9520593743754091],[-80.74861183831469,-0.9515506901222324],[-80.74853589032163,-0.9513310505644768],[-80.74850913824325,-0.9510067380083314],[-80.7486649648064,-0.9509842155893439],[-80.74941600203336,-0.9508801658790275],[-80.74937050197735,-0.9489857379526825],[-80.74857954898252,-0.9490177591473952],[-80.74856908680525,-0.9489943620172455],[-80.74858348743251,-0.9489396592308167],[-80.74872353650036,-0.9484076632172815],[-80.74871024747313,-0.9483140770917089],[-80.74859119793724,-0.9474364672568782],[-80.74846346025808,-0.9465271593769558],[-80.74844594374191,-0.9465287863824727],[-80.74843282667246,-0.9464040464256271]]]}},{"type":"Feature","properties":{"name":"Lomas de Barbasquillo","clave_catastral":"02","clave_parroquia":"02","descripcion":"Lomas de Barbasquillo","layer":"barrios"},"geometry":{"type":"Polygon","coordinates":[[[-80.74843282667246,-0.9464040464256271],[-80.74844594374191,-0.9465287863824727],[-80.74846346025808,-0.9465271593769558],[-80.74859119793724,-0.9474364672568782],[-80.74871024747313,-0.9483140770917089],[-80.74872353650036,-0.9484076632172815],[-80.74858348743251,-0.9489396592308167],[-80.74856908680525,-0.9489943620172455],[-80.74857954898252,-0.9490177591473952],[-80.74937050197735,-0.9489857379526825],[-80.74941600203336,-0.9508801658790275],[-80.74947097489728,-0.9508714806744507],[-80.74960844588551,-0.9508547968162162],[-80.74976391695814,-0.950835928536705],[-80.74995122496699,-0.9508075339069108],[-80.75003636729112,-0.9507945447114565],[-80.7500439214645,-0.95079339222535],[-80.75009685556043,-0.9507853164490712],[-80.75010259978936,-0.9507843714349349],[-80.7502403255639,-0.950761718224186],[-80.75037000887178,-0.9507404794046437],[-80.75045557654585,-0.9507267399120422],[-80.75063675367369,-0.9506976186844868],[-80.75072189815374,-0.9506832928038308],[-80.75084336980242,-0.9506628553453852],[-80.75084442807281,-0.9506698751467724],[-80.75085810812263,-0.9506677585136883],[-80.75089857801987,-0.9506614968458109],[-80.75094513002901,-0.9506542931717377],[-80.75094855582314,-0.9506537630483933],[-80.7509674646764,-0.9506508370044459],[-80.75098822257526,-0.9506475095224118],[-80.75103392553861,-0.9506396531524927],[-80.75114646788224,-0.9506206518465916],[-80.75116729929547,-0.9506180979159922],[-80.75122752364064,-0.9506105880248299],[-80.75127127139584,-0.9506044318684275],[-80.75130003643451,-0.9506003840700998],[-80.75131001668642,-0.9505989810264879],[-80.7513830885243,-0.9505887084416714],[-80.75151684802405,-0.9505699047733033],[-80.75157140516595,-0.9505622353898815],[-80.75172498645988,-0.9505398085379538],[-80.75173890705534,-0.9505377142129561],[-80.75174869856839,-0.9505362528933716],[-80.75183790256068,-0.9505226740658657],[-80.75189152183691,-0.9505143415073151],[-80.75207742802488,-0.9504854512823897],[-80.7521052063096,-0.9504811341543871],[-80.75210623813093,-0.9504809740934376],[-80.75213305377952,-0.9504771192077469],[-80.75218774385498,-0.9504717077514471],[-80.75222218447638,-0.9509874005919841],[-80.75224248696293,-0.9512954590464773],[-80.75231229878135,-0.9512914555681534],[-80.75231469822258,-0.951291300388931],[-80.7523247911122,-0.9512906476506657],[-80.75238401533262,-0.951286533641536],[-80.75260445260552,-0.9512712045930272],[-80.75265645591728,-0.9512675885588919],[-80.75285263753716,-0.9512526259650542],[-80.75288793586073,-0.9512502626655105],[-80.75272787363323,-0.9491474742837197],[-80.75288193976594,-0.9491416765280576],[-80.75289695766877,-0.9491411112530841],[-80.75317089665772,-0.9491308017485807],[-80.7532767949399,-0.9491268159178076],[-80.75327867610997,-0.9491267454846906],[-80.75342715193256,-0.9491211577319518],[-80.75353360297275,-0.9491171520289184],[-80.7536744058162,-0.9491118532254603],[-80.75393408075257,-0.9491020805542689],[-80.75395326569894,-0.9491013585424497],[-80.75402253262112,-0.9491146782728066],[-80.75399247377571,-0.9490348010634193],[-80.75394001479155,-0.9489241744201138],[-80.75390665841424,-0.9488680133174796],[-80.7538211550822,-0.9487373537964744],[-80.75339309432414,-0.9481026400072494],[-80.7529093290534,-0.947372680477244],[-80.75287219470738,-0.9473093202408478],[-80.7528519408863,-0.9472659718223042],[-80.75283253886563,-0.9472261708736768],[-80.75275611662704,-0.9470241322716504],[-80.75252021229251,-0.9463180579580381],[-80.75249611397065,-0.9462675538301681],[-80.75237763511757,-0.9460986819732825],[-80.75227133577347,-0.9461069190527666],[-80.7519271561953,-0.9461378131197478],[-80.74929057619583,-0.9463263053786335],[-80.74858006972676,-0.9463901601095869],[-80.74843282667246,-0.9464040464256271]]]}},{"type":"Feature","properties":{"name":"Umiña","clave_catastral":"02","clave_parroquia":"02","descripcion":"Umiña","layer":"barrios"},"geometry":{"type":"Polygon","coordinates":[[[-80.73745005286081,-0.9447661662757696],[-80.73737273869126,-0.9451597187894976],[-80.73716342846473,-0.9452062332918274],[-80.73730606249899,-0.9453235021120037],[-80.7374880709963,-0.9455192031404068],[-80.73775462683436,-0.9458075692376582],[-80.7378108003939,-0.9458695466210116],[-80.73833181862722,-0.9464579624830094],[-80.73862895501487,-0.9468053357691133],[-80.73889971327186,-0.947148399676138],[-80.73920902312072,-0.9475655639252096],[-80.7393467582904,-0.9477515014463478],[-80.73981609798957,-0.9483170273620232],[-80.73987538890849,-0.9483773379062939],[-80.74017871729205,-0.9486812821890993],[-80.74064786297099,-0.9481863184039696],[-80.74078224316737,-0.9480084742379375],[-80.74079888316284,-0.9479864519032617],[-80.7409124463979,-0.9477981774569457],[-80.74127231919556,-0.9471558590435478],[-80.74127789929231,-0.947146559471733],[-80.74181379764092,-0.9462807002556133],[-80.74217476059573,-0.9456914289497292],[-80.74251179389191,-0.9451332465963134],[-80.74329880237644,-0.9454157315994678],[-80.74391391116774,-0.9447233156340501],[-80.74411155858444,-0.9441623750307145],[-80.74429343748173,-0.9436461866211658],[-80.74415672844876,-0.9436281512877117],[-80.74412216081382,-0.9436198750658917],[-80.74408975652109,-0.9436121174084207],[-80.74406077654638,-0.9436051796803896],[-80.74403568645309,-0.9435991722922097],[-80.74402097446944,-0.9435956500331457],[-80.7439703395052,-0.9435835275607757],[-80.74388468482643,-0.9435630211686997],[-80.74365092748164,-0.9435136658507587],[-80.7436458943536,-0.9435126033364583],[-80.74353083704848,-0.9434883103131284],[-80.74324357542918,-0.9434078594009634],[-80.74324463474673,-0.9434003991604385],[-80.74324738195837,-0.9433810492181038],[-80.74314567080013,-0.943356031589758],[-80.74182196870892,-0.9430238322868689],[-80.7414305931733,-0.9428868455135984],[-80.74133200389952,-0.942856973347233],[-80.74101967632421,-0.9427623407335376],[-80.7408565445235,-0.9427174707100505],[-80.74085089576619,-0.9427159168833725],[-80.74083021511296,-0.942710228266776],[-80.74062968468296,-0.9426550714847083],[-80.74052351939825,-0.9426152214835496],[-80.7403162659407,-0.942537429003309],[-80.7401959415807,-0.9424922645135182],[-80.7401331575719,-0.9424706388114005],[-80.74005136022716,-0.9424424642248538],[-80.74002092207526,-0.9424405466470488],[-80.73998857930026,-0.9424520341552522],[-80.73996146677099,-0.9424728243823779],[-80.73994862598073,-0.9424826712896106],[-80.73991831309242,-0.9424883904577683],[-80.73988774764166,-0.9424941566521028],[-80.73976000484689,-0.942459275538269],[-80.73969602784568,-0.942441806020895],[-80.73964935392624,-0.9424290613448818],[-80.73956058531151,-0.9424048226582044],[-80.73955359178478,-0.9424299869049406],[-80.73950642321846,-0.9425908560531866],[-80.73947635209663,-0.9426934155057723],[-80.73935816678294,-0.943096490802148],[-80.73935115089985,-0.9431200772151414],[-80.73934001574715,-0.9431575145729596],[-80.73932600465707,-0.9432046222604384],[-80.7393113381873,-0.9432539319855522],[-80.73930885658056,-0.9432667842434341],[-80.73927766206108,-0.9434283512200353],[-80.73923813637924,-0.9436302381998161],[-80.73921467541984,-0.9437500710478446],[-80.73919850818803,-0.9438326634780196],[-80.73917938798887,-0.9439333907867393],[-80.73915726825808,-0.9440499242223838],[-80.7391546499639,-0.9440637155682623],[-80.73911325080604,-0.9442707095418115],[-80.73901432221501,-0.9442954416214917],[-80.73899251544742,-0.9443008936224687],[-80.73894946009798,-0.944311270214726],[-80.73892843803455,-0.9442676792425004],[-80.73877486164277,-0.9440726761636],[-80.73875339154885,-0.9440951658653347],[-80.73790568510027,-0.9446200243603614],[-80.73787169676771,-0.9446295855685776],[-80.73784672746909,-0.9446310194624061],[-80.73748898277101,-0.9445680011958899],[-80.73745005286081,-0.9447661662757696]]]}},{"type":"Feature","properties":{"name":"Umiña2","clave_catastral":"02","clave_parroquia":"02","descripcion":"Umiña2","layer":"barrios"},"geometry":{"type":"Polygon","coordinates":[[[-80.74429343748173,-0.9436461866211658],[-80.74411155858444,-0.9441623750307145],[-80.74391391116774,-0.9447233156340501],[-80.74329880237644,-0.9454157315994678],[-80.74399427575277,-0.9456624904211708],[-80.74446649809045,-0.9458295385341414],[-80.74500594807651,-0.9460200898569724],[-80.74550743419769,-0.9462207678053575],[-80.74555462654493,-0.946240080473885],[-80.74627073541244,-0.9465391441178639],[-80.746395675064,-0.9465752995930075],[-80.74646169985505,-0.9465857406019893],[-80.74655829744918,-0.946596943413823],[-80.7466523128167,-0.9465918268989242],[-80.74684353457413,-0.9465647228770707],[-80.74734697729154,-0.9464870706157882],[-80.74760857011682,-0.9464533328715277],[-80.74788943620368,-0.9464377273444029],[-80.74834477196194,-0.9464123504200758],[-80.74835967475794,-0.946410945292584],[-80.7483568298896,-0.9463210398597823],[-80.74835670543236,-0.9463142827658118],[-80.74835657632163,-0.9463072815664475],[-80.74835046043555,-0.9459754411674764],[-80.74834868904672,-0.9458793278782167],[-80.74834696240774,-0.9457856426883069],[-80.7483462280146,-0.9457457954800361],[-80.74834356041922,-0.9456010553024186],[-80.74834302429164,-0.94558464990574],[-80.74833883049982,-0.9454563207266915],[-80.7483340974818,-0.9453115861557677],[-80.74832921655573,-0.9451623286295074],[-80.74832524057125,-0.9450407440245954],[-80.74832448353531,-0.9450175940584984],[-80.74831974711364,-0.9448727555161867],[-80.74831714471426,-0.94451090988629],[-80.74831698328244,-0.9444884639476641],[-80.74831670681068,-0.9444500225484092],[-80.74831388080473,-0.9440570876913341],[-80.74831387726556,-0.9440551713790342],[-80.74824040010152,-0.9440551660251799],[-80.74772342883186,-0.9440504789557025],[-80.74749328173087,-0.9440513713853705],[-80.74740656747039,-0.9440382688763407],[-80.74727921244931,-0.944023056993842],[-80.74727885027367,-0.9440350137474808],[-80.74721873425058,-0.9440315062733475],[-80.74717041206291,-0.9440286863438558],[-80.74707395859852,-0.9440304027754537],[-80.74687763593315,-0.9440137813562614],[-80.74687020840196,-0.9440131529363782],[-80.74667673220412,-0.943996478336345],[-80.74667055308714,-0.9439958671972591],[-80.74651524648911,-0.9439804954698587],[-80.74641533893383,-0.9439706067866211],[-80.7464049361234,-0.9439740439590452],[-80.74635356079598,-0.943965570047979],[-80.7460913835133,-0.9439239519177535],[-80.74598349923747,-0.9439015630256476],[-80.7458172207535,-0.9438670574447912],[-80.74564099035625,-0.9438401127734722],[-80.74557742435391,-0.9438303941158779],[-80.74534999513446,-0.9437956225476967],[-80.74527562314006,-0.9437842510700847],[-80.74527484479921,-0.9437841324944144],[-80.745274136563,-0.9437840238758213],[-80.74511807922914,-0.9437601639524331],[-80.74471554043102,-0.943698618716624],[-80.74468795517187,-0.9436944006842936],[-80.74459041811129,-0.9436794882176542],[-80.74437614162835,-0.943646726945417],[-80.74440736413861,-0.9435419961707794],[-80.74443401969162,-0.9434525846788802],[-80.74444118156255,-0.9430659957013603],[-80.7444406264719,-0.9429501453783901],[-80.74443883897813,-0.9425776720821659],[-80.74442696637823,-0.9423382977117569],[-80.74435562450215,-0.9423478670930052],[-80.74435321157767,-0.9428242218193502],[-80.74436983871054,-0.9430887314666734],[-80.74436505936309,-0.9434035084802731],[-80.74428158575309,-0.9436331229161681],[-80.74429343748173,-0.9436461866211658]]]}},{"type":"Feature","properties":{"name":"Los Laureles","clave_catastral":"03","clave_parroquia":"03","descripcion":"Los Laureles","layer":"barrios"},"geometry":{"type":"Polygon","coordinates":[[[-80.81449990547554,-0.9596636465944783],[-80.8145945222606,-0.9596867188547833],[-80.81470083944735,-0.9596942483386215],[-80.81483643256549,-0.959694882702962],[-80.81512390267217,-0.959655349245196],[-80.81539726231755,-0.9596544268103885],[-80.81544975929499,-0.9596685415480408],[-80.81542868277683,-0.9595300660471366],[-80.81514518733006,-0.9592480825232883],[-80.81417463165738,-0.9570762974573057],[-80.81370600795259,-0.957315444713089],[-80.81362991526007,-0.9573631017307633],[-80.81404500263235,-0.9579341252915157],[-80.81383942906305,-0.9580231967025127],[-80.8137336028436,-0.958076922519183],[-80.81363362043744,-0.9581548156494364],[-80.81352225086981,-0.958186283088736],[-80.81332112431215,-0.9582130229430562],[-80.81308981772227,-0.9582121245240529],[-80.81296639359728,-0.9582089376392702],[-80.81286717727053,-0.9582286063133694],[-80.81266442602278,-0.9582823448105557],[-80.81254754535075,-0.9583246025546686],[-80.81230182908469,-0.9584759999919186],[-80.81231858650773,-0.9584871389727284],[-80.81244384869758,-0.9586633331828978],[-80.81238945828983,-0.9587016067878977],[-80.81218638220112,-0.9588441438857558],[-80.81208633838474,-0.9589403711304242],[-80.81184278901918,-0.9591746304949423],[-80.81184196837629,-0.9591754193688189],[-80.8118410362769,-0.9591763158986311],[-80.81178897279962,-0.9592264972892082],[-80.81186060703624,-0.9592717680101686],[-80.81199803751039,-0.9593954333367236],[-80.81205987141408,-0.959470466415624],[-80.81207110651553,-0.9595663062516451],[-80.81211668595593,-0.9596369007606428],[-80.81215416524233,-0.959826738340098],[-80.81221218225454,-0.9597977360976984],[-80.81282143006467,-0.9594882955642561],[-80.81299411586008,-0.9598721093854863],[-80.81310921448932,-0.9600537987198549],[-80.81337412308581,-0.9600136075444112],[-80.81359481778021,-0.9599802796766852],[-80.81410245640019,-0.9595617668257859],[-80.81412076813234,-0.959571194096327],[-80.81449990547554,-0.9596636465944783]]]}},{"type":"Feature","properties":{"name":"Cristo Rey","clave_catastral":"03","clave_parroquia":"03","descripcion":"Cristo Rey","layer":"barrios"},"geometry":{"type":"Polygon","coordinates":[[[-80.81417463165738,-0.9570762974573057],[-80.8133532800352,-0.9557604871117178],[-80.812701088211,-0.9562714783817228],[-80.81248214773022,-0.9558000581196495],[-80.81042245416602,-0.9569300122589652],[-80.81046031944864,-0.9570614327426199],[-80.8104692095274,-0.9570922897488146],[-80.81040977752113,-0.9571273553486606],[-80.81049457214507,-0.9573626552172952],[-80.81052438780515,-0.9574453902533974],[-80.81071130087727,-0.9579082501360006],[-80.81080173198093,-0.9580924316094297],[-80.81092625149482,-0.9583455440784263],[-80.81100431142812,-0.9584837974603317],[-80.8110915274111,-0.9586380577248123],[-80.81114563211557,-0.9587209243889134],[-80.81116893780052,-0.9587549197778173],[-80.8112438688356,-0.9588477784629674],[-80.81132482888134,-0.9589262170876651],[-80.81149784143494,-0.9590425108436023],[-80.81178897279962,-0.9592264972892082],[-80.8118410362769,-0.9591763158986311],[-80.81184196837629,-0.9591754193688189],[-80.81184278901918,-0.9591746304949423],[-80.81208633838474,-0.9589403711304242],[-80.81218638220112,-0.9588441438857558],[-80.81238945828983,-0.9587016067878977],[-80.81244384869758,-0.9586633331828978],[-80.81231858650773,-0.9584871389727284],[-80.81230182908469,-0.9584759999919186],[-80.81254754535075,-0.9583246025546686],[-80.81266442602278,-0.9582823448105557],[-80.81286717727053,-0.9582286063133694],[-80.81296639359728,-0.9582089376392702],[-80.81308981772227,-0.9582121245240529],[-80.81332112431215,-0.9582130229430562],[-80.81352225086981,-0.958186283088736],[-80.81363362043744,-0.9581548156494364],[-80.8137336028436,-0.958076922519183],[-80.81383942906305,-0.9580231967025127],[-80.81404500263235,-0.9579341252915157],[-80.81362991526007,-0.9573631017307633],[-80.81370600795259,-0.957315444713089],[-80.81417463165738,-0.9570762974573057]]]}},{"type":"Feature","properties":{"name":"El Mediterraneo","clave_catastral":"02","clave_parroquia":"02","descripcion":"El Mediterraneo","layer":"barrios"},"geometry":{"type":"Polygon","coordinates":[[[-80.74941600203336,-0.9508801658790275],[-80.7486649648064,-0.9509842155893439],[-80.74850913824325,-0.9510067380083314],[-80.74853589032163,-0.9513310505644768],[-80.74861183831469,-0.9515506901222324],[-80.74878750725557,-0.9520593743754091],[-80.74887234426845,-0.9522798907041335],[-80.74893301664355,-0.9524375965065417],[-80.74900255587032,-0.952485733125002],[-80.74911530542734,-0.9527092009274867],[-80.7491647477489,-0.9528719926537548],[-80.74916275121268,-0.9529634624270642],[-80.74916659406114,-0.9531053273491209],[-80.74916947238798,-0.9532115724641272],[-80.74916948045573,-0.9532118674034962],[-80.7491677084621,-0.9534544851664606],[-80.74916814377109,-0.9536987650617874],[-80.74916857997984,-0.9539429698651104],[-80.74916901618398,-0.954187176477518],[-80.74917780453772,-0.9542990520992305],[-80.74919399829542,-0.9545064051889369],[-80.74919917052817,-0.9545726283677708],[-80.74921995159954,-0.954657432929622],[-80.74926420751994,-0.9548380355057589],[-80.7492931419735,-0.9549589089425864],[-80.7492988702106,-0.95498756566991],[-80.74933912732743,-0.9551902943128283],[-80.74936237712339,-0.9553073644716221],[-80.74937383932857,-0.9553570024935567],[-80.74937915173375,-0.955380008300807],[-80.74939062821947,-0.9554297081648713],[-80.74939992758163,-0.9554699798160584],[-80.7494040937162,-0.9554790472271436],[-80.74943402177078,-0.9555391834576312],[-80.74944491008515,-0.9555464934909423],[-80.74947104403124,-0.9556482067616656],[-80.74947883397388,-0.9556712632215749],[-80.74949148892394,-0.9557087204691044],[-80.7494924729255,-0.955711754535784],[-80.74950665981186,-0.9557554983282301],[-80.74951882557262,-0.9557928252041278],[-80.74953196217656,-0.9558331308116124],[-80.74953505106909,-0.9558426081232057],[-80.74955541479935,-0.955902918816733],[-80.74955165344767,-0.955907091928296],[-80.74954951376631,-0.9559094658432485],[-80.74957286880584,-0.955989751407273],[-80.74958840103314,-0.9560431447181088],[-80.74961803944983,-0.9561437219182807],[-80.74961892091622,-0.9561464963611997],[-80.74966413538591,-0.9562847476503435],[-80.74970197866118,-0.9564050198798809],[-80.74970282570017,-0.9564077119106997],[-80.74972307348531,-0.9564720616177311],[-80.74975071120976,-0.9565600811558852],[-80.74978189475755,-0.9566592154415332],[-80.74978526981415,-0.956670270464869],[-80.74982525949858,-0.9567971902577028],[-80.74983025569955,-0.956812028939737],[-80.74983849046961,-0.9568361502882681],[-80.74984288013066,-0.9568490057791763],[-80.74986139758052,-0.9569032460165232],[-80.74991404655586,-0.9570574603367276],[-80.74994613017255,-0.9571514368793999],[-80.7500027882337,-0.9573173922174192],[-80.75000645987244,-0.9573281466982024],[-80.75002718570099,-0.9573888540654423],[-80.7500559779084,-0.9574731887944522],[-80.75007184345364,-0.9575629104800215],[-80.75042920722254,-0.957513992413837],[-80.75059796741978,-0.9574990473960837],[-80.75174874957071,-0.9574121751765006],[-80.75177857969712,-0.9574100195923734],[-80.75264442139401,-0.9573451551678857],[-80.75252413983449,-0.9567763932334543],[-80.7522942715026,-0.9558219599176851],[-80.75222392398112,-0.9555472093402528],[-80.75209522106726,-0.9551168580115929],[-80.75207945416828,-0.9550585919733265],[-80.75206253152064,-0.9549989950076138],[-80.75206253452818,-0.9549570196037394],[-80.75207353640916,-0.9549348737536434],[-80.75207857575411,-0.954924731299883],[-80.7521077487773,-0.954898405151212],[-80.75216661016763,-0.9548786801865959],[-80.75291341530458,-0.9546355988333772],[-80.75292193154021,-0.9546328264813155],[-80.75295099499199,-0.9546052590387717],[-80.75296246118053,-0.9545746982029755],[-80.75294489010142,-0.9543070749652713],[-80.75291582972994,-0.9540320988303677],[-80.75288683362922,-0.9533498472032137],[-80.75287554020244,-0.953212005366538],[-80.75285800666585,-0.9531491681871529],[-80.75283898577752,-0.9530959059241723],[-80.75279202540162,-0.9530133187506634],[-80.75276072407986,-0.9529764418961406],[-80.75243754643982,-0.9525957040636825],[-80.7524050549267,-0.9525490507135145],[-80.75235456962594,-0.9524481702417944],[-80.75234080027798,-0.9524129869816703],[-80.75232548702543,-0.9523580612061266],[-80.75230969581034,-0.9522752428675716],[-80.75230231316729,-0.9522120738538149],[-80.75229697447845,-0.9521222220705283],[-80.75224248696293,-0.9512954590464773],[-80.75222218447638,-0.9509874005919841],[-80.75218774385498,-0.9504717077514471],[-80.75213305377952,-0.9504771192077469],[-80.75210623813093,-0.9504809740934376],[-80.7521052063096,-0.9504811341543871],[-80.75207742802488,-0.9504854512823897],[-80.75189152183691,-0.9505143415073151],[-80.75183790256068,-0.9505226740658657],[-80.75174869856839,-0.9505362528933716],[-80.75173890705534,-0.9505377142129561],[-80.75172498645988,-0.9505398085379538],[-80.75157140516595,-0.9505622353898815],[-80.75151684802405,-0.9505699047733033],[-80.7513830885243,-0.9505887084416714],[-80.75131001668642,-0.9505989810264879],[-80.75130003643451,-0.9506003840700998],[-80.75127127139584,-0.9506044318684275],[-80.75122752364064,-0.9506105880248299],[-80.75116729929547,-0.9506180979159922],[-80.75114646788224,-0.9506206518465916],[-80.75103392553861,-0.9506396531524927],[-80.75098822257526,-0.9506475095224118],[-80.7509674646764,-0.9506508370044459],[-80.75094855582314,-0.9506537630483933],[-80.75094513002901,-0.9506542931717377],[-80.75089857801987,-0.9506614968458109],[-80.75085810812263,-0.9506677585136883],[-80.75084442807281,-0.9506698751467724],[-80.75084336980242,-0.9506628553453852],[-80.75072189815374,-0.9506832928038308],[-80.75063675367369,-0.9506976186844868],[-80.75045557654585,-0.9507267399120422],[-80.75037000887178,-0.9507404794046437],[-80.7502403255639,-0.950761718224186],[-80.75010259978936,-0.9507843714349349],[-80.75009685556043,-0.9507853164490712],[-80.7500439214645,-0.95079339222535],[-80.75003636729112,-0.9507945447114565],[-80.74995122496699,-0.9508075339069108],[-80.74976391695814,-0.950835928536705],[-80.74960844588551,-0.9508547968162162],[-80.74947097489728,-0.9508714806744507],[-80.74941600203336,-0.9508801658790275]]]}},{"type":"Feature","properties":{"name":"Urb Manta Beach","clave_catastral":"02","clave_parroquia":"02","descripcion":"Urb Manta Beach","layer":"barrios"},"geometry":{"type":"Polygon","coordinates":[[[-80.75869989504298,-0.9523340499245309],[-80.75865781347433,-0.9524793279273922],[-80.7586141478523,-0.9526300703305566],[-80.75857103241648,-0.9527789173807975],[-80.75852262991958,-0.9529460131791154],[-80.75850569174119,-0.9530044868015324],[-80.7584397496185,-0.9532321343196486],[-80.75838543163988,-0.9534196546704977],[-80.75834240477043,-0.953548264019787],[-80.75829958281594,-0.9536769448550614],[-80.75828286343754,-0.9537296255627297],[-80.7582692459336,-0.9537801641107393],[-80.75825782233828,-0.9538312501697277],[-80.75824584671828,-0.9539362448800546],[-80.75825386307007,-0.9540387041669048],[-80.75827319168638,-0.9541270298015689],[-80.75829265332418,-0.9542153554456974],[-80.75841016050471,-0.9546245933792078],[-80.75842051309523,-0.954671522881597],[-80.75842486248723,-0.9547209716068039],[-80.7584239170178,-0.9547587689636856],[-80.75841886611477,-0.9548317234787334],[-80.75837604509154,-0.9549467041243959],[-80.7582625868005,-0.9550931586225886],[-80.75819965250096,-0.9551585075740691],[-80.75810076365046,-0.955252732662359],[-80.75800187389585,-0.9553469577462579],[-80.75790298503478,-0.9554411819212305],[-80.75778148015067,-0.9555574190560066],[-80.75773661131649,-0.9556001512587358],[-80.75771020431642,-0.9556974403344043],[-80.75767428744886,-0.9558297613290563],[-80.75765568460953,-0.9559275612200651],[-80.75763510791147,-0.9559372257943295],[-80.7575756587761,-0.9561480812034516],[-80.75755112017079,-0.9562351163038584],[-80.75752658156378,-0.9563221514037396],[-80.75747824063761,-0.9564936106303605],[-80.75745333223094,-0.9565862187817373],[-80.75740701944368,-0.9567636900183913],[-80.75737837085373,-0.9568734731191739],[-80.75732689760403,-0.9570707193694687],[-80.75730164105987,-0.9571675018736842],[-80.75727815650875,-0.9572574927654784],[-80.75721720113482,-0.9574910728214973],[-80.75721163534124,-0.9575106424373843],[-80.75710422207135,-0.9578882995586468],[-80.75707842698954,-0.957959358641574],[-80.75710190281066,-0.9579702707029584],[-80.75818806419143,-0.9584605582797961],[-80.75847123279712,-0.9585658933132208],[-80.75865100605351,-0.9586266878075236],[-80.7587903577459,-0.9586602430317298],[-80.7593541847043,-0.9587386507926396],[-80.75968672085071,-0.9586832556265535],[-80.76001058854723,-0.9586015419057929],[-80.76017912020151,-0.9583492502449786],[-80.76049605929086,-0.9579744837995321],[-80.76056394867119,-0.9578960311799563],[-80.7606303711029,-0.9578192729973125],[-80.760792715761,-0.9576316670051028],[-80.76088591983068,-0.9575238181522252],[-80.76103225519196,-0.9573491041953021],[-80.76109135651649,-0.9572785410134514],[-80.7611569000025,-0.9572133740371669],[-80.76121956715544,-0.957151068489665],[-80.7612835144901,-0.9570843525156079],[-80.76134708520149,-0.957018029162171],[-80.76141010491155,-0.9569522811708423],[-80.76147202621695,-0.9568876784775853],[-80.76153200371151,-0.9568190595902877],[-80.76159535423561,-0.9567523544220506],[-80.76165870475717,-0.9566856501567004],[-80.76172410074241,-0.95662159867436],[-80.7617888980898,-0.9565581334074692],[-80.76184891331425,-0.9565026564909686],[-80.76191138832024,-0.9564371608645246],[-80.76197377947685,-0.9563754315838934],[-80.76203787126009,-0.9563120214486106],[-80.76210260392294,-0.9562479762420821],[-80.76225850180596,-0.9561458441113757],[-80.76249417153448,-0.9560097832499822],[-80.76250033329548,-0.9557532437005278],[-80.7625019737876,-0.9556849310445442],[-80.76251050636299,-0.9554442396574103],[-80.76251437323023,-0.9552832466296196],[-80.76251719721414,-0.9551656665674956],[-80.76252159949081,-0.954982358632364],[-80.76252546364611,-0.9548214995024011],[-80.76252926470688,-0.9546632197274646],[-80.76253228847382,-0.9545025722433138],[-80.76253924044995,-0.9543084874473209],[-80.76254300225723,-0.9541589364173718],[-80.76263775599878,-0.9507223193863865],[-80.76236915743827,-0.9507310204922419],[-80.76224079018574,-0.950735179647424],[-80.76204783035841,-0.9507414305564623],[-80.76193643769109,-0.9507450389976668],[-80.76182414982193,-0.9507487613679046],[-80.76170737069042,-0.9507526327013806],[-80.7615939082354,-0.9507544442116398],[-80.76148111707104,-0.9507578028376571],[-80.76143952818305,-0.9507590412228097],[-80.76136429932075,-0.9507612815076811],[-80.76118089998421,-0.9507667432108491],[-80.7610827062761,-0.9508324453512954],[-80.76094734140021,-0.9509230192950469],[-80.76074531739394,-0.9510581958471818],[-80.76062259546357,-0.9511403097055934],[-80.76047289420609,-0.951240477188648],[-80.7601980108911,-0.9514244040161657],[-80.76001872816859,-0.9515443628866223],[-80.75984544064137,-0.9516603115370117],[-80.75973990073759,-0.951730929364075],[-80.75963398691597,-0.9518017977682263],[-80.75952171026132,-0.9518769224329588],[-80.75940943360229,-0.9519520479974516],[-80.75929715783775,-0.9520271726523646],[-80.75918488117001,-0.9521022982069525],[-80.75907260449802,-0.9521774228518609],[-80.758975087571,-0.9522422111906081],[-80.75895340474771,-0.9522481446331454],[-80.75873569832751,-0.9523213727851639],[-80.75869989504298,-0.9523340499245309]]]}},{"type":"Feature","properties":{"name":"Barbasquillo","clave_catastral":"02","clave_parroquia":"02","descripcion":"Barbasquillo","layer":"barrios"},"geometry":{"type":"Polygon","coordinates":[[[-80.74831387726556,-0.9440551713790342],[-80.74831388080473,-0.9440570876913341],[-80.74831670681068,-0.9444500225484092],[-80.74831698328244,-0.9444884639476641],[-80.74831714471426,-0.94451090988629],[-80.74831974711364,-0.9448727555161867],[-80.74832448353531,-0.9450175940584984],[-80.74832524057125,-0.9450407440245954],[-80.74832921655573,-0.9451623286295074],[-80.7483340974818,-0.9453115861557677],[-80.74833883049982,-0.9454563207266915],[-80.74834302429164,-0.94558464990574],[-80.74834356041922,-0.9456010553024186],[-80.7483462280146,-0.9457457954800361],[-80.74834696240774,-0.9457856426883069],[-80.74834868904672,-0.9458793278782167],[-80.74835046043555,-0.9459754411674764],[-80.74835657632163,-0.9463072815664475],[-80.74835670543236,-0.9463142827658118],[-80.7483568298896,-0.9463210398597823],[-80.74835967475794,-0.946410945292584],[-80.74843282667246,-0.9464040464256271],[-80.74858006972676,-0.9463901601095869],[-80.74929057619583,-0.9463263053786335],[-80.7519271561953,-0.9461378131197478],[-80.75227133577347,-0.9461069190527666],[-80.75237763511757,-0.9460986819732825],[-80.75249611397065,-0.9462675538301681],[-80.75252021229251,-0.9463180579580381],[-80.75275611662704,-0.9470241322716504],[-80.75283253886563,-0.9472261708736768],[-80.7528519408863,-0.9472659718223042],[-80.75287219470738,-0.9473093202408478],[-80.7529093290534,-0.947372680477244],[-80.75339309432414,-0.9481026400072494],[-80.7538211550822,-0.9487373537964744],[-80.75390665841424,-0.9488680133174796],[-80.75394001479155,-0.9489241744201138],[-80.75399247377571,-0.9490348010634193],[-80.75402253262112,-0.9491146782728066],[-80.75395326569894,-0.9491013585424497],[-80.75393408075257,-0.9491020805542689],[-80.7536744058162,-0.9491118532254603],[-80.75353360297275,-0.9491171520289184],[-80.75342715193256,-0.9491211577319518],[-80.75327867610997,-0.9491267454846906],[-80.7532767949399,-0.9491268159178076],[-80.75317089665772,-0.9491308017485807],[-80.75289695766877,-0.9491411112530841],[-80.75288193976594,-0.9491416765280576],[-80.75272787363323,-0.9491474742837197],[-80.75288793586073,-0.9512502626655105],[-80.75285263753716,-0.9512526259650542],[-80.75265645591728,-0.9512675885588919],[-80.75260445260552,-0.9512712045930272],[-80.75238401533262,-0.951286533641536],[-80.7523247911122,-0.9512906476506657],[-80.75231469822258,-0.951291300388931],[-80.75231229878135,-0.9512914555681534],[-80.75224248696293,-0.9512954590464773],[-80.75229697447845,-0.9521222220705283],[-80.75230231316729,-0.9522120738538149],[-80.75230969581034,-0.9522752428675716],[-80.75232548702543,-0.9523580612061266],[-80.75234080027798,-0.9524129869816703],[-80.75235456962594,-0.9524481702417944],[-80.7524050549267,-0.9525490507135145],[-80.75243754643982,-0.9525957040636825],[-80.75276072407986,-0.9529764418961406],[-80.75279202540162,-0.9530133187506634],[-80.75283898577752,-0.9530959059241723],[-80.75285800666585,-0.9531491681871529],[-80.75287554020244,-0.953212005366538],[-80.75288683362922,-0.9533498472032137],[-80.75291582972994,-0.9540320988303677],[-80.75294489010142,-0.9543070749652713],[-80.75296246118053,-0.9545746982029755],[-80.75295099499199,-0.9546052590387717],[-80.75292193154021,-0.9546328264813155],[-80.75291341530458,-0.9546355988333772],[-80.75292366218298,-0.9547899086830114],[-80.75323687819487,-0.9547623065914621],[-80.75379499093665,-0.9547258884387021],[-80.75445483585955,-0.954678433582373],[-80.7551101850297,-0.9546312279744882],[-80.75510756784162,-0.9545966428758135],[-80.7551662920563,-0.9545926076666119],[-80.75521435299791,-0.9545878047698722],[-80.75521375585294,-0.9545732093355923],[-80.75518996640314,-0.9543990100243461],[-80.75518718967967,-0.9543786780407544],[-80.75516931048062,-0.9543597807666941],[-80.75515765835232,-0.9542102115325832],[-80.75515356358481,-0.9541576460712662],[-80.75520551850838,-0.9541399679342105],[-80.7552738488015,-0.9542196642316441],[-80.75530755945114,-0.9542744899962657],[-80.75532978307986,-0.9543234062085588],[-80.75536584963598,-0.9544266355959791],[-80.75539467267504,-0.9545322239761589],[-80.75576532627625,-0.9560906018234192],[-80.75577487914018,-0.9561469123156598],[-80.75577938358555,-0.9562146734946992],[-80.75577787706361,-0.9562803642426587],[-80.75576214185789,-0.9563704208106713],[-80.75573445760041,-0.9564678861837876],[-80.7554478430168,-0.9572301080787043],[-80.7555932929381,-0.957275904613155],[-80.75673773885148,-0.9578009995191366],[-80.75707842698954,-0.957959358641574],[-80.75710422207135,-0.9578882995586468],[-80.75721163534124,-0.9575106424373843],[-80.75721720113482,-0.9574910728214973],[-80.75727815650875,-0.9572574927654784],[-80.75730164105987,-0.9571675018736842],[-80.75732689760403,-0.9570707193694687],[-80.75737837085373,-0.9568734731191739],[-80.75740701944368,-0.9567636900183913],[-80.75745333223094,-0.9565862187817373],[-80.75747824063761,-0.9564936106303605],[-80.75752658156378,-0.9563221514037396],[-80.75755112017079,-0.9562351163038584],[-80.7575756587761,-0.9561480812034516],[-80.75763510791147,-0.9559372257943295],[-80.75765568460953,-0.9559275612200651],[-80.75767428744886,-0.9558297613290563],[-80.75771020431642,-0.9556974403344043],[-80.75773661131649,-0.9556001512587358],[-80.75778148015067,-0.9555574190560066],[-80.75790298503478,-0.9554411819212305],[-80.75800187389585,-0.9553469577462579],[-80.75810076365046,-0.955252732662359],[-80.75819965250096,-0.9551585075740691],[-80.7582625868005,-0.9550931586225886],[-80.75837604509154,-0.9549467041243959],[-80.75841886611477,-0.9548317234787334],[-80.7584239170178,-0.9547587689636856],[-80.75842486248723,-0.9547209716068039],[-80.75842051309523,-0.954671522881597],[-80.75841016050471,-0.9546245933792078],[-80.75829265332418,-0.9542153554456974],[-80.75827319168638,-0.9541270298015689],[-80.75825386307007,-0.9540387041669048],[-80.75824584671828,-0.9539362448800546],[-80.75825782233828,-0.9538312501697277],[-80.7582692459336,-0.9537801641107393],[-80.75828286343754,-0.9537296255627297],[-80.75829958281594,-0.9536769448550614],[-80.75834240477043,-0.953548264019787],[-80.75838543163988,-0.9534196546704977],[-80.7584397496185,-0.9532321343196486],[-80.75850569174119,-0.9530044868015324],[-80.75852262991958,-0.9529460131791154],[-80.75857103241648,-0.9527789173807975],[-80.7586141478523,-0.9526300703305566],[-80.75865781347433,-0.9524793279273922],[-80.75869989504298,-0.9523340499245309],[-80.75840521665923,-0.9524011874761698],[-80.75837039948266,-0.9524119041512334],[-80.75827218404925,-0.9524398684712594],[-80.75810508562549,-0.952489595503792],[-80.75800805557493,-0.9525192607738262],[-80.75791854804575,-0.9525410672635531],[-80.75773783807344,-0.9525946030920808],[-80.75761381057717,-0.9526312101703523],[-80.75759568532321,-0.9526348395312567],[-80.75742700527873,-0.9526679792644047],[-80.75721039750081,-0.9527104260702118],[-80.75702489423544,-0.9524051483922733],[-80.75683537304579,-0.9520922074429166],[-80.75673525013381,-0.9519186124864659],[-80.75663846088543,-0.9517443926042546],[-80.75651374992852,-0.951517688798333],[-80.75647134137684,-0.9514416159692161],[-80.75630501474484,-0.9511371321816],[-80.75621405837344,-0.950967239086367],[-80.75616491377089,-0.9508347166392356],[-80.75606993084938,-0.9505749528348417],[-80.75607098191827,-0.9505438603760297],[-80.75602530387378,-0.9504252925867861],[-80.75600546215003,-0.9504003796938604],[-80.755984050102,-0.9503390317806435],[-80.75593917156006,-0.9502137003571391],[-80.7558931529208,-0.9500817562497446],[-80.75587136106336,-0.9500150541731783],[-80.75586193782246,-0.9499813978964511],[-80.75582707750256,-0.9498644376608638],[-80.75578792673012,-0.9497422677391681],[-80.75574462969219,-0.9496222760899685],[-80.75561177851958,-0.9492290026911405],[-80.7555898186682,-0.9490844439678341],[-80.75556372102604,-0.9489237564964556],[-80.75556319097387,-0.9489204325152655],[-80.75553969079765,-0.9487730437168977],[-80.7555043651563,-0.9485630510317264],[-80.75546716434512,-0.9483444896050344],[-80.75544233778137,-0.9481939251439827],[-80.7553557632171,-0.9476764296695847],[-80.75530045481456,-0.9473383271318738],[-80.75527467245024,-0.9471805356965604],[-80.75524780998896,-0.9470064194065769],[-80.75523317832653,-0.946920787468386],[-80.75522832526833,-0.9468894647922355],[-80.75523236399435,-0.9468315059646102],[-80.75525442248814,-0.9466074742879016],[-80.75527625945377,-0.9465304868312927],[-80.75528963694072,-0.9464803137870348],[-80.75530301352833,-0.9464301407425495],[-80.75532632881756,-0.946368549924955],[-80.75540294549518,-0.9461579680740044],[-80.75542398751611,-0.9460996368017475],[-80.75548123260913,-0.9459402435679891],[-80.75557963615549,-0.9457515176834761],[-80.75562222650849,-0.9456433016409136],[-80.75566886846711,-0.9454983433702893],[-80.75567178117322,-0.9454892927515175],[-80.75570744923695,-0.9453784407646992],[-80.75577004813768,-0.945183891359207],[-80.7557508129763,-0.9450323429597347],[-80.75576440441601,-0.9449684579792148],[-80.75583012468509,-0.9446595421502478],[-80.75588050866195,-0.944431615823973],[-80.75596179781044,-0.9440566646217405],[-80.75602362717075,-0.9437735846113072],[-80.75611530113736,-0.943343054424588],[-80.75616553821129,-0.9431071267226939],[-80.75614552401767,-0.9430553716706099],[-80.75607287912185,-0.9430223379103779],[-80.75603668773985,-0.9430468161938421],[-80.75592557638103,-0.943170899838094],[-80.75584338004147,-0.9433317542702468],[-80.75580425779754,-0.9434065275727619],[-80.75567746510997,-0.9436488661292088],[-80.75562174588191,-0.9437488718171778],[-80.7555861368473,-0.9438127832872283],[-80.75544154140962,-0.9439583127475402],[-80.75526802872771,-0.9441114995146052],[-80.75514931106144,-0.9441942187528127],[-80.7550108088713,-0.9442570209679673],[-80.75485404298875,-0.9443244178604573],[-80.75468814910948,-0.9443519819637913],[-80.75442046060678,-0.9443627951582698],[-80.75438528015842,-0.94436421668658],[-80.7543314962415,-0.9443707747990969],[-80.75418175205213,-0.9443688741825157],[-80.75401118133777,-0.9443771782282369],[-80.75377953946787,-0.9444285172751279],[-80.75367863216037,-0.9444022332258015],[-80.75360829954907,-0.9443419160733839],[-80.75323485607416,-0.9445062789274205],[-80.75314117162768,-0.9445475121034974],[-80.75312464330784,-0.944554786683625],[-80.75302452914423,-0.9446057496644613],[-80.75300789729809,-0.9446153656530215],[-80.75290135953433,-0.9446276142776782],[-80.75281408028299,-0.9446244704596012],[-80.75277351630118,-0.9446230091459142],[-80.75240520423279,-0.944618386773314],[-80.75215256360133,-0.944586196789814],[-80.75195927942478,-0.9445340945393212],[-80.75190923082732,-0.944528603814689],[-80.75185061764203,-0.9444856787641385],[-80.75162292697009,-0.944547858299174],[-80.75147530113757,-0.9445095481507337],[-80.75141486355504,-0.94449003893466],[-80.75130862750811,-0.9444557450989777],[-80.75127593036831,-0.9444451900862134],[-80.75123691775397,-0.9444303444344513],[-80.7510826477507,-0.9443716395878283],[-80.75095937060526,-0.9443639713381629],[-80.75086044452847,-0.9443532396486631],[-80.75080956392918,-0.9443440005930483],[-80.75060810422718,-0.9443074172575194],[-80.75049464555899,-0.9443233393774477],[-80.75038355107006,-0.9442206881218453],[-80.75015122550496,-0.9442054304071945],[-80.74985462346974,-0.9441859520270414],[-80.74953582869215,-0.9441650154136312],[-80.74953674844362,-0.9441483740569084],[-80.74953677094206,-0.9441479723627423],[-80.74953735271998,-0.9441317432779641],[-80.74904804978489,-0.9440876137704065],[-80.74880128166554,-0.9440576628448268],[-80.74834384511654,-0.9440551735621909],[-80.74831387726556,-0.9440551713790342]]]}},{"type":"Feature","properties":{"name":"Urb Los Alamos","clave_catastral":"02","clave_parroquia":"02","descripcion":"Urb Los Alamos","layer":"barrios"},"geometry":{"type":"Polygon","coordinates":[[[-80.76249417153448,-0.9560097832499822],[-80.76225850180596,-0.9561458441113757],[-80.76231473868516,-0.9562183315634485],[-80.76261506368473,-0.9574449804798348],[-80.76262746442467,-0.9574956303408868],[-80.76263694311507,-0.9575343467280959],[-80.7626591433047,-0.9577888829256551],[-80.76376529011762,-0.9574511202648353],[-80.76401495266116,-0.9573746252207656],[-80.76397127316632,-0.9572574807997399],[-80.7639456427931,-0.9571454591705616],[-80.76390833317676,-0.9569333257230567],[-80.76389658155063,-0.9568665121599764],[-80.76380890975368,-0.9563680364234841],[-80.76373701184318,-0.955920835040942],[-80.76366932523841,-0.955519451742603],[-80.76364139490991,-0.9554191571478441],[-80.76351818072737,-0.9554827530244978],[-80.76334011133254,-0.9555744993041628],[-80.76322300672626,-0.9556299614403656],[-80.76304255008483,-0.9557223580293766],[-80.7630425455987,-0.9557222440342059],[-80.76302925290095,-0.9557291660366759],[-80.76283843091234,-0.9558285336727437],[-80.76263351412373,-0.9559402135679136],[-80.76249417153448,-0.9560097832499822]]]}},{"type":"Feature","properties":{"name":"Los Electricos","clave_catastral":"02","clave_parroquia":"02","descripcion":"Los Electricos","layer":"barrios"},"geometry":{"type":"Polygon","coordinates":[[[-80.74510196327667,-0.9560853514631447],[-80.7460522935817,-0.9567586063235751],[-80.7464814393859,-0.9570596105392609],[-80.74648510536228,-0.9570621965015677],[-80.74677880320414,-0.957269389253483],[-80.7468873328771,-0.9573454209355675],[-80.74708449164893,-0.9574793268952675],[-80.74720691971338,-0.9575624779393763],[-80.74741224092382,-0.9577019277118239],[-80.74740552513305,-0.9577145715802117],[-80.74738691744398,-0.9577763019585889],[-80.74738063109523,-0.9578405004222361],[-80.74738690804274,-0.9579046989131683],[-80.74740550669313,-0.9579664320517196],[-80.74743571268216,-0.9580233267042217],[-80.74745364913738,-0.9580453290155333],[-80.74747636583163,-0.9580731960763416],[-80.74752590238623,-0.9581141238547417],[-80.74755740915548,-0.9581310788347253],[-80.74758241882223,-0.9581445374946042],[-80.74764374464516,-0.9581632679362571],[-80.74770752237889,-0.9581695957521957],[-80.74777130013923,-0.9581632773906962],[-80.74783262870274,-0.9581445551351493],[-80.74788915048772,-0.9581141498726994],[-80.74793869303083,-0.9580732294362235],[-80.74797935257787,-0.9580233660883836],[-80.74800956689035,-0.9579664759108795],[-80.748028174571,-0.9579047464311827],[-80.74803446090849,-0.9578405479631869],[-80.74803294128994,-0.957825001141785],[-80.74809475937448,-0.9578228796235777],[-80.74911694111087,-0.9576931422319035],[-80.74944415541387,-0.9576488323216239],[-80.75007184345364,-0.9575629104800215],[-80.7500559779084,-0.9574731887944522],[-80.75002718570099,-0.9573888540654423],[-80.75000645987244,-0.9573281466982024],[-80.7500027882337,-0.9573173922174192],[-80.74994613017255,-0.9571514368793999],[-80.74991404655586,-0.9570574603367276],[-80.74986139758052,-0.9569032460165232],[-80.74984288013066,-0.9568490057791763],[-80.74983849046961,-0.9568361502882681],[-80.74983025569955,-0.956812028939737],[-80.74982525949858,-0.9567971902577028],[-80.74978526981415,-0.956670270464869],[-80.74978189475755,-0.9566592154415332],[-80.74975071120976,-0.9565600811558852],[-80.74972307348531,-0.9564720616177311],[-80.74970282570017,-0.9564077119106997],[-80.74970197866118,-0.9564050198798809],[-80.74966413538591,-0.9562847476503435],[-80.74961892091622,-0.9561464963611997],[-80.74961803944983,-0.9561437219182807],[-80.74958840103314,-0.9560431447181088],[-80.74957286880584,-0.955989751407273],[-80.74954951376631,-0.9559094658432485],[-80.74955165344767,-0.955907091928296],[-80.74955541479935,-0.955902918816733],[-80.74953505106909,-0.9558426081232057],[-80.74953196217656,-0.9558331308116124],[-80.74951882557262,-0.9557928252041278],[-80.74950665981186,-0.9557554983282301],[-80.7494924729255,-0.955711754535784],[-80.74949148892394,-0.9557087204691044],[-80.74947883397388,-0.9556712632215749],[-80.74947104403124,-0.9556482067616656],[-80.74944491008515,-0.9555464934909423],[-80.74943402177078,-0.9555391834576312],[-80.7494040937162,-0.9554790472271436],[-80.74939992758163,-0.9554699798160584],[-80.74939062821947,-0.9554297081648713],[-80.74937915173375,-0.955380008300807],[-80.74937383932857,-0.9553570024935567],[-80.74936237712339,-0.9553073644716221],[-80.74933912732743,-0.9551902943128283],[-80.7492988702106,-0.95498756566991],[-80.7492931419735,-0.9549589089425864],[-80.74926420751994,-0.9548380355057589],[-80.74921995159954,-0.954657432929622],[-80.74919917052817,-0.9545726283677708],[-80.74919399829542,-0.9545064051889369],[-80.74917780453772,-0.9542990520992305],[-80.74916901618398,-0.954187176477518],[-80.74916857997984,-0.9539429698651104],[-80.74916814377109,-0.9536987650617874],[-80.7491677084621,-0.9534544851664606],[-80.74916948045573,-0.9532118674034962],[-80.74916947238798,-0.9532115724641272],[-80.74916659406114,-0.9531053273491209],[-80.74916275121268,-0.9529634624270642],[-80.7491647477489,-0.9528719926537548],[-80.74911530542734,-0.9527092009274867],[-80.74900255587032,-0.952485733125002],[-80.74893301664355,-0.9524375965065417],[-80.74885787933886,-0.9525132477214555],[-80.74862871838194,-0.9527488635634285],[-80.74830361689887,-0.9531174592339653],[-80.74786858076378,-0.9535911290425361],[-80.74757421959026,-0.9542130634384591],[-80.7472402573596,-0.9547152705379035],[-80.7469065199158,-0.9551902147625241],[-80.74686945076199,-0.9552442446048133],[-80.74671923250835,-0.955463629861498],[-80.74671900422318,-0.9554635276112151],[-80.74611838796,-0.9550392670278995],[-80.74599354198551,-0.954953104923959],[-80.74590472334008,-0.9548907710106391],[-80.74566893882482,-0.955246445778144],[-80.74547132544514,-0.9555408411432325],[-80.74510196327667,-0.9560853514631447]]]}},{"type":"Feature","properties":{"name":"Cond Barbasquillo","clave_catastral":"02","clave_parroquia":"02","descripcion":"Cond Barbasquillo","layer":"barrios"},"geometry":{"type":"Polygon","coordinates":[[[-80.75291341530458,-0.9546355988333772],[-80.75216661016763,-0.9548786801865959],[-80.7521077487773,-0.954898405151212],[-80.75207857575411,-0.954924731299883],[-80.75207353640916,-0.9549348737536434],[-80.75206253452818,-0.9549570196037394],[-80.75206253152064,-0.9549989950076138],[-80.75207945416828,-0.9550585919733265],[-80.75209522106726,-0.9551168580115929],[-80.75222392398112,-0.9555472093402528],[-80.7522942715026,-0.9558219599176851],[-80.75252413983449,-0.9567763932334543],[-80.75264442139401,-0.9573451551678857],[-80.75327738067243,-0.95729890025396],[-80.7539868984282,-0.9572450520242198],[-80.75497617756876,-0.9571746003488926],[-80.7550843751965,-0.9571709304388207],[-80.75516013497622,-0.9571740119332616],[-80.75522811545054,-0.9571808899792558],[-80.75531938565096,-0.957196910992792],[-80.75538229012132,-0.9572112996612958],[-80.7554478430168,-0.9572301080787043],[-80.75573445760041,-0.9564678861837876],[-80.75576214185789,-0.9563704208106713],[-80.75577787706361,-0.9562803642426587],[-80.75577938358555,-0.9562146734946992],[-80.75577487914018,-0.9561469123156598],[-80.75576532627625,-0.9560906018234192],[-80.75539467267504,-0.9545322239761589],[-80.75536584963598,-0.9544266355959791],[-80.75532978307986,-0.9543234062085588],[-80.75530755945114,-0.9542744899962657],[-80.7552738488015,-0.9542196642316441],[-80.75520551850838,-0.9541399679342105],[-80.75515356358481,-0.9541576460712662],[-80.75515765835232,-0.9542102115325832],[-80.75516931048062,-0.9543597807666941],[-80.75518718967967,-0.9543786780407544],[-80.75518996640314,-0.9543990100243461],[-80.75521375585294,-0.9545732093355923],[-80.75521435299791,-0.9545878047698722],[-80.7551662920563,-0.9545926076666119],[-80.75510756784162,-0.9545966428758135],[-80.7551101850297,-0.9546312279744882],[-80.75445483585955,-0.954678433582373],[-80.75379499093665,-0.9547258884387021],[-80.75323687819487,-0.9547623065914621],[-80.75292366218298,-0.9547899086830114],[-80.75291341530458,-0.9546355988333772]]]}},{"type":"Feature","properties":{"name":"Urb Altos de Manta Beach","clave_catastral":"02","clave_parroquia":"02","descripcion":"Urb Altos de Manta Beach","layer":"barrios"},"geometry":{"type":"Polygon","coordinates":[[[-80.76263775599878,-0.9507223193863865],[-80.76254300225723,-0.9541589364173718],[-80.76253924044995,-0.9543084874473209],[-80.76253228847382,-0.9545025722433138],[-80.76252926470688,-0.9546632197274646],[-80.76252546364611,-0.9548214995024011],[-80.76252159949081,-0.954982358632364],[-80.76251719721414,-0.9551656665674956],[-80.76251437323023,-0.9552832466296196],[-80.76251050636299,-0.9554442396574103],[-80.7625019737876,-0.9556849310445442],[-80.76250033329548,-0.9557532437005278],[-80.76249417153448,-0.9560097832499822],[-80.76263351412373,-0.9559402135679136],[-80.76283843091234,-0.9558285336727437],[-80.76302925290095,-0.9557291660366759],[-80.7630425455987,-0.9557222440342059],[-80.76304255008483,-0.9557223580293766],[-80.76322300672626,-0.9556299614403656],[-80.76334011133254,-0.9555744993041628],[-80.76351818072737,-0.9554827530244978],[-80.76364139490991,-0.9554191571478441],[-80.76373657491462,-0.955370030851256],[-80.76384784985704,-0.95531589642043],[-80.76396799458823,-0.9552541348945313],[-80.76400324371731,-0.9552360148624075],[-80.76415086365466,-0.9551601289117571],[-80.76425738948176,-0.9551044126836389],[-80.76432659687734,-0.9550710088230971],[-80.76438264035167,-0.9550673114762276],[-80.76441242550854,-0.955065588227967],[-80.76446811329265,-0.9550717025560118],[-80.76456523980953,-0.9550783119087782],[-80.76466875833911,-0.9551009443112122],[-80.76473629406762,-0.9551191420028857],[-80.76490180307931,-0.9551689429228958],[-80.76501404446738,-0.9552168257803402],[-80.76536883123262,-0.9554993122841893],[-80.76559419342237,-0.9566368355699808],[-80.76560025702665,-0.9567243053390513],[-80.76562565254798,-0.9568808365223448],[-80.76584547817595,-0.9568137638376443],[-80.76644774367905,-0.9566252264485371],[-80.76639385065974,-0.9564299309426758],[-80.76620289637846,-0.9558011673397289],[-80.76566837314863,-0.9556727190662571],[-80.7656556157387,-0.9556722043085983],[-80.7656211384279,-0.955548038904567],[-80.76561591918697,-0.9555076572189164],[-80.76562192587612,-0.9554801477730592],[-80.76563193881739,-0.9554608941834033],[-80.76563815637164,-0.9554518229705593],[-80.7659188676188,-0.9550291175621339],[-80.76608646075142,-0.9548691815647601],[-80.76612996749299,-0.954804826292218],[-80.76673204310397,-0.9538627051701525],[-80.76674692325751,-0.9538394204682704],[-80.76679605434865,-0.9537788744409852],[-80.76676344492456,-0.9537579550602402],[-80.766662013188,-0.9536850276033277],[-80.76654553066322,-0.9535934211459107],[-80.76495457185219,-0.9522961211174844],[-80.764920945999,-0.9522608156836867],[-80.76486670731217,-0.9521853364994683],[-80.76483664957253,-0.9521247742086842],[-80.76481087016009,-0.9520497059120316],[-80.76460933890165,-0.9512009052757975],[-80.76459503990259,-0.9511234782552974],[-80.76458629638368,-0.9510451912263989],[-80.7645839043878,-0.9509702475782831],[-80.76459266786894,-0.9508600006657986],[-80.764605883171,-0.9507878645337939],[-80.76461706787923,-0.9507456139171923],[-80.7645220334651,-0.9507316312620729],[-80.76420796005388,-0.9506687605189228],[-80.76409386379457,-0.9506726465949384],[-80.76385686751884,-0.9506820592935128],[-80.7637637867813,-0.9506857568134279],[-80.7637491760122,-0.9506863375429617],[-80.76365603697573,-0.9506882418986038],[-80.76364437605866,-0.9506884799415901],[-80.76355067150357,-0.9506930350882783],[-80.76353669527364,-0.9506937144752214],[-80.76343997005466,-0.9506957913794595],[-80.76342791726391,-0.9506960502032626],[-80.76333186063434,-0.9506997565532346],[-80.76332137891855,-0.9507001611451642],[-80.7632247605443,-0.9507038891666184],[-80.76321070972439,-0.9507044310294503],[-80.76311560488239,-0.9507086069891955],[-80.76310461174994,-0.9507090893511219],[-80.7630075116721,-0.9507121315545248],[-80.76290913351279,-0.9507152134744956],[-80.7627793990831,-0.9507210417660444],[-80.76263775599878,-0.9507223193863865]]]}},{"type":"Feature","properties":{"name":"La Paz","clave_catastral":"03","clave_parroquia":"03","descripcion":"La Paz","layer":"barrios"},"geometry":{"type":"Polygon","coordinates":[[[-80.81449990547554,-0.9596636465944783],[-80.81412076813234,-0.959571194096327],[-80.81410245640019,-0.9595617668257859],[-80.81359481778021,-0.9599802796766852],[-80.81337412308581,-0.9600136075444112],[-80.81310921448932,-0.9600537987198549],[-80.81299411586008,-0.9598721093854863],[-80.81282143006467,-0.9594882955642561],[-80.81221218225454,-0.9597977360976984],[-80.81215416524233,-0.959826738340098],[-80.8121047553267,-0.9598514381902986],[-80.81197699067593,-0.9599203315648026],[-80.81154003965699,-0.9601433333689613],[-80.81123011848113,-0.9603015043169449],[-80.81126562802918,-0.9604335887389369],[-80.81126381234063,-0.9605505052000468],[-80.81125758507577,-0.960574378707534],[-80.81124318054894,-0.9605986543625562],[-80.81122394835158,-0.9606109358246329],[-80.81155899700809,-0.9610017194654858],[-80.81208786922275,-0.9619978278038985],[-80.81231883213273,-0.9619764511145519],[-80.81250727220235,-0.9618876484110501],[-80.81268226923346,-0.9618051812981322],[-80.81290233362292,-0.9617014762339835],[-80.81311865674503,-0.9615513537425925],[-80.81356841976442,-0.9617286057809195],[-80.8137174767844,-0.9625270844684479],[-80.81419461564853,-0.9623527812043022],[-80.81456818951915,-0.9622506085612202],[-80.8145251351363,-0.9621888651229398],[-80.81445569822633,-0.962063769654023],[-80.81444884844768,-0.9620481555517273],[-80.81443219491243,-0.9620101924197256],[-80.81441597675432,-0.9619489344771212],[-80.81440750018895,-0.961882789639006],[-80.81440798397945,-0.9618118231122709],[-80.81441504940317,-0.9616788824445734],[-80.81444137577729,-0.9615670428044041],[-80.81448339692841,-0.9614383897257142],[-80.81452522837117,-0.961344136957706],[-80.81457034179438,-0.9612576450908819],[-80.81462893003426,-0.9611697624935829],[-80.81469853604112,-0.9610923698669183],[-80.8147632245817,-0.9610344891535334],[-80.81482145770507,-0.9609982210393042],[-80.81484664868461,-0.9609901414183923],[-80.81477812188376,-0.9607551555090055],[-80.81448915100944,-0.9601554298252779],[-80.8144958403758,-0.9598470999308688],[-80.81449990547554,-0.9596636465944783]]]}},{"type":"Feature","properties":{"name":"Bella Vista SM","clave_catastral":"03","clave_parroquia":"03","descripcion":"Bella Vista SM","layer":"barrios"},"geometry":{"type":"Polygon","coordinates":[[[-80.80893655883901,-0.9620593791640887],[-80.80951358563298,-0.9620874213910752],[-80.80966709442465,-0.9620713944081842],[-80.80972416843193,-0.9620646951033507],[-80.81017605969686,-0.9620858630317457],[-80.81015666786479,-0.9621360759684591],[-80.81037967482482,-0.96214635627679],[-80.81052235836952,-0.9621564180190917],[-80.81062366503136,-0.9621391886568774],[-80.81073353321372,-0.9621133422576094],[-80.81079916956135,-0.9620831846301172],[-80.81091046600572,-0.9620314857684775],[-80.8110117734543,-0.9619998938735819],[-80.81112734962713,-0.9619625577622202],[-80.81116142938853,-0.961931892549643],[-80.81133710416393,-0.9618002729621651],[-80.81147872006015,-0.9619544743371051],[-80.81208786922275,-0.9619978278038985],[-80.81155899700809,-0.9610017194654858],[-80.81122394835158,-0.9606109358246329],[-80.81116220286556,-0.9606302664813882],[-80.81085888875779,-0.9605447576852413],[-80.81080890795708,-0.960530841042484],[-80.8096103201289,-0.9601468635530068],[-80.80956927735218,-0.9601341734058906],[-80.80945871119948,-0.9601012307362566],[-80.80900912975103,-0.9599816037216868],[-80.80828260789241,-0.9598323666213133],[-80.80827119231697,-0.9598642972963205],[-80.8082367487224,-0.9599606393816912],[-80.80820594083688,-0.9600554445459011],[-80.80814476296277,-0.9601932757494183],[-80.80810913332594,-0.9602667617297557],[-80.80801506061856,-0.9604336281776398],[-80.8080783059147,-0.9604858958319796],[-80.80817326262166,-0.960536035557567],[-80.8082647598527,-0.9605703451347978],[-80.80833785194662,-0.9605815560743309],[-80.8084019251421,-0.9605656426287652],[-80.80858373807968,-0.9611298524327907],[-80.80878722055235,-0.9615390975957041],[-80.80888607193602,-0.9618834872084534],[-80.80893655883901,-0.9620593791640887]]]}},{"type":"Feature","properties":{"name":"24 de Mayo","clave_catastral":"02","clave_parroquia":"02","descripcion":"24 de Mayo","layer":"barrios"},"geometry":{"type":"Polygon","coordinates":[[[-80.74510196327667,-0.9560853514631447],[-80.74475661515395,-0.9558623999652696],[-80.74437882303188,-0.9556695704689133],[-80.74436603956073,-0.955693639581142],[-80.74434883785781,-0.9557147354530854],[-80.7443278776948,-0.955732048409942],[-80.74430396443685,-0.9557449117334329],[-80.74427801758264,-0.9557528324201741],[-80.7442510348117,-0.9557555056543946],[-80.74422405153777,-0.9557528283756085],[-80.7441981058557,-0.9557449047044599],[-80.74417419540002,-0.955732036892215],[-80.74415323689979,-0.9557147216987687],[-80.74413603831808,-0.9556936223443699],[-80.74412325840765,-0.9556695522215364],[-80.74411538963702,-0.9556434341813969],[-80.74411273392515,-0.9556162724855427],[-80.7440774069215,-0.9556171691281037],[-80.74398329355517,-0.9556195577674202],[-80.74388384200007,-0.956280758399032],[-80.7438859813894,-0.9563377631413061],[-80.74394500734526,-0.9565599115558143],[-80.7439508164783,-0.9566292641890044],[-80.74393771131993,-0.9570885478022434],[-80.74395783429195,-0.9571497346059203],[-80.74365690511874,-0.9572681533627191],[-80.74355941544184,-0.9573002825751756],[-80.74344913662611,-0.957323687513906],[-80.74330537233517,-0.9573386460776021],[-80.74313441719929,-0.957334872640061],[-80.74234166367546,-0.9572121298109835],[-80.74198312030833,-0.957161134394923],[-80.7415446762368,-0.9571112221670007],[-80.74135538931465,-0.9570982594584763],[-80.74120003294762,-0.9570929324356997],[-80.74112169965933,-0.9570947648757197],[-80.74103387992803,-0.9572725202115322],[-80.7409588351527,-0.9576720434533],[-80.74134263382628,-0.9576774128742755],[-80.74135116187006,-0.9581169045428197],[-80.74135289473104,-0.9581502106813816],[-80.74135306208909,-0.9581534273560095],[-80.74130441635855,-0.9584950117700969],[-80.74128386335701,-0.9586393324112379],[-80.74124774421581,-0.9587360008480488],[-80.74113854817975,-0.9588101876848327],[-80.74102810947277,-0.9589034974787579],[-80.74062497943285,-0.9587842971077833],[-80.7401630383652,-0.9585288179309828],[-80.7394890369014,-0.9585337034474151],[-80.73937559590767,-0.9586905215364823],[-80.73936622190426,-0.9587455023545316],[-80.73930968533115,-0.9590771030872816],[-80.73943533553391,-0.9593835104210768],[-80.73948737560974,-0.9595104142483989],[-80.73964469266613,-0.9598940442516266],[-80.7400481500615,-0.9598804437354858],[-80.73996149799994,-0.9603040593181761],[-80.73995893549946,-0.9603165858673464],[-80.73996133125986,-0.9604529136999247],[-80.73998190976019,-0.96044387260487],[-80.74009054302846,-0.9603961433995494],[-80.74033881789522,-0.960311903154107],[-80.74057948178641,-0.9602515993739758],[-80.74089702883244,-0.9601954233422703],[-80.74471169397964,-0.959756825387572],[-80.74617866435655,-0.9595803375737829],[-80.74628853194505,-0.9595645475580453],[-80.74641980228712,-0.9595387049829895],[-80.74654679385372,-0.9594956271689199],[-80.74660490019666,-0.9594657893145779],[-80.74666379820934,-0.9594381861761576],[-80.74672658161779,-0.9593994118442453],[-80.74678122969941,-0.9593534118114775],[-80.74680506261922,-0.9593333505173263],[-80.74688211728736,-0.959254362443076],[-80.74697487049309,-0.959135160732643],[-80.74705050246152,-0.959005904496351],[-80.74732306221804,-0.958533400372346],[-80.74743843805945,-0.9583353257470008],[-80.74755740915548,-0.9581310788347253],[-80.74752590238623,-0.9581141238547417],[-80.74747636583163,-0.9580731960763416],[-80.74745364913738,-0.9580453290155333],[-80.74743571268216,-0.9580233267042217],[-80.74740550669313,-0.9579664320517196],[-80.74738690804274,-0.9579046989131683],[-80.74738063109523,-0.9578405004222361],[-80.74738691744398,-0.9577763019585889],[-80.74740552513305,-0.9577145715802117],[-80.74741224092382,-0.9577019277118239],[-80.74720691971338,-0.9575624779393763],[-80.74708449164893,-0.9574793268952675],[-80.7468873328771,-0.9573454209355675],[-80.74677880320414,-0.957269389253483],[-80.74648510536228,-0.9570621965015677],[-80.7464814393859,-0.9570596105392609],[-80.7460522935817,-0.9567586063235751],[-80.74510196327667,-0.9560853514631447]]]}},{"type":"Feature","properties":{"name":"Virgen Del  Mar","clave_catastral":"03","clave_parroquia":"03","descripcion":"Virgen Del  Mar","layer":"barrios"},"geometry":{"type":"Polygon","coordinates":[[[-80.80995879542711,-0.9578614854014517],[-80.81002094812854,-0.9580773226630157],[-80.81003844073057,-0.9580725729343982],[-80.81010193968693,-0.9582681506273616],[-80.81022471033832,-0.9586311100594145],[-80.81026898056959,-0.958760003105013],[-80.81034924502212,-0.9589843486959353],[-80.81045496686225,-0.9592922358236109],[-80.81054126678991,-0.9595457763704758],[-80.81055676396014,-0.9595921262368563],[-80.81062413214994,-0.9597245489925683],[-80.81066635107857,-0.9597767068655969],[-80.81072494206387,-0.9598197170827235],[-80.81108519259705,-0.9600003145868924],[-80.81112189348971,-0.9600259655493489],[-80.81114749834543,-0.9600591097224935],[-80.81116633964318,-0.9600945270906749],[-80.8111823314172,-0.9601362022754927],[-80.81123011848113,-0.9603015043169449],[-80.81154003965699,-0.9601433333689613],[-80.81197699067593,-0.9599203315648026],[-80.8121047553267,-0.9598514381902986],[-80.81215416524233,-0.959826738340098],[-80.81211668595593,-0.9596369007606428],[-80.81207110651553,-0.9595663062516451],[-80.81205987141408,-0.959470466415624],[-80.81199803751039,-0.9593954333367236],[-80.81186060703624,-0.9592717680101686],[-80.81178897279962,-0.9592264972892082],[-80.81149784143494,-0.9590425108436023],[-80.81132482888134,-0.9589262170876651],[-80.8112438688356,-0.9588477784629674],[-80.81116893780052,-0.9587549197778173],[-80.81114563211557,-0.9587209243889134],[-80.8110915274111,-0.9586380577248123],[-80.81100431142812,-0.9584837974603317],[-80.81092625149482,-0.9583455440784263],[-80.81080173198093,-0.9580924316094297],[-80.81071130087727,-0.9579082501360006],[-80.81052438780515,-0.9574453902533974],[-80.81039799409977,-0.9574361827808103],[-80.81035414481917,-0.9574699098185135],[-80.81032650365286,-0.9576287263044919],[-80.8103053387145,-0.9576809927341969],[-80.81026853561342,-0.9577094592263364],[-80.81005728430813,-0.9577977140604048],[-80.80995879542711,-0.9578614854014517]]]}},{"type":"Feature","properties":{"name":"Urb Villa Real","clave_catastral":"02","clave_parroquia":"02","descripcion":"Urb Villa Real","layer":"barrios"},"geometry":{"type":"Polygon","coordinates":[[[-80.75920843877356,-0.9612777990610938],[-80.75931606647987,-0.9612393270895723],[-80.75954461123268,-0.9611640226779059],[-80.7595772756245,-0.9611467269992318],[-80.75992037360699,-0.9610381694736674],[-80.76004249176768,-0.9609320412596672],[-80.76038065140236,-0.9607637506802719],[-80.76076478197812,-0.9606095599886829],[-80.76090486641509,-0.9606433712008595],[-80.76091437519625,-0.9606990576727698],[-80.7615097954859,-0.9605488420547772],[-80.76158639963194,-0.9604799377066939],[-80.76152184605422,-0.9603493065454528],[-80.76141078558388,-0.9601540642003955],[-80.7612600177372,-0.9599158300122781],[-80.76114214072858,-0.9597633320090466],[-80.76114533434787,-0.9597482404256397],[-80.76108523061347,-0.9596777793250765],[-80.76100258215688,-0.9595715569247716],[-80.76097978264323,-0.9595472405813439],[-80.7609616086143,-0.9595326102949996],[-80.76094772421928,-0.9595455076749602],[-80.76090541823102,-0.9594968160250373],[-80.76089075041024,-0.9594864709366391],[-80.76082059642684,-0.9594710626456049],[-80.76049880036942,-0.9594424956879664],[-80.76048629839815,-0.959424865140818],[-80.7602145448679,-0.9593959913936345],[-80.76019659552965,-0.9595573275265394],[-80.75971207501527,-0.9595272441421656],[-80.75971817124639,-0.9594720193898637],[-80.75906438023985,-0.9593287734097372],[-80.758927418244,-0.9592729709593328],[-80.7589480791758,-0.9592166717972502],[-80.75888261929529,-0.9591996595110857],[-80.7587369858816,-0.9591716268734132],[-80.75853077683753,-0.9591137094664361],[-80.75839513163041,-0.9590485812363455],[-80.75845259324221,-0.9591731794427005],[-80.75846712357273,-0.9592060970365708],[-80.75862587846039,-0.9595728032904702],[-80.75889423719484,-0.9603793501345308],[-80.75912811391282,-0.9610694343568865],[-80.75920843877356,-0.9612777990610938]]]}},{"type":"Feature","properties":{"name":"Urb Manta 2000","clave_catastral":"02","clave_parroquia":"02","descripcion":"Urb Manta 2000","layer":"barrios"},"geometry":{"type":"Polygon","coordinates":[[[-80.75264442139401,-0.9573451551678857],[-80.75177857969712,-0.9574100195923734],[-80.75174874957071,-0.9574121751765006],[-80.75059796741978,-0.9574990473960837],[-80.75042920722254,-0.957513992413837],[-80.75007184345364,-0.9575629104800215],[-80.74944415541387,-0.9576488323216239],[-80.74911694111087,-0.9576931422319035],[-80.74809475937448,-0.9578228796235777],[-80.74803294128994,-0.957825001141785],[-80.74803446090849,-0.9578405479631869],[-80.748028174571,-0.9579047464311827],[-80.74800956689035,-0.9579664759108795],[-80.74797935257787,-0.9580233660883836],[-80.74793869303083,-0.9580732294362235],[-80.74788915048772,-0.9581141498726994],[-80.74783262870274,-0.9581445551351493],[-80.74777130013923,-0.9581632773906962],[-80.74770752237889,-0.9581695957521957],[-80.74764374464516,-0.9581632679362571],[-80.74758241882223,-0.9581445374946042],[-80.74755740915548,-0.9581310788347253],[-80.74743843805945,-0.9583353257470008],[-80.74755275344297,-0.9583885880362146],[-80.74770182136834,-0.9584518697799069],[-80.74767769106559,-0.9585145383460514],[-80.74764168240056,-0.9585988081329616],[-80.74761588573392,-0.9586665824131302],[-80.74760149538885,-0.9587043853632765],[-80.74756924119437,-0.9587891160375078],[-80.74755951082236,-0.9588144899969677],[-80.74750831473678,-0.958937885479628],[-80.74745311934873,-0.9590814088735868],[-80.74744347082292,-0.9591059866847331],[-80.74734673226149,-0.9593495074972367],[-80.74730007061764,-0.9594598319151543],[-80.74716293043726,-0.9597894501010131],[-80.7470482729863,-0.9600525115108524],[-80.74705167837851,-0.960396649137877],[-80.74700830779949,-0.9607185154067822],[-80.74698185720645,-0.9609148087112089],[-80.746969537935,-0.9610062306472146],[-80.74804524694392,-0.9609785837247102],[-80.75134790151043,-0.9610221869239126],[-80.75389694090455,-0.9610943950301163],[-80.75397162994526,-0.9610939433413819],[-80.75414349138418,-0.9610838772115072],[-80.75430711505074,-0.9610660552126262],[-80.75445176897934,-0.961045901272996],[-80.75460602546522,-0.9610150687007463],[-80.75473922875464,-0.9609827029076285],[-80.75488186129456,-0.9609442928058058],[-80.7551000617414,-0.9608644204743229],[-80.75620598534688,-0.9604267317414497],[-80.75693351439979,-0.960146741492494],[-80.75702711925473,-0.9601110154265768],[-80.75728805344754,-0.9600114248029712],[-80.75752626214899,-0.9599126126642261],[-80.7576949309184,-0.9598157152330344],[-80.75781122368282,-0.9597345755701808],[-80.75793845929499,-0.9596330974637227],[-80.75804767896108,-0.959518494593823],[-80.75806735720415,-0.9594978464508586],[-80.75817045484652,-0.9593722779240892],[-80.75828746740277,-0.9591999366033974],[-80.75839513163041,-0.9590485812363455],[-80.75817172939156,-0.9585781771454549],[-80.75816776982228,-0.9585453282641508],[-80.75817419567595,-0.9585141086183171],[-80.75818806419143,-0.9584605582797961],[-80.75710190281066,-0.9579702707029584],[-80.75707842698954,-0.957959358641574],[-80.75673773885148,-0.9578009995191366],[-80.7555932929381,-0.957275904613155],[-80.7554478430168,-0.9572301080787043],[-80.75538229012132,-0.9572112996612958],[-80.75531938565096,-0.957196910992792],[-80.75522811545054,-0.9571808899792558],[-80.75516013497622,-0.9571740119332616],[-80.7550843751965,-0.9571709304388207],[-80.75497617756876,-0.9571746003488926],[-80.7539868984282,-0.9572450520242198],[-80.75327738067243,-0.95729890025396],[-80.75264442139401,-0.9573451551678857]]]}},{"type":"Feature","properties":{"name":"","clave_catastral":"","clave_parroquia":"","descripcion":"","layer":"barrios"},"geometry":{"type":"Polygon","coordinates":[[[-80.75920843877356,-0.9612777990610938],[-80.75920843877356,-0.9612777990610938],[-80.7592915918715,-0.9614941060158202],[-80.75920843877356,-0.9612777990610938]]]}},{"type":"Feature","properties":{"name":"Vista Al Mar","clave_catastral":"03","clave_parroquia":"03","descripcion":"Vista Al Mar","layer":"barrios"},"geometry":{"type":"Polygon","coordinates":[[[-80.80945871119948,-0.9601012307362566],[-80.80956927735218,-0.9601341734058906],[-80.8096103201289,-0.9601468635530068],[-80.81080890795708,-0.960530841042484],[-80.81085888875779,-0.9605447576852413],[-80.81116220286556,-0.9606302664813882],[-80.81122394835158,-0.9606109358246329],[-80.81124318054894,-0.9605986543625562],[-80.81125758507577,-0.960574378707534],[-80.81126381234063,-0.9605505052000468],[-80.81126562802918,-0.9604335887389369],[-80.81123011848113,-0.9603015043169449],[-80.8111823314172,-0.9601362022754927],[-80.81116633964318,-0.9600945270906749],[-80.81114749834543,-0.9600591097224935],[-80.81112189348971,-0.9600259655493489],[-80.81108519259705,-0.9600003145868924],[-80.81072494206387,-0.9598197170827235],[-80.81066635107857,-0.9597767068655969],[-80.81062413214994,-0.9597245489925683],[-80.81055676396014,-0.9595921262368563],[-80.81054126678991,-0.9595457763704758],[-80.81045496686225,-0.9592922358236109],[-80.81034924502212,-0.9589843486959353],[-80.81026898056959,-0.958760003105013],[-80.81022471033832,-0.9586311100594145],[-80.81010193968693,-0.9582681506273616],[-80.81003844073057,-0.9580725729343982],[-80.81002094812854,-0.9580773226630157],[-80.80995879542711,-0.9578614854014517],[-80.8099237701761,-0.9577398534435417],[-80.80959760820626,-0.9579395113850353],[-80.8092299625775,-0.9585734986136316],[-80.80934578464799,-0.9593071238066814],[-80.80936325211556,-0.9594326009866306],[-80.80945871119948,-0.9601012307362566]]]}},{"type":"Feature","properties":{"name":"Urb Villaventura","clave_catastral":"02","clave_parroquia":"02","descripcion":"Urb Villaventura","layer":"barrios"},"geometry":{"type":"Polygon","coordinates":[[[-80.75620598534688,-0.9604267317414497],[-80.75621069985908,-0.960432552160313],[-80.75618852502139,-0.9605471626640565],[-80.75617629962272,-0.9606109871084954],[-80.75616755660718,-0.9606429131649038],[-80.75611686329536,-0.9608280198757058],[-80.75575615115318,-0.9621452388365412],[-80.75597155678311,-0.9621423195805932],[-80.75597220113677,-0.962523837425394],[-80.75662911894506,-0.9625200252787494],[-80.75692141673213,-0.9625225478314121],[-80.7570928694224,-0.9625204387878056],[-80.75708564669648,-0.9624284919766523],[-80.7570365937552,-0.9617634811677647],[-80.75700582648676,-0.961390579712429],[-80.75701856372912,-0.9613917737646888],[-80.75701930493783,-0.9608505269313241],[-80.75701851905794,-0.9606364685406703],[-80.7570185516064,-0.9603141397487037],[-80.75702711925473,-0.9601110154265768],[-80.75693351439979,-0.960146741492494],[-80.75620598534688,-0.9604267317414497]]]}},{"type":"Feature","properties":{"name":"San Pedro 1","clave_catastral":"04","clave_parroquia":"04","descripcion":"San Pedro 1","layer":"barrios"},"geometry":{"type":"Polygon","coordinates":[[[-80.70448982737886,-0.9690446197551665],[-80.70497186568467,-0.9693883223031037],[-80.70527156015899,-0.9696071416441043],[-80.7056993503386,-0.9699194891349378],[-80.7062992529535,-0.9703547067509106],[-80.70684383496062,-0.9707607803586598],[-80.70738299848396,-0.971154233548873],[-80.70783084695599,-0.9714824007032803],[-80.70816361902585,-0.9717446338088251],[-80.70861765870437,-0.9720708979176607],[-80.70910567573857,-0.9724678803344062],[-80.70958734738815,-0.9728547673311425],[-80.7100527916527,-0.9732289416117936],[-80.7106908976958,-0.9723673269613613],[-80.71098883116736,-0.9719319366980557],[-80.710554803115,-0.9715805487676761],[-80.7100877321383,-0.9711746722719569],[-80.70962356360653,-0.970767254356943],[-80.70920328237918,-0.9703900523286819],[-80.70886654605341,-0.97011354346688],[-80.70844979005486,-0.9697783658018864],[-80.70795681863503,-0.9693364827967487],[-80.70744092489555,-0.9688910567031286],[-80.70743178314416,-0.9688823516272294],[-80.70708163936253,-0.9685489366263768],[-80.70696671323088,-0.9684395011219351],[-80.70669422622665,-0.9681653454821911],[-80.70661986476301,-0.9680717351928649],[-80.70656846648778,-0.9680095974782573],[-80.70631773540946,-0.9676966114665362],[-80.70633753558742,-0.967667236131902],[-80.70590505110617,-0.9672511544551412],[-80.70553230360841,-0.9677248551399629],[-80.70448982737886,-0.9690446197551665]]]}},{"type":"Feature","properties":{"name":"Maria Auxiliadora 1","clave_catastral":"04","clave_parroquia":"04","descripcion":"Maria Auxiliadora 1","layer":"barrios"},"geometry":{"type":"Polygon","coordinates":[[[-80.70661986476301,-0.9680717351928649],[-80.70669422622665,-0.9681653454821911],[-80.70696671323088,-0.9684395011219351],[-80.70708163936253,-0.9685489366263768],[-80.70743178314416,-0.9688823516272294],[-80.70744092489555,-0.9688910567031286],[-80.70795681863503,-0.9693364827967487],[-80.70844979005486,-0.9697783658018864],[-80.70886654605341,-0.97011354346688],[-80.70920328237918,-0.9703900523286819],[-80.70962356360653,-0.970767254356943],[-80.7100877321383,-0.9711746722719569],[-80.710554803115,-0.9715805487676761],[-80.71098883116736,-0.9719319366980557],[-80.71143552792272,-0.9723240596760263],[-80.71186956192886,-0.972724143048154],[-80.71234200795543,-0.9731426533535483],[-80.71302189111935,-0.9721113302606739],[-80.7136150241738,-0.9712196598228074],[-80.71385802019526,-0.9708504201270785],[-80.71360642463833,-0.9706630063837878],[-80.71352873976102,-0.9706158314157989],[-80.71342173278668,-0.9705464033269351],[-80.71326478817222,-0.9704650033742581],[-80.71317680713807,-0.9703812145156405],[-80.71316892186962,-0.9702872001385145],[-80.71316255313758,-0.9702112585247988],[-80.71317683636654,-0.9700341233223497],[-80.71319825198044,-0.9698833196216015],[-80.71317899492264,-0.9697178623634245],[-80.71315038683171,-0.9692427530300449],[-80.71315784187676,-0.9690341502690386],[-80.71322762065748,-0.9685609754598801],[-80.71325400321604,-0.9679684846305747],[-80.71325946575621,-0.9677260280759015],[-80.71332025038907,-0.9672725581334305],[-80.71316879006041,-0.9670230115344366],[-80.71306325468197,-0.9668979850927569],[-80.71301997270058,-0.9668637812848431],[-80.71280343318375,-0.9665881334777993],[-80.71239853837027,-0.9660492167861889],[-80.71184228631662,-0.9652992437750498],[-80.71179517945116,-0.9652397211217334],[-80.71159417662773,-0.9653799070998444],[-80.7114395960535,-0.9654696590404939],[-80.71124340182695,-0.9655235009969515],[-80.71096100400054,-0.9655743436647413],[-80.71071130314121,-0.9656371585154204],[-80.71046332793921,-0.9657001571503799],[-80.7102148678808,-0.9658316066219612],[-80.70990273446067,-0.9659991415744003],[-80.70954304011433,-0.9661517110899638],[-80.7094587718065,-0.9662098934314827],[-80.70928738495252,-0.9663282265243396],[-80.70925052915058,-0.9664024083394055],[-80.70921305757011,-0.966477828658185],[-80.7091892705098,-0.9665586151275818],[-80.70920041615126,-0.9666567118447489],[-80.70922112553606,-0.9673707452835743],[-80.70922247515466,-0.9674172623321765],[-80.70922116254604,-0.9674216636674373],[-80.70919387466809,-0.9675131942522341],[-80.70913745046443,-0.9677024570955126],[-80.70905896115943,-0.9678575649623439],[-80.70894052909884,-0.9679236216961584],[-80.70877215909084,-0.9679609493430092],[-80.70861948919512,-0.9679451370706572],[-80.70843114900686,-0.967929322610118],[-80.7082638681868,-0.9678737159867126],[-80.70813294960263,-0.967830195906032],[-80.70787897866676,-0.9677641069445997],[-80.70765925120313,-0.9677138191044747],[-80.70754082549473,-0.9676951381868832],[-80.70738387522448,-0.967683634659096],[-80.70727032673655,-0.9676919880018318],[-80.7072668735625,-0.9676922419273524],[-80.70721408094883,-0.9676965456033884],[-80.7071789839992,-0.9677080541719789],[-80.70708708909677,-0.9677381859247731],[-80.70695581510824,-0.9678042414622468],[-80.70685022179298,-0.9678860982977966],[-80.7067489100634,-0.9679708270723921],[-80.70661986476301,-0.9680717351928649]]]}},{"type":"Feature","properties":{"name":"La Victoria","clave_catastral":"04","clave_parroquia":"04","descripcion":"La Victoria","layer":"barrios"},"geometry":{"type":"Polygon","coordinates":[[[-80.70614894465163,-0.9638188471541723],[-80.70667066614226,-0.9631924014068147],[-80.70712412818217,-0.9626535607487058],[-80.70732023070234,-0.9624357856802989],[-80.70791554174582,-0.9619537056372139],[-80.70858920983937,-0.9613968552399825],[-80.709499872488,-0.9606517806899291],[-80.71027812678983,-0.9600102606024308],[-80.71025656032937,-0.9599197539832289],[-80.7095724928852,-0.9591635532643467],[-80.70887330896453,-0.9584507837261071],[-80.70873109432156,-0.9582952570258527],[-80.70823915513331,-0.9586103577352246],[-80.70794959133835,-0.9587917434421769],[-80.70766367386786,-0.9589777612241903],[-80.70703876611289,-0.9593817037574439],[-80.70626306748908,-0.9581406612342249],[-80.70539394270368,-0.9567443572210834],[-80.70488079070039,-0.9558990900529523],[-80.70433266840685,-0.9561109514545761],[-80.70398350674306,-0.9562270305056445],[-80.70379936670825,-0.9562721969415264],[-80.70335116755959,-0.9563528953238887],[-80.70319401483972,-0.9563770848583033],[-80.70390119275042,-0.9575793161064752],[-80.70346619846025,-0.9578318881661972],[-80.70426329050602,-0.9592958107163838],[-80.70476637210491,-0.9601656823488725],[-80.70494910464502,-0.9605113719095614],[-80.70504294457623,-0.9608432734374759],[-80.70505626493392,-0.960895128377615],[-80.7051276034268,-0.9612530354695538],[-80.70518368008439,-0.9616168031365362],[-80.70520367359829,-0.9619390846836211],[-80.70517880795818,-0.9623250725433792],[-80.70516909668024,-0.9625214020520758],[-80.70516880774673,-0.9626013267385929],[-80.70519308691884,-0.9626682831106592],[-80.70553826196418,-0.963083769716448],[-80.70614894465163,-0.9638188471541723]]]}},{"type":"Feature","properties":{"name":"La Paz","clave_catastral":"04","clave_parroquia":"04","descripcion":"La Paz","layer":"barrios"},"geometry":{"type":"Polygon","coordinates":[[[-80.70737060421362,-0.9654030081279501],[-80.70684766758461,-0.9660611837311278],[-80.70646237306707,-0.9665475839271238],[-80.70590505110617,-0.9672511544551412],[-80.70633753558742,-0.967667236131902],[-80.70631773540946,-0.9676966114665362],[-80.70656846648778,-0.9680095974782573],[-80.70661986476301,-0.9680717351928649],[-80.7067489100634,-0.9679708270723921],[-80.70685022179298,-0.9678860982977966],[-80.70695581510824,-0.9678042414622468],[-80.70708708909677,-0.9677381859247731],[-80.7071789839992,-0.9677080541719789],[-80.70721408094883,-0.9676965456033884],[-80.7072668735625,-0.9676922419273524],[-80.70727032673655,-0.9676919880018318],[-80.70738387522448,-0.967683634659096],[-80.70754082549473,-0.9676951381868832],[-80.70765925120313,-0.9677138191044747],[-80.70787897866676,-0.9677641069445997],[-80.70813294960263,-0.967830195906032],[-80.7082638681868,-0.9678737159867126],[-80.70843114900686,-0.967929322610118],[-80.70861948919512,-0.9679451370706572],[-80.70877215909084,-0.9679609493430092],[-80.70894052909884,-0.9679236216961584],[-80.70905896115943,-0.9678575649623439],[-80.70913745046443,-0.9677024570955126],[-80.70919387466809,-0.9675131942522341],[-80.70922116254604,-0.9674216636674373],[-80.70922247515466,-0.9674172623321765],[-80.70922112553606,-0.9673707452835743],[-80.70920041615126,-0.9666567118447489],[-80.7091892705098,-0.9665586151275818],[-80.70921305757011,-0.966477828658185],[-80.70925052915058,-0.9664024083394055],[-80.70928738495252,-0.9663282265243396],[-80.7094587718065,-0.9662098934314827],[-80.70954304011433,-0.9661517110899638],[-80.70990273446067,-0.9659991415744003],[-80.7102148678808,-0.9658316066219612],[-80.71046332793921,-0.9657001571503799],[-80.71071130314121,-0.9656371585154204],[-80.71096100400054,-0.9655743436647413],[-80.71124340182695,-0.9655235009969515],[-80.7114395960535,-0.9654696590404939],[-80.71159417662773,-0.9653799070998444],[-80.71179517945116,-0.9652397211217334],[-80.71196547761818,-0.9650589188457701],[-80.71207249729207,-0.9649751475246262],[-80.71212035372882,-0.9649280303052024],[-80.71220924601616,-0.9648405109990534],[-80.71233707858873,-0.9646968980053997],[-80.7124248653773,-0.9646197955112257],[-80.71251776828616,-0.9645504043831324],[-80.71241593870526,-0.964420360373424],[-80.71217787205546,-0.9641010665856129],[-80.71186521762652,-0.9637010263115826],[-80.7114671222679,-0.9631974992930168],[-80.71082410355466,-0.9623713281547878],[-80.71029830860446,-0.9616750880040712],[-80.70958080500905,-0.9625939812843427],[-80.7089845160965,-0.9633546403722164],[-80.70843361402024,-0.9640526750232395],[-80.70737060421362,-0.9654030081279501]]]}},{"type":"Feature","properties":{"name":"Oswaldo Alvarez B","clave_catastral":"04","clave_parroquia":"04","descripcion":"Oswaldo Alvarez B","layer":"barrios"},"geometry":{"type":"Polygon","coordinates":[[[-80.71029830860446,-0.9616750880040712],[-80.71082410355466,-0.9623713281547878],[-80.7114671222679,-0.9631974992930168],[-80.71186521762652,-0.9637010263115826],[-80.71217787205546,-0.9641010665856129],[-80.71241593870526,-0.964420360373424],[-80.71251776828616,-0.9645504043831324],[-80.71255267316168,-0.9645250336193669],[-80.7128237829928,-0.964388614420571],[-80.71295486923319,-0.9643083110741344],[-80.7129878771863,-0.964288090727905],[-80.71316267386574,-0.9641696156247264],[-80.71328753017357,-0.9640726803121992],[-80.713412385276,-0.9639793349114285],[-80.71359623314547,-0.9638129856110424],[-80.7136326027256,-0.9637800777831701],[-80.71367081448136,-0.9637512739088123],[-80.71375247107427,-0.9636897220328252],[-80.71364832446602,-0.9636065525008632],[-80.71317020579374,-0.9633092182615998],[-80.71271546699616,-0.9629955675756037],[-80.71330169215315,-0.9620856606239983],[-80.71337383293265,-0.9619736871354121],[-80.71290740121314,-0.9616682666510172],[-80.71239699833575,-0.961328179963985],[-80.71225577759277,-0.9612353168494253],[-80.7118162824503,-0.9609319938119114],[-80.7112446760819,-0.9610494437746695],[-80.71110439874607,-0.9610910946500724],[-80.71099743868156,-0.9611364137462459],[-80.71088662581012,-0.9611899008561409],[-80.71077223212052,-0.9612558468505199],[-80.71065176033174,-0.9613360072112016],[-80.7106328265863,-0.961349176643381],[-80.7105887056207,-0.9613798651328551],[-80.71047376882649,-0.9614832299858166],[-80.71029830860446,-0.9616750880040712]]]}},{"type":"Feature","properties":{"name":"Santa Lucia","clave_catastral":"05","clave_parroquia":"05","descripcion":"Santa Lucia","layer":"barrios"},"geometry":{"type":"Polygon","coordinates":[[[-80.70588247456924,-0.9825897048147708],[-80.70629379665252,-0.9837139413466787],[-80.70679451934406,-0.9834588184430828],[-80.70729031505269,-0.9832315874251804],[-80.70779310455697,-0.9829799241451411],[-80.70828983510506,-0.9827297041614855],[-80.70848335203169,-0.9826339794978906],[-80.70904752374052,-0.9824229142031413],[-80.70903193421131,-0.9823391116188418],[-80.70902157053892,-0.9822834009542589],[-80.70900135347216,-0.9821747236765646],[-80.70898585647609,-0.982091420504517],[-80.70898422322747,-0.9820826409880254],[-80.70897864251226,-0.9820526409893517],[-80.70892127847492,-0.9817442749493779],[-80.70892107451648,-0.9817434905418878],[-80.7089013840038,-0.9816676228716545],[-80.70886776322946,-0.9815380798383586],[-80.70885528223943,-0.9814899903246754],[-80.70884622271736,-0.9814550837414657],[-80.7088028631615,-0.9812880158153092],[-80.70834721340576,-0.9814419442055992],[-80.70827020252018,-0.9815089977769702],[-80.70824957349161,-0.9815405305390074],[-80.70791051961343,-0.9817119647076852],[-80.70740632355046,-0.9819585461835488],[-80.70690429048403,-0.9821644851240734],[-80.70639438649356,-0.9823720454308926],[-80.70588247456924,-0.9825897048147708]]]}},{"type":"Feature","properties":{"name":"Florestal 2","clave_catastral":"05","clave_parroquia":"05","descripcion":"Florestal 2","layer":"barrios"},"geometry":{"type":"Polygon","coordinates":[[[-80.70477931750213,-0.9794171728065777],[-80.70519393120041,-0.9806154615217081],[-80.70567049011726,-0.9804027975957723],[-80.70627150088862,-0.9801539604251558],[-80.70656125244155,-0.9800472728370835],[-80.70671108705643,-0.9799399694452262],[-80.70703509088007,-0.9797485128584354],[-80.70718306375983,-0.9797379524523677],[-80.70724767962392,-0.9797194991979837],[-80.70761494029979,-0.9794478495171006],[-80.70752371398375,-0.9792231960976069],[-80.70768412263469,-0.9791728319055011],[-80.70777612289561,-0.979093391263433],[-80.70779711169047,-0.9789871348267809],[-80.70764283987675,-0.9788964333778551],[-80.70756112755133,-0.9788483920744113],[-80.70737802684599,-0.9787382638161404],[-80.70736278974907,-0.9787262270298669],[-80.7073583607993,-0.9787227290055824],[-80.70722346297636,-0.9786161704641358],[-80.70717578474203,-0.9785638048839617],[-80.70714499502122,-0.9785299883871801],[-80.70713073232031,-0.9784545844146209],[-80.7070650941874,-0.9784669108418456],[-80.70649035695534,-0.9785748409437077],[-80.70591128316822,-0.9788360621359686],[-80.70527216531002,-0.9791605221069091],[-80.70477931750213,-0.9794171728065777]]]}},{"type":"Feature","properties":{"name":"26 De Septiembre","clave_catastral":"05","clave_parroquia":"05","descripcion":"26 De Septiembre","layer":"barrios"},"geometry":{"type":"Polygon","coordinates":[[[-80.70519393120041,-0.9806154615217081],[-80.70549677677435,-0.9815020147995455],[-80.70588247456924,-0.9825897048147708],[-80.70639438649356,-0.9823720454308926],[-80.70690429048403,-0.9821644851240734],[-80.70740632355046,-0.9819585461835488],[-80.70791051961343,-0.9817119647076852],[-80.70824957349161,-0.9815405305390074],[-80.70827020252018,-0.9815089977769702],[-80.70834721340576,-0.9814419442055992],[-80.7088028631615,-0.9812880158153092],[-80.70864349718094,-0.9806635463148722],[-80.70858815818724,-0.980448245977314],[-80.70847251021428,-0.9803152234568699],[-80.7084667872652,-0.9803086402349948],[-80.70806226752053,-0.9800867672760489],[-80.70792774967214,-0.9800129866668499],[-80.70786047123538,-0.9799756603607648],[-80.70791709440647,-0.9798876093486655],[-80.70765345362175,-0.9795097916326369],[-80.70761494029979,-0.9794478495171006],[-80.70724767962392,-0.9797194991979837],[-80.70718306375983,-0.9797379524523677],[-80.70703509088007,-0.9797485128584354],[-80.70671108705643,-0.9799399694452262],[-80.70656125244155,-0.9800472728370835],[-80.70627150088862,-0.9801539604251558],[-80.70567049011726,-0.9804027975957723],[-80.70519393120041,-0.9806154615217081]]]}},{"type":"Feature","properties":{"name":"Las vegas","clave_catastral":"05","clave_parroquia":"05","descripcion":"Las vegas","layer":"barrios"},"geometry":{"type":"Polygon","coordinates":[[[-80.70612350338213,-0.9762010019451282],[-80.70613213656642,-0.9762702144412857],[-80.70617969069397,-0.9763539990151884],[-80.70620301625536,-0.9763735691856823],[-80.70620402552589,-0.9763744151846369],[-80.70626529444537,-0.9764258184372494],[-80.70636658017975,-0.9764579665015419],[-80.70662156477806,-0.9765011475182206],[-80.70664339972399,-0.9765048452042606],[-80.70689858565409,-0.9765273995808315],[-80.7069144959587,-0.9765288060022783],[-80.70704338367817,-0.9766019120972658],[-80.70708333035235,-0.9766245706155132],[-80.70719222623647,-0.9767495903197841],[-80.70721886650088,-0.9767801747992876],[-80.70723484149623,-0.9768234035709328],[-80.70725690618418,-0.9768831086750821],[-80.70725689541155,-0.9770075832367979],[-80.70723617071208,-0.9770633870683981],[-80.70717998756041,-0.9772146652713616],[-80.70716888667862,-0.977244555236993],[-80.70716064872177,-0.9772817049016425],[-80.70711355335361,-0.9774940929971621],[-80.70711398019085,-0.9775054987997294],[-80.7071203728919,-0.9776762384261986],[-80.70712191883314,-0.9777175271239713],[-80.70712365846505,-0.9777639917237622],[-80.70711930664362,-0.9778765281635344],[-80.70711860491097,-0.9778946767215189],[-80.70711412517048,-0.9780105452219487],[-80.70711441512228,-0.9780561538322132],[-80.70711451975946,-0.9780725391679113],[-80.70711509966075,-0.9781637753874435],[-80.70711552617729,-0.9782307081853361],[-80.70711603958651,-0.9783113501649154],[-80.70711647051826,-0.9783791813469519],[-80.70713073232031,-0.9784545844146209],[-80.70714499502122,-0.9785299883871801],[-80.70717578474203,-0.9785638048839617],[-80.70722346297636,-0.9786161704641358],[-80.7073583607993,-0.9787227290055824],[-80.70736278974907,-0.9787262270298669],[-80.70737802684599,-0.9787382638161404],[-80.70756112755133,-0.9788483920744113],[-80.70764283987675,-0.9788964333778551],[-80.70779711169047,-0.9789871348267809],[-80.70777612289561,-0.979093391263433],[-80.70768412263469,-0.9791728319055011],[-80.70752371398375,-0.9792231960976069],[-80.70761494029979,-0.9794478495171006],[-80.70765345362175,-0.9795097916326369],[-80.70791709440647,-0.9798876093486655],[-80.70807414994236,-0.9796433824582068],[-80.70824329064007,-0.9793769229196272],[-80.70829316680965,-0.9792957220524272],[-80.70841253992661,-0.9791179743151872],[-80.70923726633926,-0.9778172138598507],[-80.70928248913266,-0.9777752163147967],[-80.70931037723976,-0.9777083954423347],[-80.70933295207861,-0.9776683030657267],[-80.70936666138911,-0.977615156592293],[-80.70883894481526,-0.9771886188541146],[-80.70882940031379,-0.977180728889465],[-80.70833248030377,-0.976752055950243],[-80.70790562454236,-0.9763692428679605],[-80.70784236677014,-0.9763154247748247],[-80.70768889455621,-0.9761880027840846],[-80.70732457997649,-0.9759258300849041],[-80.7068427373411,-0.9755832530163957],[-80.70681706023954,-0.9755775157647264],[-80.70679792867773,-0.9755759941626394],[-80.70678232200402,-0.9755764994352489],[-80.70669678481316,-0.9756390567179664],[-80.70657087490433,-0.9757311413146965],[-80.70632444412853,-0.9754030239928682],[-80.70622257148851,-0.9754802897573143],[-80.70613219868115,-0.9755544875889086],[-80.70608225001541,-0.9756693822263145],[-80.70607510293745,-0.9758130062877939],[-80.70612350338213,-0.9762010019451282]]]}},{"type":"Feature","properties":{"name":"Florestal 1","clave_catastral":"05","clave_parroquia":"05","descripcion":"Florestal 1","layer":"barrios"},"geometry":{"type":"Polygon","coordinates":[[[-80.70397806628279,-0.9771197710300895],[-80.70400796321482,-0.977182450775132],[-80.70410546800551,-0.9774371461874409],[-80.70443272816254,-0.9783736482612538],[-80.70477931750213,-0.9794171728065777],[-80.70527216531002,-0.9791605221069091],[-80.70591128316822,-0.9788360621359686],[-80.70649035695534,-0.9785748409437077],[-80.7070650941874,-0.9784669108418456],[-80.70713073232031,-0.9784545844146209],[-80.70711647051826,-0.9783791813469519],[-80.70711603958651,-0.9783113501649154],[-80.70711552617729,-0.9782307081853361],[-80.70711509966075,-0.9781637753874435],[-80.70711451975946,-0.9780725391679113],[-80.70711441512228,-0.9780561538322132],[-80.70711412517048,-0.9780105452219487],[-80.70711860491097,-0.9778946767215189],[-80.70711930664362,-0.9778765281635344],[-80.70712365846505,-0.9777639917237622],[-80.70712191883314,-0.9777175271239713],[-80.7071203728919,-0.9776762384261986],[-80.70711398019085,-0.9775054987997294],[-80.70711355335361,-0.9774940929971621],[-80.70716064872177,-0.9772817049016425],[-80.70716888667862,-0.977244555236993],[-80.70717998756041,-0.9772146652713616],[-80.70723617071208,-0.9770633870683981],[-80.70725689541155,-0.9770075832367979],[-80.70725690618418,-0.9768831086750821],[-80.70723484149623,-0.9768234035709328],[-80.70721886650088,-0.9767801747992876],[-80.70719222623647,-0.9767495903197841],[-80.70708333035235,-0.9766245706155132],[-80.70704338367817,-0.9766019120972658],[-80.7069144959587,-0.9765288060022783],[-80.70689858565409,-0.9765273995808315],[-80.70664339972399,-0.9765048452042606],[-80.70662156477806,-0.9765011475182206],[-80.70636658017975,-0.9764579665015419],[-80.70626529444537,-0.9764258184372494],[-80.70620402552589,-0.9763744151846369],[-80.70620301625536,-0.9763735691856823],[-80.70617969069397,-0.9763539990151884],[-80.70613213656642,-0.9762702144412857],[-80.70612350338213,-0.9762010019451282],[-80.70611757293226,-0.9762035056794502],[-80.70577415119162,-0.9764112711593782],[-80.70573171109419,-0.9762800614144426],[-80.70519009050254,-0.9766228198587755],[-80.70489424220408,-0.9768131412570255],[-80.70463522127478,-0.9769797720128253],[-80.70452367676837,-0.9769473090517238],[-80.70449539248733,-0.9769390772458166],[-80.70428103343747,-0.9769874633171581],[-80.70418885245626,-0.9770277032772725],[-80.70397806628279,-0.9771197710300895]]]}},{"type":"Feature","properties":{"name":"San Pedro 2","clave_catastral":"05","clave_parroquia":"05","descripcion":"San Pedro 2","layer":"barrios"},"geometry":{"type":"Polygon","coordinates":[[[-80.70516869947302,-0.9731481015384134],[-80.70530245013903,-0.9733276434760824],[-80.7054510616791,-0.9735251390129775],[-80.70576315267647,-0.9738572970014445],[-80.70592151087031,-0.973960222441633],[-80.70599797217781,-0.9740099189142626],[-80.70612044688218,-0.9740833157663503],[-80.70637249729619,-0.9742343640630224],[-80.70655186479736,-0.9743580247220508],[-80.70664595731469,-0.9744228948319603],[-80.70677971742131,-0.9744947184505008],[-80.70684807974959,-0.9745755129376478],[-80.7068748235002,-0.9746772488781517],[-80.70684805465298,-0.9748657533308176],[-80.70677670267351,-0.9749854338752045],[-80.70665481454346,-0.9751230631849239],[-80.70636764250705,-0.9753701903262737],[-80.70632444412853,-0.9754030239928682],[-80.70657087490433,-0.9757311413146965],[-80.70669678481316,-0.9756390567179664],[-80.70678232200402,-0.9755764994352489],[-80.70717424010407,-0.975049596838403],[-80.7074181910653,-0.9747178214160073],[-80.70763293018287,-0.9744294897236899],[-80.70830256190501,-0.9735288400032687],[-80.70910567573857,-0.9724678803344062],[-80.70861765870437,-0.9720708979176607],[-80.70816361902585,-0.9717446338088251],[-80.70783084695599,-0.9714824007032803],[-80.70738299848396,-0.971154233548873],[-80.70684383496062,-0.9707607803586598],[-80.7062992529535,-0.9703547067509106],[-80.7056993503386,-0.9699194891349378],[-80.70527156015899,-0.9696071416441043],[-80.7052509699051,-0.969636694221066],[-80.70520853722526,-0.969697596936669],[-80.70518842393894,-0.9697304906735695],[-80.70514003968529,-0.9698096183839766],[-80.70507439256811,-0.969958981355802],[-80.7050363764879,-0.970061980017789],[-80.70501873268175,-0.9701097818908693],[-80.7050115820629,-0.9703051095989963],[-80.70500987555317,-0.9703639739365572],[-80.7050065788258,-0.9704776721088564],[-80.70504865178546,-0.9706268310159486],[-80.70505637010224,-0.9706429691252367],[-80.7050652575343,-0.9706615509769847],[-80.70516068360628,-0.9708835605474775],[-80.7051892460937,-0.9709583930781349],[-80.70523297147244,-0.9710610487880302],[-80.70523357623584,-0.9710624683416427],[-80.70524487767278,-0.9710827738907142],[-80.70527790849528,-0.9711421207777562],[-80.70532960300885,-0.9712292079172187],[-80.7053822398686,-0.9713219288103686],[-80.70542158377826,-0.9714334666451805],[-80.7054552208679,-0.9715288258349517],[-80.70546258258403,-0.9716566303849418],[-80.70546804351689,-0.9717514442726554],[-80.7054466251747,-0.9719295358806619],[-80.70541522393908,-0.9720559229551496],[-80.70540020277356,-0.9721143066251869],[-80.70537427289699,-0.9722150916001339],[-80.70528981900642,-0.9724519046376088],[-80.70521878936576,-0.9726896724206711],[-80.70518543900918,-0.9728013115293379],[-80.70512549363546,-0.9730138694449124],[-80.70510266083927,-0.9730540820931849],[-80.70516869947302,-0.9731481015384134]]]}},{"type":"Feature","properties":{"name":"Villas del Seguro","clave_catastral":"04","clave_parroquia":"04","descripcion":"Villas del Seguro","layer":"barrios"},"geometry":{"type":"Polygon","coordinates":[[[-80.70609128449276,-0.9638877556876508],[-80.70562659528674,-0.9644396431674238],[-80.70510757863094,-0.9650556449057744],[-80.70457842104734,-0.9656992801886304],[-80.70446548701123,-0.965837248648711],[-80.70425454892124,-0.9660898876886392],[-80.7040165760314,-0.9663745187337582],[-80.7037404008286,-0.9667123048291728],[-80.70369715809574,-0.9667660068190571],[-80.70284321528035,-0.9678097873161136],[-80.70263859374619,-0.9680611067526996],[-80.70229755771122,-0.9684739476224138],[-80.70163633922319,-0.96927780474347],[-80.7015715949936,-0.9693585141821331],[-80.70130899214406,-0.9697038953156037],[-80.70119421106389,-0.9699004971808591],[-80.70110421784145,-0.9700853462617687],[-80.70057923908314,-0.971360253849312],[-80.70015221360202,-0.9724625365446116],[-80.69975110636766,-0.9734510660126858],[-80.69949339220588,-0.974133040615854],[-80.69945522293028,-0.9742277655015386],[-80.69915836677286,-0.974964470946901],[-80.6988773206246,-0.9757367394248746],[-80.69863539120752,-0.976401518422037],[-80.69932987466014,-0.9755262445613795],[-80.70011023531221,-0.9745408795951818],[-80.70015573272435,-0.9744834296647155],[-80.70067361294133,-0.9738299442350921],[-80.70071356776542,-0.9737795261555249],[-80.70129234526348,-0.9730555197375567],[-80.70176017062047,-0.9724716583254747],[-80.70212591686764,-0.9720171902357749],[-80.70215884766094,-0.9719762710243458],[-80.70243711934745,-0.971630495884753],[-80.703183301881,-0.9707033043922025],[-80.70422905859405,-0.9693755077886125],[-80.70448982737886,-0.9690446197551665],[-80.70553230360841,-0.9677248551399629],[-80.70590505110617,-0.9672511544551412],[-80.70646237306707,-0.9665475839271238],[-80.70684766758461,-0.9660611837311278],[-80.70737060421362,-0.9654030081279501],[-80.70609128449276,-0.9638877556876508]]]}},{"type":"Feature","properties":{"name":"Maria Auxiliadora 2","clave_catastral":"05","clave_parroquia":"05","descripcion":"Maria Auxiliadora 2","layer":"barrios"},"geometry":{"type":"Polygon","coordinates":[[[-80.70910567573857,-0.9724678803344062],[-80.70830256190501,-0.9735288400032687],[-80.70763293018287,-0.9744294897236899],[-80.7074181910653,-0.9747178214160073],[-80.70717424010407,-0.975049596838403],[-80.70678232200402,-0.9755764994352489],[-80.70679792867773,-0.9755759941626394],[-80.70681706023954,-0.9755775157647264],[-80.7068427373411,-0.9755832530163957],[-80.70732457997649,-0.9759258300849041],[-80.70768889455621,-0.9761880027840846],[-80.70784236677014,-0.9763154247748247],[-80.70790562454236,-0.9763692428679605],[-80.70833248030377,-0.976752055950243],[-80.70882940031379,-0.977180728889465],[-80.70883894481526,-0.9771886188541146],[-80.70936666138911,-0.977615156592293],[-80.70933295207861,-0.9776683030657267],[-80.70931037723976,-0.9777083954423347],[-80.70928248913266,-0.9777752163147967],[-80.70925990946306,-0.977871440952015],[-80.70925193681126,-0.9779382644642993],[-80.7092454765914,-0.9779869431041135],[-80.70924342942384,-0.9780358754493649],[-80.70925177401728,-0.9781171351439183],[-80.70925229245428,-0.9781504034427115],[-80.70926571783647,-0.9782118113752176],[-80.70929468435553,-0.9782929136380005],[-80.7093499862011,-0.9783974168931878],[-80.70941136998869,-0.9784728503115758],[-80.7095066494297,-0.9785650348055839],[-80.70977486163105,-0.9787674135185399],[-80.70986967783638,-0.9788430561206383],[-80.70998803956697,-0.9789520848303112],[-80.71006254200057,-0.9790399393416607],[-80.71018889790264,-0.9792084086554524],[-80.71025539992604,-0.9793097427538555],[-80.71032306837286,-0.9794345091259231],[-80.71036935627451,-0.9795388650302215],[-80.71083658180474,-0.9787495869949794],[-80.71085482958178,-0.9787230912231877],[-80.71158611859154,-0.9776171423563939],[-80.71224193305744,-0.9766128886573285],[-80.71295042326629,-0.9755693717852836],[-80.71245306663067,-0.9751640491798526],[-80.71203437121417,-0.9748261039801491],[-80.7115098874006,-0.9744003350693902],[-80.7110013186633,-0.9739954130765938],[-80.71053142103945,-0.9736273299418344],[-80.71021998362994,-0.9733706103447588],[-80.7100527916527,-0.9732289416117936],[-80.70958734738815,-0.9728547673311425],[-80.70910567573857,-0.9724678803344062]]]}},{"type":"Feature","properties":{"name":"Santa Clara 2","clave_catastral":"05","clave_parroquia":"05","descripcion":"Santa Clara 2","layer":"barrios"},"geometry":{"type":"Polygon","coordinates":[[[-80.70448756901452,-0.9733643774164165],[-80.70440472961825,-0.9733724464904014],[-80.70439635999074,-0.9733733721818538],[-80.70410746942652,-0.9734053338430897],[-80.70397370213938,-0.973417291427765],[-80.70389641465074,-0.9734322449918693],[-80.70384587774845,-0.9734591703191029],[-80.70379831207467,-0.9735190094973091],[-80.70369128254109,-0.9737104986756009],[-80.70360600548423,-0.9738821393857079],[-80.70355749276493,-0.9739797820548688],[-80.70348315716812,-0.9742281246908534],[-80.70345639405524,-0.9743388324845483],[-80.70342963183836,-0.9744495402775187],[-80.70343258425348,-0.9746769455668556],[-80.70344443004527,-0.9747110227654474],[-80.70357820402529,-0.9750958621396535],[-80.70360844490625,-0.9751766180101384],[-80.70364655646904,-0.9752783902392537],[-80.70364208492948,-0.9754330846134707],[-80.70363761248852,-0.9755877798920095],[-80.70358584331252,-0.9757686561875829],[-80.70355197545462,-0.9758869892039712],[-80.70343781291929,-0.9760689021914573],[-80.70345535618095,-0.9761642527293759],[-80.70351859296001,-0.976374546131666],[-80.70352096058782,-0.976382420994625],[-80.70356889024842,-0.9764569377033182],[-80.70392881838664,-0.9770165214497412],[-80.70397806628279,-0.9771197710300895],[-80.70418885245626,-0.9770277032772725],[-80.70428103343747,-0.9769874633171581],[-80.70449539248733,-0.9769390772458166],[-80.70452367676837,-0.9769473090517238],[-80.70463522127478,-0.9769797720128253],[-80.70489424220408,-0.9768131412570255],[-80.70519009050254,-0.9766228198587755],[-80.70573171109419,-0.9762800614144426],[-80.70577415119162,-0.9764112711593782],[-80.70611757293226,-0.9762035056794502],[-80.70612350338213,-0.9762010019451282],[-80.70607510293745,-0.9758130062877939],[-80.70608225001541,-0.9756693822263145],[-80.70613219868115,-0.9755544875889086],[-80.70622257148851,-0.9754802897573143],[-80.70632444412853,-0.9754030239928682],[-80.70636764250705,-0.9753701903262737],[-80.70665481454346,-0.9751230631849239],[-80.70677670267351,-0.9749854338752045],[-80.70684805465298,-0.9748657533308176],[-80.7068748235002,-0.9746772488781517],[-80.70684807974959,-0.9745755129376478],[-80.70677971742131,-0.9744947184505008],[-80.70664595731469,-0.9744228948319603],[-80.70655186479736,-0.9743580247220508],[-80.70637249729619,-0.9742343640630224],[-80.70612044688218,-0.9740833157663503],[-80.70599797217781,-0.9740099189142626],[-80.70592151087031,-0.973960222441633],[-80.70576315267647,-0.9738572970014445],[-80.7054510616791,-0.9735251390129775],[-80.70530245013903,-0.9733276434760824],[-80.70516869947302,-0.9731481015384134],[-80.7051270851859,-0.973130144679203],[-80.70509141316782,-0.9731391181394997],[-80.70494574782869,-0.973252807396662],[-80.70477927756082,-0.9733216127224154],[-80.7046841543226,-0.9733380611363316],[-80.70458903018545,-0.9733545095471641],[-80.70448756901452,-0.9733643774164165]]]}},{"type":"Feature","properties":{"name":"Santa Ana","clave_catastral":"05","clave_parroquia":"05","descripcion":"Santa Ana","layer":"barrios"},"geometry":{"type":"Polygon","coordinates":[[[-80.70552870318392,-0.9894351905305996],[-80.705172006038,-0.9896450870680269],[-80.70477949537613,-0.9898725127777652],[-80.70451512556643,-0.9900102170736744],[-80.70469174384202,-0.9904022131239572],[-80.70475822858562,-0.9905455886154327],[-80.70489517327013,-0.9909005775472225],[-80.70491029131186,-0.9910039153819667],[-80.70503807009823,-0.9914857508453849],[-80.70508322513642,-0.9917046311692843],[-80.70450973093044,-0.9918671717294529],[-80.70438217971532,-0.9918909009312245],[-80.70415626649412,-0.9918585650436995],[-80.70415600492879,-0.9921218755232389],[-80.70416265564434,-0.9922070931794167],[-80.70417453462211,-0.9922724934910292],[-80.704182894735,-0.9923185162677441],[-80.70419117848705,-0.9923641246774224],[-80.7042881912992,-0.9925125449151438],[-80.7043975746464,-0.992595856531068],[-80.70458715746933,-0.9926611432974681],[-80.70451637300263,-0.9929108261846551],[-80.70423801131967,-0.9934751198663889],[-80.70489138846958,-0.9939172828894982],[-80.70494343196961,-0.9939526981758888],[-80.70499103826047,-0.9939762838937298],[-80.70503530051309,-0.9939955293850317],[-80.70510975022864,-0.9940197010567573],[-80.7051837850493,-0.9940399498387649],[-80.70526164022327,-0.9940549651770568],[-80.7053327485067,-0.9940657096454403],[-80.70562501985758,-0.9940906734908452],[-80.70561972884913,-0.994118742753983],[-80.70547663866621,-0.994877823332871],[-80.70556832592112,-0.9949180018911932],[-80.70619148661257,-0.9951092208142853],[-80.70680524245603,-0.9952589702035084],[-80.70716990360906,-0.9953599221525167],[-80.7072014864731,-0.9953801571553527],[-80.70721584225261,-0.9953984635720303],[-80.70722636881429,-0.9954206237398607],[-80.70724072284563,-0.995448564484974],[-80.70724634440916,-0.9954838570827746],[-80.70716395953836,-0.9962700576110848],[-80.70702756291087,-0.997678436922996],[-80.706970639335,-0.9983181099605645],[-80.70697187163967,-0.9984292002355204],[-80.70708178259864,-0.9983525950628261],[-80.70792767086884,-0.9977469371208372],[-80.7079189411559,-0.9977043662547516],[-80.70790788521775,-0.9975698166910547],[-80.7079369748603,-0.9973553181766165],[-80.70791320456746,-0.9971998214742398],[-80.70789141312937,-0.9970987056656497],[-80.70792472865021,-0.9969891438183822],[-80.70801857378333,-0.9968279379951639],[-80.70796399341458,-0.9967049721594207],[-80.70795762993986,-0.9964292519099445],[-80.7079949632186,-0.9963384488154503],[-80.70799818165278,-0.9963096546808997],[-80.70795168815191,-0.9960190274514389],[-80.70797609426498,-0.9957925898691826],[-80.70798179941806,-0.9955112804490227],[-80.7079765999986,-0.995274839486413],[-80.70803738506662,-0.995108123688766],[-80.70814301910174,-0.9949633132662113],[-80.70822496269903,-0.9949096880428526],[-80.70806036264432,-0.9948034623484575],[-80.70794925696545,-0.9946389414630943],[-80.70793560724475,-0.9944410506356006],[-80.7079302114731,-0.9942909522085871],[-80.70789557165581,-0.994078043023066],[-80.70788371691164,-0.9940224263114885],[-80.70785723465632,-0.993849562428224],[-80.70789346182839,-0.9936625688315388],[-80.70783351684558,-0.9934749795141755],[-80.70784794993759,-0.9933600573370285],[-80.7079055602713,-0.9931640546610793],[-80.70791497990975,-0.9931305520259173],[-80.70796686973912,-0.9930329784083938],[-80.70798264783093,-0.9930158119049679],[-80.70807811694733,-0.9928952741123851],[-80.70809299204464,-0.9928747121255412],[-80.70815565415536,-0.9927337447163467],[-80.70817051521142,-0.9926170185656389],[-80.70817513641181,-0.9925807244507895],[-80.70804243426751,-0.9922442928058075],[-80.7080288988013,-0.9921985500255063],[-80.70799876025255,-0.9921175824303106],[-80.70800537269467,-0.9920971490834346],[-80.70803240249278,-0.9920016595277019],[-80.70805355615293,-0.9919449383751129],[-80.70808834136774,-0.991668171394636],[-80.70809050607002,-0.9916636081950401],[-80.70809888530594,-0.9915945899008136],[-80.70819596801691,-0.9914294053620553],[-80.70822542417386,-0.99137928575675],[-80.70826745211774,-0.9913049796607112],[-80.70824452525385,-0.9912577315044189],[-80.70835737845425,-0.9910385955637224],[-80.70820876231114,-0.990885981989905],[-80.70811067566325,-0.990784239693653],[-80.70809219502121,-0.9907384575733856],[-80.70804617493545,-0.990624449219041],[-80.70799147148698,-0.9904211348945894],[-80.70790759293,-0.9901028269642184],[-80.70770905554377,-0.9894409311984304],[-80.70733130696466,-0.9883720697907991],[-80.70687176386629,-0.9886340919696863],[-80.70642260877429,-0.9889088144957155],[-80.70597723863182,-0.9891712521277044],[-80.70552870318392,-0.9894351905305996]]]}},{"type":"Feature","properties":{"name":"Lomillas de Colorado","clave_catastral":"05","clave_parroquia":"05","descripcion":"Lomillas de Colorado","layer":"barrios"},"geometry":{"type":"Polygon","coordinates":[[[-80.70938828741077,-0.9892528144093546],[-80.70912518312342,-0.9895071722757082],[-80.7090158473418,-0.9896093585436887],[-80.70875449353001,-0.9900013520040432],[-80.7086630042505,-0.9901546780471051],[-80.70862138748419,-0.9902244226095007],[-80.70857770644047,-0.9903838126697337],[-80.7085357756891,-0.990559864148949],[-80.70845882334166,-0.9908179793919487],[-80.70845549232381,-0.9908291523502584],[-80.70835737845425,-0.9910385955637224],[-80.70824452525385,-0.9912577315044189],[-80.70826745211774,-0.9913049796607112],[-80.70822542417386,-0.99137928575675],[-80.70819596801691,-0.9914294053620553],[-80.70809888530594,-0.9915945899008136],[-80.70809050607002,-0.9916636081950401],[-80.70808834136774,-0.991668171394636],[-80.70805355615293,-0.9919449383751129],[-80.70803240249278,-0.9920016595277019],[-80.70800537269467,-0.9920971490834346],[-80.70799876025255,-0.9921175824303106],[-80.7080288988013,-0.9921985500255063],[-80.70804243426751,-0.9922442928058075],[-80.70817513641181,-0.9925807244507895],[-80.70817051521142,-0.9926170185656389],[-80.70815565415536,-0.9927337447163467],[-80.70809299204464,-0.9928747121255412],[-80.70807811694733,-0.9928952741123851],[-80.70798264783093,-0.9930158119049679],[-80.70796686973912,-0.9930329784083938],[-80.70791497990975,-0.9931305520259173],[-80.7079055602713,-0.9931640546610793],[-80.70784794993759,-0.9933600573370285],[-80.70783351684558,-0.9934749795141755],[-80.70789346182839,-0.9936625688315388],[-80.70785723465632,-0.993849562428224],[-80.70788371691164,-0.9940224263114885],[-80.70789557165581,-0.994078043023066],[-80.7079302114731,-0.9942909522085871],[-80.70793560724475,-0.9944410506356006],[-80.70794925696545,-0.9946389414630943],[-80.70806036264432,-0.9948034623484575],[-80.70822496269903,-0.9949096880428526],[-80.70814301910174,-0.9949633132662113],[-80.70803738506662,-0.995108123688766],[-80.7079765999986,-0.995274839486413],[-80.70798179941806,-0.9955112804490227],[-80.70797609426498,-0.9957925898691826],[-80.70795168815191,-0.9960190274514389],[-80.70799818165278,-0.9963096546808997],[-80.7079949632186,-0.9963384488154503],[-80.70795762993986,-0.9964292519099445],[-80.70796399341458,-0.9967049721594207],[-80.70801857378333,-0.9968279379951639],[-80.70792472865021,-0.9969891438183822],[-80.70789141312937,-0.9970987056656497],[-80.70791320456746,-0.9971998214742398],[-80.7079369748603,-0.9973553181766165],[-80.70790788521775,-0.9975698166910547],[-80.7079189411559,-0.9977043662547516],[-80.70792767086884,-0.9977469371208372],[-80.70842800250226,-0.9973886980958184],[-80.70858065750392,-0.9972513114521888],[-80.70875665121658,-0.9970670100688607],[-80.70888508152302,-0.9969018536754534],[-80.70896356753822,-0.9967965362337878],[-80.70905870443616,-0.9966325738064938],[-80.70922639273961,-0.9962483943459546],[-80.70983416403185,-0.9942688289590507],[-80.70987460159952,-0.9941479487786326],[-80.70990790488501,-0.9940330526687263],[-80.70997688291912,-0.9938702848028527],[-80.71006250955453,-0.993684778342768],[-80.71017548659776,-0.9934681547417625],[-80.71025754250516,-0.9933317189000092],[-80.71034792085119,-0.9932000715506177],[-80.7104822995589,-0.9929990100433912],[-80.71063451172947,-0.9928135085153541],[-80.71080575014115,-0.9926220248511441],[-80.71100790214174,-0.9924365285939984],[-80.71119697222977,-0.9922809519714377],[-80.71140149919177,-0.9921325583340349],[-80.711623861038,-0.9919937417686667],[-80.71192113479984,-0.9918250091317731],[-80.7121120512294,-0.9917195333705706],[-80.71178276941673,-0.9912333644763862],[-80.71134230999061,-0.9906566383763504],[-80.71127230525475,-0.9905649753486472],[-80.71110785399968,-0.9902561266995917],[-80.71104841567195,-0.9901005282419248],[-80.71105827853087,-0.990023641725827],[-80.71105317396416,-0.9899752063444254],[-80.71104367789016,-0.9898850920713187],[-80.71099849946538,-0.9898276385743116],[-80.71083917534487,-0.9897534187976901],[-80.71067509501009,-0.9896768047165665],[-80.71055619475712,-0.9896384948889931],[-80.71042540370826,-0.9896073647522741],[-80.71040908052876,-0.9895985993241254],[-80.71039329120947,-0.9895901216428343],[-80.7103932765277,-0.9895728650688937],[-80.71038058999773,-0.9894383560542508],[-80.7108867180153,-0.9889961829223495],[-80.71084372641612,-0.9889797721088911],[-80.71081397779572,-0.988962037045809],[-80.7108040638574,-0.9889541470436284],[-80.71077623095437,-0.9889319971290291],[-80.71073192398225,-0.9888894715411851],[-80.7100561172722,-0.9881052905925856],[-80.71003082186509,-0.9880659787539372],[-80.7099767910971,-0.9879947013863557],[-80.70992690718133,-0.9880518681213033],[-80.70989376049513,-0.9881657482700206],[-80.70981234317858,-0.9884026430664078],[-80.70977998693915,-0.9885634998059345],[-80.70971052788076,-0.9887923346178412],[-80.70963917193707,-0.9889535063803407],[-80.70961072295664,-0.9889878161713027],[-80.7094389171336,-0.9891950165054624],[-80.70938828741077,-0.9892528144093546]]]}},{"type":"Feature","properties":{"name":"10 De Agosto","clave_catastral":"05","clave_parroquia":"05","descripcion":"10 De Agosto","layer":"barrios"},"geometry":{"type":"Polygon","coordinates":[[[-80.70762064423869,-0.9856076970020666],[-80.70708464323404,-0.9859713021996014],[-80.70712131333477,-0.9860710342157688],[-80.7074424860962,-0.9869445306237878],[-80.70749102135859,-0.987085009394832],[-80.70783461176315,-0.9880758322949816],[-80.70733130696466,-0.9883720697907991],[-80.70770905554377,-0.9894409311984304],[-80.70790759293,-0.9901028269642184],[-80.70799147148698,-0.9904211348945894],[-80.70804617493545,-0.990624449219041],[-80.70809219502121,-0.9907384575733856],[-80.70811067566325,-0.990784239693653],[-80.70820876231114,-0.990885981989905],[-80.70835737845425,-0.9910385955637224],[-80.70845549232381,-0.9908291523502584],[-80.70845882334166,-0.9908179793919487],[-80.7085357756891,-0.990559864148949],[-80.70857770644047,-0.9903838126697337],[-80.70862138748419,-0.9902244226095007],[-80.7086630042505,-0.9901546780471051],[-80.70875449353001,-0.9900013520040432],[-80.7090158473418,-0.9896093585436887],[-80.70912518312342,-0.9895071722757082],[-80.70938828741077,-0.9892528144093546],[-80.70918794234295,-0.9893021761937604],[-80.70890616536273,-0.9891770814499238],[-80.70889496624181,-0.9890443729654237],[-80.708891733975,-0.9890156750595763],[-80.70890051882031,-0.9889639495501967],[-80.70889374766269,-0.98893904571473],[-80.70883885683581,-0.9887998166979344],[-80.70843692487429,-0.9877309278617616],[-80.70802370122647,-0.9866468662044952],[-80.70762064423869,-0.9856076970020666]]]}},{"type":"Feature","properties":{"name":"Ricardo Paredes","clave_catastral":"05","clave_parroquia":"05","descripcion":"Ricardo Paredes","layer":"barrios"},"geometry":{"type":"Polygon","coordinates":[[[-80.7042408972483,-0.9810666613003747],[-80.70460374177611,-0.9820630760535636],[-80.70493888490921,-0.9830367057890612],[-80.70523278941299,-0.9837982590575649],[-80.70535648543712,-0.9841660872209843],[-80.70579335654561,-0.9839539816444187],[-80.70629379665252,-0.9837139413466787],[-80.70588247456924,-0.9825897048147708],[-80.70549677677435,-0.9815020147995455],[-80.70519393120041,-0.9806154615217081],[-80.70477931750213,-0.9794171728065777],[-80.70430711165396,-0.9796392578319626],[-80.70418900175217,-0.9796846550649292],[-80.70370193630028,-0.9798900210631274],[-80.70397124960803,-0.9803776042643619],[-80.7042408972483,-0.9810666613003747]]]}},{"type":"Feature","properties":{"name":"Nueve De Octubre","clave_catastral":"05","clave_parroquia":"05","descripcion":"Nueve De Octubre","layer":"barrios"},"geometry":{"type":"Polygon","coordinates":[[[-80.7054826571839,-0.9868354331771059],[-80.70553700218908,-0.986883689272787],[-80.70557694568113,-0.9869741762584994],[-80.70559120647823,-0.9870603517906035],[-80.70560689582544,-0.9871321650732057],[-80.70560857050553,-0.9871500541849088],[-80.70560609639521,-0.9871776080149459],[-80.70559689450249,-0.9872800971166242],[-80.70557548468081,-0.987367706159816],[-80.705538383111,-0.9874107899831159],[-80.70548701264381,-0.9874495642726941],[-80.70537286297518,-0.9874797146307374],[-80.70529866754295,-0.9874782722259994],[-80.70521020335525,-0.9874811368066503],[-80.70518452027757,-0.9874811345142263],[-80.70515928474133,-0.9875838067411422],[-80.70514169439193,-0.9877166736623907],[-80.70513597552134,-0.9878473712280993],[-80.70514505530616,-0.9879068164442231],[-80.70516734784958,-0.9880527564631763],[-80.70517589482246,-0.9882121800557258],[-80.70519295911271,-0.9884042224766745],[-80.70525778544898,-0.9885907787143965],[-80.70526250174572,-0.9887465324013078],[-80.7052584941332,-0.9888389713390922],[-80.70529992999164,-0.9889097283797953],[-80.70533796128193,-0.9889504389714574],[-80.70538906748723,-0.9890089979490995],[-80.7053912248972,-0.9890690362422419],[-80.70538854321158,-0.9891337811473875],[-80.70549970632368,-0.9893791685937571],[-80.70552870318392,-0.9894351905305996],[-80.70597723863182,-0.9891712521277044],[-80.70642260877429,-0.9889088144957155],[-80.70687176386629,-0.9886340919696863],[-80.70733130696466,-0.9883720697907991],[-80.70783461176315,-0.9880758322949816],[-80.70749102135859,-0.987085009394832],[-80.7074424860962,-0.9869445306237878],[-80.70712131333477,-0.9860710342157688],[-80.70705818955503,-0.9861165205920344],[-80.70663366471905,-0.986276458597473],[-80.70623233212552,-0.9864289039235814],[-80.7060297151131,-0.9864985436720133],[-80.70582281599887,-0.9865811087116185],[-80.70576645253718,-0.9866119825802571],[-80.70558095459252,-0.9867153760829837],[-80.70553212257806,-0.9867309572868095],[-80.70551188658084,-0.9867879996782563],[-80.7054826571839,-0.9868354331771059]]]}},{"type":"Feature","properties":{"name":"2 De Agosto","clave_catastral":"05","clave_parroquia":"05","descripcion":"2 De Agosto","layer":"barrios"},"geometry":{"type":"Polygon","coordinates":[[[-80.71001282190274,-0.9866858371191826],[-80.71015039688206,-0.9865411396970954],[-80.7102309387733,-0.9864380994873301],[-80.71031219982937,-0.986323117072061],[-80.71036155016091,-0.986248391767063],[-80.7104980048901,-0.9860345295077478],[-80.71052501586188,-0.9859781933309222],[-80.71063401302631,-0.9857462976455622],[-80.71066358925707,-0.985678355979843],[-80.71069244677011,-0.985606704910623],[-80.71072781249768,-0.98550334226654],[-80.71075358658675,-0.9854276748872337],[-80.71077669176424,-0.9853460714253259],[-80.71085807563284,-0.9849839628050603],[-80.71100772926962,-0.9839847040622374],[-80.71102998142186,-0.9838200248697291],[-80.71106420547372,-0.9834572679537104],[-80.71107808051696,-0.9829931764209904],[-80.71107122595137,-0.9825161691492639],[-80.71106932423584,-0.9824832246143842],[-80.71105375331653,-0.9822135297986279],[-80.71103694926241,-0.982058798185534],[-80.71096949813449,-0.981558777781629],[-80.71096094646542,-0.9815022584544977],[-80.71091812939514,-0.9812755516190776],[-80.71089140068727,-0.9811541823976883],[-80.71087015209264,-0.9810623056217196],[-80.71082205179529,-0.9808893412392479],[-80.71074420647209,-0.9806365655553719],[-80.71069894495163,-0.9804801278886401],[-80.71069861248061,-0.9804791643360034],[-80.71051797285718,-0.9799560095326285],[-80.71049673945106,-0.9798967052897042],[-80.71049542483094,-0.979893033833406],[-80.71044544500722,-0.9797534415908444],[-80.71041885947403,-0.9796710105044184],[-80.71036935627451,-0.9795388650302215],[-80.71032306837286,-0.9794345091259231],[-80.71025539992604,-0.9793097427538555],[-80.71018889790264,-0.9792084086554524],[-80.71006254200057,-0.9790399393416607],[-80.70998803956697,-0.9789520848303112],[-80.70986967783638,-0.9788430561206383],[-80.70977486163105,-0.9787674135185399],[-80.7095066494297,-0.9785650348055839],[-80.70941136998869,-0.9784728503115758],[-80.7093499862011,-0.9783974168931878],[-80.70929468435553,-0.9782929136380005],[-80.70926571783647,-0.9782118113752176],[-80.70925229245428,-0.9781504034427115],[-80.70925177401728,-0.9781171351439183],[-80.70924342942384,-0.9780358754493649],[-80.7092454765914,-0.9779869431041135],[-80.70925193681126,-0.9779382644642993],[-80.70925990946306,-0.977871440952015],[-80.70928248913266,-0.9777752163147967],[-80.70923726633926,-0.9778172138598507],[-80.70841253992661,-0.9791179743151872],[-80.70829316680965,-0.9792957220524272],[-80.70824329064007,-0.9793769229196272],[-80.70807414994236,-0.9796433824582068],[-80.70791709440647,-0.9798876093486655],[-80.70786047123538,-0.9799756603607648],[-80.70792774967214,-0.9800129866668499],[-80.70806226752053,-0.9800867672760489],[-80.7084667872652,-0.9803086402349948],[-80.70847251021428,-0.9803152234568699],[-80.70858815818724,-0.980448245977314],[-80.70864349718094,-0.9806635463148722],[-80.7088028631615,-0.9812880158153092],[-80.70884622271736,-0.9814550837414657],[-80.70885528223943,-0.9814899903246754],[-80.70886776322946,-0.9815380798383586],[-80.7089013840038,-0.9816676228716545],[-80.70892107451648,-0.9817434905418878],[-80.70892127847492,-0.9817442749493779],[-80.70897864251226,-0.9820526409893517],[-80.70898422322747,-0.9820826409880254],[-80.70898585647609,-0.982091420504517],[-80.70900135347216,-0.9821747236765646],[-80.70902157053892,-0.9822834009542589],[-80.70903193421131,-0.9823391116188418],[-80.70904752374052,-0.9824229142031413],[-80.709080762777,-0.9826015941929285],[-80.70908431894952,-0.9826161097835922],[-80.70915603809442,-0.9829088381488872],[-80.70929410709921,-0.9834723857875217],[-80.70930171720252,-0.983503446293156],[-80.70930790980938,-0.9835285428934099],[-80.70871330783768,-0.9837935373791993],[-80.70900733716306,-0.9845986644810694],[-80.70953427467671,-0.9857287501955198],[-80.70970781091252,-0.9860661217275037],[-80.71001282190274,-0.9866858371191826]]]}},{"type":"Feature","properties":{"name":"Juan Montalvo","clave_catastral":"05","clave_parroquia":"05","descripcion":"Juan Montalvo","layer":"barrios"},"geometry":{"type":"Polygon","coordinates":[[[-80.70535648543712,-0.9841660872209843],[-80.70531603030214,-0.9841852907159989],[-80.70484357682763,-0.9844021666347516],[-80.70443243984795,-0.984535982302404],[-80.70430268093689,-0.9845766470754712],[-80.703964151551,-0.9847002307320595],[-80.7035758332109,-0.9848885977851723],[-80.7031195793357,-0.9851290405009934],[-80.70326295562208,-0.9852850988526568],[-80.70328244034285,-0.9852879025062292],[-80.70330401156906,-0.9852963101605923],[-80.70332488700453,-0.9853061182535612],[-80.70333741192496,-0.9853138248463863],[-80.70336733292332,-0.9853327397212724],[-80.70339374881793,-0.9853494494878419],[-80.70341588590003,-0.9853723806061367],[-80.70348107728032,-0.9854536390352422],[-80.70359895316226,-0.9856077834302965],[-80.7036152022552,-0.9856204083950786],[-80.70369945903207,-0.9856490900258023],[-80.70371167710735,-0.9856506825161944],[-80.70373270506745,-0.9856534238806205],[-80.70383377062646,-0.9856773708224723],[-80.7039972560616,-0.9857581739238697],[-80.70405422675896,-0.9858024205636866],[-80.70410128892404,-0.9858389717025915],[-80.70418450983054,-0.9859646506063909],[-80.7041884077959,-0.9859862420153859],[-80.70420201339353,-0.9860615988828414],[-80.70421719291,-0.9861456791681035],[-80.70427856241771,-0.9863008281648007],[-80.70441216810968,-0.9864353388936564],[-80.70450965989262,-0.9865430649724943],[-80.70464282448471,-0.986624464271216],[-80.70476648130092,-0.9866484123090659],[-80.7048925216601,-0.9866220926918173],[-80.70506611971032,-0.9866292889206533],[-80.705251372206,-0.9867106430878749],[-80.70528964951455,-0.9867274525171155],[-80.7054826571839,-0.9868354331771059],[-80.70551188658084,-0.9867879996782563],[-80.70553212257806,-0.9867309572868095],[-80.70558095459252,-0.9867153760829837],[-80.70576645253718,-0.9866119825802571],[-80.70582281599887,-0.9865811087116185],[-80.7060297151131,-0.9864985436720133],[-80.70623233212552,-0.9864289039235814],[-80.70663366471905,-0.986276458597473],[-80.70705818955503,-0.9861165205920344],[-80.70712131333477,-0.9860710342157688],[-80.70708464323404,-0.9859713021996014],[-80.7068550315831,-0.9852908725457468],[-80.70666816723023,-0.9847711523083972],[-80.70629379665252,-0.9837139413466787],[-80.70579335654561,-0.9839539816444187],[-80.70535648543712,-0.9841660872209843]]]}},{"type":"Feature","properties":{"name":"El Chaparral","clave_catastral":"05","clave_parroquia":"05","descripcion":"El Chaparral","layer":"barrios"},"geometry":{"type":"Polygon","coordinates":[[[-80.70629379665252,-0.9837139413466787],[-80.70666816723023,-0.9847711523083972],[-80.7068550315831,-0.9852908725457468],[-80.70708464323404,-0.9859713021996014],[-80.70762064423869,-0.9856076970020666],[-80.70807281497862,-0.9852828947136203],[-80.70862015134828,-0.9848707159147949],[-80.70900733716306,-0.9845986644810694],[-80.70871330783768,-0.9837935373791993],[-80.70930790980938,-0.9835285428934099],[-80.70930171720252,-0.983503446293156],[-80.70929410709921,-0.9834723857875217],[-80.70915603809442,-0.9829088381488872],[-80.70908431894952,-0.9826161097835922],[-80.709080762777,-0.9826015941929285],[-80.70904752374052,-0.9824229142031413],[-80.70848335203169,-0.9826339794978906],[-80.70828983510506,-0.9827297041614855],[-80.70779310455697,-0.9829799241451411],[-80.70729031505269,-0.9832315874251804],[-80.70679451934406,-0.9834588184430828],[-80.70629379665252,-0.9837139413466787]]]}},{"type":"Feature","properties":{"name":"10 De Septiembre","clave_catastral":"05","clave_parroquia":"05","descripcion":"10 De Septiembre","layer":"barrios"},"geometry":{"type":"Polygon","coordinates":[[[-80.70762064423869,-0.9856076970020666],[-80.70802370122647,-0.9866468662044952],[-80.70843692487429,-0.9877309278617616],[-80.70883885683581,-0.9887998166979344],[-80.70889374766269,-0.98893904571473],[-80.70890051882031,-0.9889639495501967],[-80.708891733975,-0.9890156750595763],[-80.70889496624181,-0.9890443729654237],[-80.70890616536273,-0.9891770814499238],[-80.70918794234295,-0.9893021761937604],[-80.70938828741077,-0.9892528144093546],[-80.7094389171336,-0.9891950165054624],[-80.70961072295664,-0.9889878161713027],[-80.70963917193707,-0.9889535063803407],[-80.70971052788076,-0.9887923346178412],[-80.70977998693915,-0.9885634998059345],[-80.70981234317858,-0.9884026430664078],[-80.70989376049513,-0.9881657482700206],[-80.70992690718133,-0.9880518681213033],[-80.7099767910971,-0.9879947013863557],[-80.70992208702778,-0.9879057513782215],[-80.70976052977957,-0.9875694945857846],[-80.7097154939994,-0.987484539511769],[-80.7096527689152,-0.9874215421735215],[-80.70961304534755,-0.9873846262286179],[-80.70958024127508,-0.9873619149484086],[-80.70952056398168,-0.9873303350786387],[-80.70927441410483,-0.9872820567264284],[-80.70969184192276,-0.9869798139196888],[-80.709936351703,-0.9867662660848282],[-80.71001282190274,-0.9866858371191826],[-80.70970781091252,-0.9860661217275037],[-80.70953427467671,-0.9857287501955198],[-80.70900733716306,-0.9845986644810694],[-80.70862015134828,-0.9848707159147949],[-80.70807281497862,-0.9852828947136203],[-80.70762064423869,-0.9856076970020666]]]}},{"type":"Feature","properties":{"name":"Lomas del Porvenir","clave_catastral":"04","clave_parroquia":"04","descripcion":"Lomas del Porvenir","layer":"barrios"},"geometry":{"type":"Polygon","coordinates":[[[-80.71385802019526,-0.9708504201270785],[-80.7136150241738,-0.9712196598228074],[-80.71362974137563,-0.9712364291099931],[-80.7137614556648,-0.9713865085291076],[-80.7138018764713,-0.9714678994476175],[-80.71385894290387,-0.9715492908803753],[-80.71395643710395,-0.97161871725163],[-80.71407296307947,-0.9716043647903518],[-80.71422079487162,-0.9715472589488882],[-80.71432267040112,-0.9714703367817635],[-80.71442255045277,-0.9714488021474921],[-80.71451958250643,-0.9714132948112707],[-80.71455334845638,-0.9714009383369556],[-80.71464846908826,-0.9714153088124959],[-80.71475547792782,-0.971463192840389],[-80.71483869700711,-0.9716140054578375],[-80.71487921987436,-0.9717541532575495],[-80.71489337623666,-0.971803115056332],[-80.71492189732308,-0.9719994040806768],[-80.714968849506,-0.9720722260661461],[-80.71505421399989,-0.9721375041609405],[-80.71511603848803,-0.972199745833052],[-80.71517013226803,-0.9722536417339569],[-80.71529915767485,-0.9720365919556998],[-80.71570454695046,-0.9714143073148875],[-80.71568214393082,-0.9714003456259803],[-80.71599941431577,-0.9708998890476437],[-80.71628633544064,-0.9704384340337384],[-80.71607900458794,-0.9703016024169528],[-80.71588899445771,-0.9701960130586116],[-80.71550474945049,-0.9700550201401795],[-80.71543307507,-0.970014946848849],[-80.71536522845769,-0.9699663532508113],[-80.71529682295424,-0.9698943916555578],[-80.715243973791,-0.9698217790757013],[-80.71520747612573,-0.9697732713645593],[-80.71517260652683,-0.9697097735266027],[-80.715067954259,-0.9694480289813754],[-80.71496660446527,-0.9691718988039639],[-80.71499150869984,-0.969133351804956],[-80.71480798164771,-0.9684903571518078],[-80.71473296740051,-0.968633022032293],[-80.71470477300953,-0.9686570552729563],[-80.71466164880476,-0.9686057930400551],[-80.7146285535728,-0.9686481237757648],[-80.71460507328428,-0.9686620870046312],[-80.7143299147957,-0.9684781843699426],[-80.71398145366746,-0.9690229955325407],[-80.71375403749539,-0.969370799330747],[-80.71364736958542,-0.9695344364419469],[-80.71363856979526,-0.9695632536561618],[-80.71363675631122,-0.9695920515612926],[-80.7136428248605,-0.9696145116873396],[-80.71378855765877,-0.9698810873143487],[-80.71392786164401,-0.9703269149611772],[-80.71411207450201,-0.9704643762116376],[-80.71385802019526,-0.9708504201270785]]]}},{"type":"Feature","properties":{"name":"San Valentin","clave_catastral":"04","clave_parroquia":"04","descripcion":"San Valentin","layer":"barrios"},"geometry":{"type":"Polygon","coordinates":[[[-80.71332025038907,-0.9672725581334305],[-80.71325946575621,-0.9677260280759015],[-80.71325400321604,-0.9679684846305747],[-80.71322762065748,-0.9685609754598801],[-80.71315784187676,-0.9690341502690386],[-80.71315038683171,-0.9692427530300449],[-80.71317899492264,-0.9697178623634245],[-80.71319825198044,-0.9698833196216015],[-80.71317683636654,-0.9700341233223497],[-80.71316255313758,-0.9702112585247988],[-80.71316892186962,-0.9702872001385145],[-80.71317680713807,-0.9703812145156405],[-80.71326478817222,-0.9704650033742581],[-80.71342173278668,-0.9705464033269351],[-80.71352873976102,-0.9706158314157989],[-80.71360642463833,-0.9706630063837878],[-80.71385802019526,-0.9708504201270785],[-80.71411207450201,-0.9704643762116376],[-80.71392786164401,-0.9703269149611772],[-80.71378855765877,-0.9698810873143487],[-80.7136428248605,-0.9696145116873396],[-80.71363675631122,-0.9695920515612926],[-80.71363856979526,-0.9695632536561618],[-80.71364736958542,-0.9695344364419469],[-80.71375403749539,-0.969370799330747],[-80.71398145366746,-0.9690229955325407],[-80.7143299147957,-0.9684781843699426],[-80.71420653787864,-0.968374009939069],[-80.71408563173313,-0.9682505080753715],[-80.71361262433027,-0.9686242540763743],[-80.7134282174745,-0.9683983623381778],[-80.71340440510862,-0.9680440172610928],[-80.71343526435429,-0.9679875508737296],[-80.71371917172891,-0.9677623544676948],[-80.71332025038907,-0.9672725581334305]]]}},{"type":"Feature","properties":{"name":"5 de Agosto","clave_catastral":"04","clave_parroquia":"04","descripcion":"5 de Agosto","layer":"barrios"},"geometry":{"type":"Polygon","coordinates":[[[-80.72100338400759,-0.9662620581334522],[-80.72062450705937,-0.9657029959585371],[-80.72036994827289,-0.9658998390800946],[-80.72031643369854,-0.9659531912601835],[-80.72017595883894,-0.9661928877580409],[-80.72007086877149,-0.9663000355861868],[-80.72000925158365,-0.9663497602480219],[-80.71990031050053,-0.9663330428331847],[-80.71947021839638,-0.9658231238875601],[-80.71935604187745,-0.9656999524762994],[-80.7188564618799,-0.9651798492266295],[-80.7185461853318,-0.9656350303524022],[-80.7181258362078,-0.9651492286732832],[-80.71775327372876,-0.964697678321258],[-80.71777372424219,-0.9647845673987518],[-80.71778164071253,-0.9648182027514735],[-80.71777327871578,-0.9649012280012528],[-80.7177724673432,-0.9649092817309111],[-80.7177550343586,-0.9649861821885253],[-80.717735716823,-0.965071393225614],[-80.71754235775012,-0.9653606225661093],[-80.71728993544235,-0.9657378126446616],[-80.71727799534459,-0.9657555160658832],[-80.71722832837186,-0.9658292997785907],[-80.7172273108159,-0.9658308123813839],[-80.71704104234261,-0.9661075291100332],[-80.71678834977696,-0.9664798698073582],[-80.71680378895307,-0.9665046015604446],[-80.71656677873202,-0.9668407466922702],[-80.71640308331341,-0.9671277609356252],[-80.71604569554026,-0.9676764448006594],[-80.71612401101281,-0.9677386769700149],[-80.71613009682056,-0.9677375474903442],[-80.71619105947872,-0.9677332045518626],[-80.71625087301462,-0.9677344879543455],[-80.71630183390073,-0.9677412776267005],[-80.71635944517946,-0.9677560293731773],[-80.7164540847817,-0.967793272800634],[-80.7165643352451,-0.9678477473699588],[-80.71752711878766,-0.9684269412521758],[-80.71799309433224,-0.9687653791206401],[-80.71826406302573,-0.9689702299102549],[-80.71883862324484,-0.9694212797822956],[-80.7189428765864,-0.9694999989433626],[-80.71910818086276,-0.9696380527869906],[-80.71912115318294,-0.9696482409930525],[-80.71919143954105,-0.9697034418874182],[-80.71931225563478,-0.9697955106318119],[-80.7194173185836,-0.9698660873915088],[-80.71948193799024,-0.9699004150639466],[-80.71949209479247,-0.9699058107438105],[-80.71956884869547,-0.9699412820859123],[-80.71966807274677,-0.9699725031262004],[-80.71974797419693,-0.9699864424421492],[-80.7198495371649,-0.9699926934593037],[-80.71994930345022,-0.9699879972373537],[-80.7200344111654,-0.9699744778876179],[-80.72015551056903,-0.9699351720513221],[-80.72024046300125,-0.9698981272013186],[-80.72038346686034,-0.9698021517213249],[-80.72066328015376,-0.9695472900083785],[-80.72146645937464,-0.9688157317565071],[-80.72226437628693,-0.9680926008200713],[-80.72185472428895,-0.9676254845246319],[-80.72158348977052,-0.9671451352648717],[-80.72128291543079,-0.966656154681246],[-80.72100338400759,-0.9662620581334522]]]}},{"type":"Feature","properties":{"name":"Bellavista 2","clave_catastral":"04","clave_parroquia":"04","descripcion":"Bellavista 2","layer":"barrios"},"geometry":{"type":"Polygon","coordinates":[[[-80.71969396773841,-0.9634575364036664],[-80.7197667860994,-0.9639007233865442],[-80.7197967342355,-0.964093213649832],[-80.7198454363262,-0.9644091515122852],[-80.72029616439156,-0.964502400119116],[-80.72073189133525,-0.9649173719838161],[-80.7216571090417,-0.9658051339708749],[-80.72100338400759,-0.9662620581334522],[-80.72128291543079,-0.966656154681246],[-80.72158348977052,-0.9671451352648717],[-80.72185472428895,-0.9676254845246319],[-80.72226437628693,-0.9680926008200713],[-80.72348706821985,-0.9672177751967297],[-80.723576330515,-0.9671212156102484],[-80.723621712564,-0.9670622787491112],[-80.7236807786693,-0.9669704999281095],[-80.72372950035584,-0.9668592715307227],[-80.7237579058662,-0.9667467196748589],[-80.72376982441884,-0.9666060695398215],[-80.72375470978933,-0.9658674011714083],[-80.72376278857863,-0.9656947698367305],[-80.7237758948336,-0.9655489701407589],[-80.72381601014646,-0.965364893120025],[-80.72389742458105,-0.9651401306748397],[-80.72397295594016,-0.9649993174530637],[-80.72407958092103,-0.9648255361191644],[-80.72425797301946,-0.9646011099811744],[-80.72477757710833,-0.9639901471979186],[-80.72515031503379,-0.9636371229338748],[-80.72550167449583,-0.9633596743299222],[-80.72595679925075,-0.9630149601164533],[-80.7262116802477,-0.9627986109903617],[-80.72637403830203,-0.962611412534855],[-80.72641076759673,-0.9625522188695044],[-80.7262763364899,-0.9625286979993889],[-80.72616119797843,-0.9625382778066438],[-80.72609052472131,-0.962544157287482],[-80.72567914472873,-0.9625783820728913],[-80.72505776164638,-0.9621615116890752],[-80.72466391902715,-0.9617346408657711],[-80.72371796140538,-0.961410103927264],[-80.7227720040293,-0.9610855658716132],[-80.72229520254179,-0.9610610488326472],[-80.72225054647033,-0.9612131491020649],[-80.72233105254217,-0.9621587414999765],[-80.72196445173523,-0.9621067091190697],[-80.72173219231678,-0.9620546439307134],[-80.72108212820173,-0.9618769415659045],[-80.72098858714878,-0.9622828642391994],[-80.72099155603995,-0.9623353781203576],[-80.72090518253438,-0.9626596475180661],[-80.7207396278606,-0.9632811823732652],[-80.72061566095519,-0.9637144467131833],[-80.72059069526286,-0.9638389995119212],[-80.72032758350493,-0.9637256788158622],[-80.71969396773841,-0.9634575364036664]]]}},{"type":"Feature","properties":{"name":"Carmelita","clave_catastral":"04","clave_parroquia":"04","descripcion":"Carmelita","layer":"barrios"},"geometry":{"type":"Polygon","coordinates":[[[-80.71669650395397,-0.9631463140545549],[-80.71675121430995,-0.9632219460941087],[-80.7174767201953,-0.964175107346577],[-80.71756018963619,-0.9643433543242708],[-80.71769991220913,-0.9646338342785016],[-80.71775327372876,-0.964697678321258],[-80.7181258362078,-0.9651492286732832],[-80.71857924497726,-0.9643733036944441],[-80.71836530503997,-0.9642309375864785],[-80.71862073222742,-0.9638588664996206],[-80.71886629302583,-0.9634795948122843],[-80.71912306812844,-0.9630833250466537],[-80.71844487557816,-0.9626309262502843],[-80.71791651023682,-0.9622811280617612],[-80.71767125047431,-0.9626557263157451],[-80.7175810770457,-0.962793453029775],[-80.7173017421671,-0.9632297986099446],[-80.71694591371909,-0.9627639966903132],[-80.71669650395397,-0.9631463140545549]]]}},{"type":"Feature","properties":{"name":"24 de Septiembre","clave_catastral":"04","clave_parroquia":"04","descripcion":"24 de Septiembre","layer":"barrios"},"geometry":{"type":"Polygon","coordinates":[[[-80.71479706859887,-0.9629249982183836],[-80.7148474635696,-0.9629594215352313],[-80.71502543080702,-0.9630821270697538],[-80.71528030295335,-0.9632487459142567],[-80.71546384160531,-0.9634174142702534],[-80.71578155632714,-0.9637571180874431],[-80.71600666325794,-0.9640332133760836],[-80.71605258496449,-0.9640895377119136],[-80.71632615104578,-0.9649090484713412],[-80.71650878566292,-0.965522530213974],[-80.71651792388609,-0.9655741216000706],[-80.71651786539006,-0.965575022693926],[-80.71651321181365,-0.9656466216579531],[-80.71649481111953,-0.9657304738683762],[-80.71633396464962,-0.9661294019344098],[-80.71651615007015,-0.9662526967789091],[-80.71669069226533,-0.9663750754015011],[-80.71678834977696,-0.9664798698073582],[-80.71704104234261,-0.9661075291100332],[-80.7172273108159,-0.9658308123813839],[-80.71722832837186,-0.9658292997785907],[-80.71727799534459,-0.9657555160658832],[-80.71728993544235,-0.9657378126446616],[-80.71754235775012,-0.9653606225661093],[-80.717735716823,-0.965071393225614],[-80.7177550343586,-0.9649861821885253],[-80.7177724673432,-0.9649092817309111],[-80.71777327871578,-0.9649012280012528],[-80.71778164071253,-0.9648182027514735],[-80.71777372424219,-0.9647845673987518],[-80.71775327372876,-0.964697678321258],[-80.71769991220913,-0.9646338342785016],[-80.71756018963619,-0.9643433543242708],[-80.7174767201953,-0.964175107346577],[-80.71675121430995,-0.9632219460941087],[-80.71669650395397,-0.9631463140545549],[-80.7158827415558,-0.9623416569787366],[-80.71573696401106,-0.9622459907717058],[-80.71570754194573,-0.9622265739689766],[-80.71558924883584,-0.9623764133244634],[-80.71479706859887,-0.9629249982183836]]]}},{"type":"Feature","properties":{"name":"Colinas de Jocay","clave_catastral":"04","clave_parroquia":"04","descripcion":"Colinas de Jocay","layer":"barrios"},"geometry":{"type":"Polygon","coordinates":[[[-80.71899190504246,-0.9596457049737381],[-80.71932657644689,-0.9598651439093118],[-80.719286649919,-0.9609511033520874],[-80.71944852822027,-0.9610829766570818],[-80.71948832882558,-0.961122041142815],[-80.71964482914125,-0.9613707936010342],[-80.7196830646988,-0.9614791729199084],[-80.71971313914266,-0.9617871811920793],[-80.71972087727215,-0.9619138875760741],[-80.71971086397362,-0.9620115818078006],[-80.71962377577219,-0.962308442408073],[-80.71959567386426,-0.962532781172655],[-80.71959872586298,-0.9627014099859679],[-80.71961380900778,-0.9628377024630907],[-80.71969396773841,-0.9634575364036664],[-80.72032758350493,-0.9637256788158622],[-80.72059069526286,-0.9638389995119212],[-80.72061566095519,-0.9637144467131833],[-80.7207396278606,-0.9632811823732652],[-80.72090518253438,-0.9626596475180661],[-80.72099155603995,-0.9623353781203576],[-80.72098858714878,-0.9622828642391994],[-80.72108212820173,-0.9618769415659045],[-80.72173219231678,-0.9620546439307134],[-80.72196445173523,-0.9621067091190697],[-80.72233105254217,-0.9621587414999765],[-80.72225054647033,-0.9612131491020649],[-80.72229520254179,-0.9610610488326472],[-80.72254188383255,-0.9602208400818172],[-80.7223170831141,-0.9599643431685934],[-80.72209731694912,-0.959636044613319],[-80.7219313492423,-0.9595243046856865],[-80.72192682473967,-0.9595242717456927],[-80.7218975149758,-0.9595050449928237],[-80.7218405877796,-0.9594677026189798],[-80.72176686203649,-0.9594102994601172],[-80.72165881379681,-0.9593249087507018],[-80.7216111757609,-0.9592854917118103],[-80.72156098083609,-0.9592440307050225],[-80.72151955120162,-0.9592100144360387],[-80.72149919115023,-0.9591961760102521],[-80.72146690841694,-0.9591742348574853],[-80.72143279944498,-0.9591510513769919],[-80.72139508360101,-0.9591393747098067],[-80.72134216863874,-0.9591128187082916],[-80.72124620017064,-0.9590826773984702],[-80.72116650821965,-0.959048301531169],[-80.72104399606148,-0.9589818426582184],[-80.72081235807697,-0.9587854256536872],[-80.72076027311334,-0.9588648094794793],[-80.7205843527073,-0.9585485725681621],[-80.72057618570334,-0.9585338919431763],[-80.720540627604,-0.9584699734103596],[-80.72049020017268,-0.9584364747988445],[-80.72051866059905,-0.958344362368763],[-80.72010127535334,-0.9580709693418044],[-80.71972932200232,-0.957821550524372],[-80.71925807348728,-0.9575139139486737],[-80.71926980238793,-0.9578775419169857],[-80.71925926642078,-0.957987701465342],[-80.71922944549453,-0.9581296852103094],[-80.71919598919028,-0.9582204015497808],[-80.71906244789771,-0.9584932160288844],[-80.71926186659302,-0.959232258189374],[-80.71899190504246,-0.9596457049737381]]]}},{"type":"Feature","properties":{"name":"10 de noviembre","clave_catastral":"04","clave_parroquia":"04","descripcion":"10 de noviembre","layer":"barrios"},"geometry":{"type":"Polygon","coordinates":[[[-80.7181258362078,-0.9651492286732832],[-80.7185461853318,-0.9656350303524022],[-80.7188564618799,-0.9651798492266295],[-80.71935604187745,-0.9656999524762994],[-80.71947021839638,-0.9658231238875601],[-80.71990031050053,-0.9663330428331847],[-80.72000925158365,-0.9663497602480219],[-80.72007086877149,-0.9663000355861868],[-80.72017595883894,-0.9661928877580409],[-80.72031643369854,-0.9659531912601835],[-80.72036994827289,-0.9658998390800946],[-80.72062450705937,-0.9657029959585371],[-80.72100338400759,-0.9662620581334522],[-80.7216571090417,-0.9658051339708749],[-80.72073189133525,-0.9649173719838161],[-80.72029616439156,-0.964502400119116],[-80.7198454363262,-0.9644091515122852],[-80.7197967342355,-0.964093213649832],[-80.7197667860994,-0.9639007233865442],[-80.71969396773841,-0.9634575364036664],[-80.71912306812844,-0.9630833250466537],[-80.71886629302583,-0.9634795948122843],[-80.71862073222742,-0.9638588664996206],[-80.71836530503997,-0.9642309375864785],[-80.71857924497726,-0.9643733036944441],[-80.7181258362078,-0.9651492286732832]]]}},{"type":"Feature","properties":{"name":"Cristo Rey","clave_catastral":"04","clave_parroquia":"04","descripcion":"Cristo Rey","layer":"barrios"},"geometry":{"type":"Polygon","coordinates":[[[-80.7130734034274,-0.957794343899252],[-80.71299769314227,-0.9578563588081437],[-80.71237092959784,-0.9583620338766252],[-80.71108972589565,-0.9593698952673293],[-80.7110429139062,-0.9594067205183306],[-80.71031475095492,-0.9599795299906901],[-80.71027812678983,-0.9600102606024308],[-80.709499872488,-0.9606517806899291],[-80.70858920983937,-0.9613968552399825],[-80.70791554174582,-0.9619537056372139],[-80.70732023070234,-0.9624357856802989],[-80.70712412818217,-0.9626535607487058],[-80.70667066614226,-0.9631924014068147],[-80.70614894465163,-0.9638188471541723],[-80.70609128449276,-0.9638877556876508],[-80.70737060421362,-0.9654030081279501],[-80.70843361402024,-0.9640526750232395],[-80.7089845160965,-0.9633546403722164],[-80.70958080500905,-0.9625939812843427],[-80.71029830860446,-0.9616750880040712],[-80.71047376882649,-0.9614832299858166],[-80.7105887056207,-0.9613798651328551],[-80.7106328265863,-0.961349176643381],[-80.71065176033174,-0.9613360072112016],[-80.71077223212052,-0.9612558468505199],[-80.71088662581012,-0.9611899008561409],[-80.71099743868156,-0.9611364137462459],[-80.71110439874607,-0.9610910946500724],[-80.7112446760819,-0.9610494437746695],[-80.7118162824503,-0.9609319938119114],[-80.71214511784682,-0.9608694712863723],[-80.71230064630396,-0.9608220884982757],[-80.71244047998691,-0.9607703956472733],[-80.71257603557673,-0.9606899775933614],[-80.71271159224082,-0.9605966333568006],[-80.71282574776514,-0.9604874886437784],[-80.7129223483369,-0.9603713730741532],[-80.71360272073174,-0.9593958930827141],[-80.71394417428334,-0.9589053555987306],[-80.71413048278906,-0.9586371561946834],[-80.71400528820656,-0.9585444749068728],[-80.71397636102331,-0.9585094610720403],[-80.71395549915171,-0.9584759070259707],[-80.71393379136333,-0.9584154106329094],[-80.71392415808903,-0.9583498411200111],[-80.71390581077314,-0.9576305448147764],[-80.71380965145153,-0.9577449385296007],[-80.71346258732798,-0.9574219488050205],[-80.71312090863601,-0.9577532709310645],[-80.7130734034274,-0.957794343899252]]]}},{"type":"Feature","properties":{"name":"Mazato","clave_catastral":"05","clave_parroquia":"05","descripcion":"Mazato","layer":"barrios"},"geometry":{"type":"Polygon","coordinates":[[[-80.71036935627451,-0.9795388650302215],[-80.71041885947403,-0.9796710105044184],[-80.71044544500722,-0.9797534415908444],[-80.71049542483094,-0.979893033833406],[-80.7106239567762,-0.9799041956490271],[-80.71079516984385,-0.9799980450755896],[-80.71091120856966,-0.9801244441396904],[-80.71101963442521,-0.9802833978823173],[-80.71106418025089,-0.9803486309519654],[-80.71112425618736,-0.9804366063401629],[-80.7112424531709,-0.9805813315385876],[-80.71126502311603,-0.9806089671785969],[-80.71149139175223,-0.9808694250395292],[-80.71158999106413,-0.980997746011326],[-80.71164737537435,-0.9810724281542207],[-80.71178053160696,-0.9812524485662522],[-80.71196316192612,-0.9813175732761864],[-80.71217433576794,-0.9812926973720124],[-80.71223422716383,-0.9812793833110902],[-80.71233794999382,-0.981256326524047],[-80.71252217234608,-0.9812343107885368],[-80.7125300997926,-0.9812333633304888],[-80.71276409958065,-0.981248703137851],[-80.71282117187626,-0.9812621132652737],[-80.71289346125369,-0.9813119088163376],[-80.712933410703,-0.9813348920860534],[-80.71299238558586,-0.9813502176619835],[-80.71304845213989,-0.9813319191679142],[-80.71306277842157,-0.981327243921143],[-80.7131502920641,-0.9813081013245152],[-80.71325112192123,-0.9813138549802716],[-80.71336906696621,-0.9814000394783875],[-80.71341281417207,-0.98150345334534],[-80.7134755868142,-0.9815992077068927],[-80.71352124247646,-0.9816355966603537],[-80.71362207202137,-0.9816451799763543],[-80.71371909884031,-0.9816222085177628],[-80.71378359381069,-0.9816095905531483],[-80.71378758811984,-0.9816088092214557],[-80.71387320024797,-0.9815858367744283],[-80.71395500631411,-0.981580098862878],[-80.71400446796727,-0.9816107431835661],[-80.71404441775633,-0.9816298967745922],[-80.71410148584084,-0.9816930961941068],[-80.71413043734206,-0.9817832772942127],[-80.71420419480334,-0.9819669485058853],[-80.71428218636478,-0.9820780246549532],[-80.71438680898758,-0.9822235728269106],[-80.71447811628991,-0.982344224744395],[-80.71461698398409,-0.9824782859480479],[-80.71478778099298,-0.9826168644327425],[-80.71484057837972,-0.9826547802480832],[-80.71484101966114,-0.9826550969371084],[-80.71496188852771,-0.9827418986723303],[-80.71505804211085,-0.9828632033012639],[-80.71509848653916,-0.9829533021557636],[-80.71513897850738,-0.983086980349043],[-80.71519239512935,-0.9832633270319774],[-80.71527583178911,-0.9833303095235664],[-80.71540277305883,-0.9834158315989185],[-80.71558033689621,-0.9835364918119467],[-80.71560458171994,-0.9835491825540004],[-80.71566814356056,-0.9834436074743138],[-80.71581084095153,-0.983282042589053],[-80.71626151965387,-0.9828731334668818],[-80.71566617195501,-0.9824511322218399],[-80.71556794136217,-0.9823815021777733],[-80.71535221635273,-0.982220624923329],[-80.71533205051705,-0.9822050059617027],[-80.71509886409713,-0.9820293956862827],[-80.71509875714729,-0.9820293160619826],[-80.71484105737763,-0.9818283715848963],[-80.71460327335119,-0.9816460325115343],[-80.71434048436953,-0.9814486358770296],[-80.71433998557036,-0.9814482612811731],[-80.71409529837602,-0.9812610496905734],[-80.7138405806981,-0.9810628820039541],[-80.71336100029416,-0.9806955861655382],[-80.71333788180034,-0.9806783021707588],[-80.71309524572196,-0.980491712256253],[-80.71305787638694,-0.9804620514952517],[-80.71298414467631,-0.9803991139043973],[-80.71296153713817,-0.9803800016105271],[-80.71293618339396,-0.9803443653231483],[-80.71232239439573,-0.9799421673018003],[-80.71182716894056,-0.9795306789807937],[-80.71125830932645,-0.979042370133442],[-80.71119962832434,-0.978975442214093],[-80.71085482958178,-0.9787230912231877],[-80.71083658180474,-0.9787495869949794],[-80.71036935627451,-0.9795388650302215]]]}},{"type":"Feature","properties":{"name":"Los Angeles","clave_catastral":"05","clave_parroquia":"05","descripcion":"Los Angeles","layer":"barrios"},"geometry":{"type":"Polygon","coordinates":[[[-80.7163734640926,-0.9783402484298732],[-80.71618872728669,-0.978624543817105],[-80.71602661941681,-0.9788763581348263],[-80.71585973200679,-0.9791355979509149],[-80.71571098802342,-0.9793687680551669],[-80.7151400655499,-0.9802463558224588],[-80.714927404097,-0.9805598321541282],[-80.71466645123323,-0.9809481144949359],[-80.71434077112275,-0.9814481907807248],[-80.71434048436953,-0.9814486358770296],[-80.71460327335119,-0.9816460325115343],[-80.71484105737763,-0.9818283715848963],[-80.71509875714729,-0.9820293160619826],[-80.71509886409713,-0.9820293956862827],[-80.71533205051705,-0.9822050059617027],[-80.71535221635273,-0.982220624923329],[-80.71556794136217,-0.9823815021777733],[-80.71566617195501,-0.9824511322218399],[-80.71626151965387,-0.9828731334668818],[-80.71738599799934,-0.9818528735096378],[-80.71745215967249,-0.9817935504697745],[-80.71809612294344,-0.9812445781570461],[-80.71843332609134,-0.9810017524587948],[-80.71871680450963,-0.9808466625988927],[-80.71918013831973,-0.9806339293304944],[-80.71861073714176,-0.9801542197664759],[-80.71859377084454,-0.9801405019061207],[-80.71834368232037,-0.9799344186217525],[-80.71811277165507,-0.9797468293809715],[-80.71783814483643,-0.9795344770182908],[-80.71735520614136,-0.979141921595172],[-80.7168659884047,-0.9787408693973988],[-80.7163734640926,-0.9783402484298732]]]}},{"type":"Feature","properties":{"name":"Circunvalacion","clave_catastral":"04","clave_parroquia":"04","descripcion":"Circunvalacion","layer":"barrios"},"geometry":{"type":"Polygon","coordinates":[[[-80.71434055554928,-0.9766889248615342],[-80.7144243576713,-0.9767582623348972],[-80.71491175629792,-0.977151481526718],[-80.71539865939643,-0.9775496141583773],[-80.71589044041738,-0.9779471826236801],[-80.7163734640926,-0.9783402484298732],[-80.7168659884047,-0.9787408693973988],[-80.71735520614136,-0.979141921595172],[-80.71783814483643,-0.9795344770182908],[-80.71811277165507,-0.9797468293809715],[-80.71834368232037,-0.9799344186217525],[-80.71859377084454,-0.9801405019061207],[-80.71861073714176,-0.9801542197664759],[-80.71918013831973,-0.9806339293304944],[-80.72028781866837,-0.9802178732653317],[-80.72038481080727,-0.9801791667305935],[-80.72076177327382,-0.9800175162509249],[-80.72108185805551,-0.9798140765548311],[-80.72136407010902,-0.9795367507604738],[-80.72158592501918,-0.9791983251836456],[-80.72172299951957,-0.9788463561083347],[-80.72069446924307,-0.9782858054494881],[-80.72067243164273,-0.9782322651117283],[-80.7206524057813,-0.9780671542260678],[-80.7205877768341,-0.9780702990390039],[-80.72054291874005,-0.9780724810783425],[-80.72049012596817,-0.9780652959076547],[-80.72046111529976,-0.9780471014085208],[-80.72041831035177,-0.9780456611279789],[-80.72036789935615,-0.9779953880614016],[-80.72027848749568,-0.977949899490568],[-80.72022997786328,-0.9779163837667965],[-80.72016863001659,-0.9778483963100228],[-80.72015494111541,-0.977829933488735],[-80.72007740183307,-0.9777253506446896],[-80.7200096333196,-0.977642760501837],[-80.71993710443185,-0.9776188173888868],[-80.71983722209102,-0.9776654870147183],[-80.71972187941218,-0.9777468639327225],[-80.71962318576793,-0.9777875498463544],[-80.71947336771156,-0.9777971118782887],[-80.71931998333308,-0.9777839335211667],[-80.71924627101441,-0.9776917682393105],[-80.71920585162205,-0.9776019996425731],[-80.71914997546743,-0.9774930795833825],[-80.71909529369377,-0.9773314978119174],[-80.71905725450443,-0.9772177923928069],[-80.71904596011349,-0.977143855190647],[-80.71906512191559,-0.9769765039170295],[-80.7191079384926,-0.9768376713374066],[-80.7191127064354,-0.9766988346511027],[-80.71908417967552,-0.976579145325644],[-80.71904376148068,-0.9764642427667097],[-80.7190232123104,-0.9764324130664193],[-80.71895816531155,-0.9762966736900153],[-80.71892067626153,-0.9762037614483888],[-80.7188369060899,-0.9760405342662325],[-80.71880672105733,-0.9759534128332064],[-80.7188033046639,-0.9759435511220288],[-80.7187343973764,-0.9758400962749364],[-80.7186605863337,-0.9757575897545934],[-80.71865144077066,-0.9757508759789885],[-80.71845407410608,-0.9756072354181242],[-80.7182923717913,-0.9755258342930944],[-80.71822217964977,-0.9754500275077617],[-80.71816159025354,-0.9753845932151961],[-80.7181140130196,-0.9753259779718775],[-80.71805678283962,-0.9752554703048305],[-80.7179972388877,-0.9751451340545286],[-80.71795015829419,-0.9750804988608621],[-80.71786883374892,-0.9750259149067374],[-80.7177903607798,-0.9749856935854097],[-80.71772615447763,-0.9749655808173259],[-80.71763198666923,-0.9749267939558024],[-80.71761802785933,-0.974922660027147],[-80.717559220385,-0.9749052446756394],[-80.71750660357408,-0.9748581578204066],[-80.71749609646844,-0.9747421060828856],[-80.7175210805934,-0.9745649717086593],[-80.71754012069529,-0.9743806551827562],[-80.71754168312223,-0.9742688294950739],[-80.71753419700838,-0.9741185407810633],[-80.71750448149969,-0.973995260538203],[-80.71744265852666,-0.9739138678246064],[-80.71739272429107,-0.9738600048632833],[-80.71727025649145,-0.9738288758577481],[-80.71709784718308,-0.9738312551814233],[-80.71692781428513,-0.9738444062651865],[-80.71685885461767,-0.9737989193757529],[-80.71678587116101,-0.973666030994309],[-80.71672808628674,-0.9735008880006433],[-80.71668509446549,-0.9733270908248386],[-80.71666688966985,-0.9732918224881075],[-80.71664011986783,-0.9732399636202018],[-80.71654143884906,-0.9731310399405402],[-80.71652170217375,-0.9731213731730008],[-80.71636546967683,-0.9730448507019959],[-80.71617166347943,-0.9729754162208906],[-80.7159790471958,-0.9728964063009897],[-80.71573055062082,-0.97277071454252],[-80.71560104103946,-0.9726944123481616],[-80.7155700396282,-0.9726761479950596],[-80.71554764448703,-0.9726646308505025],[-80.71539541882338,-0.9729318371096554],[-80.71535996562088,-0.9729895152694326],[-80.71505410078943,-0.9734871237100862],[-80.7148908540105,-0.9737333341111878],[-80.71487143974596,-0.9737588581573534],[-80.71535457642564,-0.9741688928006482],[-80.71537136195894,-0.9741833941352951],[-80.71582754502954,-0.9745807857389082],[-80.71561243407488,-0.9749044129713553],[-80.71551645096804,-0.9750450503865552],[-80.71516624312817,-0.9756163243452961],[-80.71540329485252,-0.975824775163062],[-80.71562207572927,-0.9760143330109514],[-80.71575421743744,-0.9761263951302653],[-80.71506718471417,-0.9763822280068553],[-80.71434055554928,-0.9766889248615342]]]}},{"type":"Feature","properties":{"name":"San Antonio","clave_catastral":"05","clave_parroquia":"05","descripcion":"San Antonio","layer":"barrios"},"geometry":{"type":"Polygon","coordinates":[[[-80.71085482958178,-0.9787230912231877],[-80.71119962832434,-0.978975442214093],[-80.71125830932645,-0.979042370133442],[-80.71182716894056,-0.9795306789807937],[-80.71232239439573,-0.9799421673018003],[-80.71293618339396,-0.9803443653231483],[-80.71292359016007,-0.9803154042362223],[-80.71291895618168,-0.9802813484683667],[-80.71291962280793,-0.9802635156435144],[-80.71291992257655,-0.9802368853161028],[-80.71292260047773,-0.9802111526734194],[-80.71292723924924,-0.980188921455806],[-80.71293580313628,-0.9801551708115852],[-80.71294579424685,-0.9801221377312146],[-80.71296389390311,-0.9800791681850712],[-80.71311044104397,-0.9798543519904824],[-80.71363486224617,-0.9791228291339422],[-80.71362426706489,-0.9791145907716157],[-80.71422480761701,-0.9781934292387007],[-80.71491175629792,-0.977151481526718],[-80.7144243576713,-0.9767582623348972],[-80.71434055554928,-0.9766889248615342],[-80.7142953341329,-0.976651475643763],[-80.71391397423186,-0.9763449292686488],[-80.71343277589187,-0.9759603741031384],[-80.71295042326629,-0.9755693717852836],[-80.71224193305744,-0.9766128886573285],[-80.71158611859154,-0.9776171423563939],[-80.71085482958178,-0.9787230912231877]]]}},{"type":"Feature","properties":{"name":"Ignacio Loyola","clave_catastral":"05","clave_parroquia":"05","descripcion":"Ignacio Loyola","layer":"barrios"},"geometry":{"type":"Polygon","coordinates":[[[-80.71293618339396,-0.9803443653231483],[-80.71296153713817,-0.9803800016105271],[-80.71298414467631,-0.9803991139043973],[-80.71305787638694,-0.9804620514952517],[-80.71309524572196,-0.980491712256253],[-80.71333788180034,-0.9806783021707588],[-80.71336100029416,-0.9806955861655382],[-80.7138405806981,-0.9810628820039541],[-80.71409529837602,-0.9812610496905734],[-80.71433998557036,-0.9814482612811731],[-80.71434048436953,-0.9814486358770296],[-80.71434077112275,-0.9814481907807248],[-80.71466645123323,-0.9809481144949359],[-80.714927404097,-0.9805598321541282],[-80.7151400655499,-0.9802463558224588],[-80.71571098802342,-0.9793687680551669],[-80.71585973200679,-0.9791355979509149],[-80.71602661941681,-0.9788763581348263],[-80.71618872728669,-0.978624543817105],[-80.7163734640926,-0.9783402484298732],[-80.71589044041738,-0.9779471826236801],[-80.71539865939643,-0.9775496141583773],[-80.71491175629792,-0.977151481526718],[-80.71422480761701,-0.9781934292387007],[-80.71362426706489,-0.9791145907716157],[-80.71363486224617,-0.9791228291339422],[-80.71311044104397,-0.9798543519904824],[-80.71296389390311,-0.9800791681850712],[-80.71294579424685,-0.9801221377312146],[-80.71293580313628,-0.9801551708115852],[-80.71292723924924,-0.980188921455806],[-80.71292260047773,-0.9802111526734194],[-80.71291992257655,-0.9802368853161028],[-80.71291962280793,-0.9802635156435144],[-80.71291895618168,-0.9802813484683667],[-80.71292359016007,-0.9803154042362223],[-80.71293618339396,-0.9803443653231483]]]}},{"type":"Feature","properties":{"name":"20 de Mayo","clave_catastral":"04","clave_parroquia":"04","descripcion":"20 de Mayo","layer":"barrios"},"geometry":{"type":"Polygon","coordinates":[[[-80.71517013226803,-0.9722536417339569],[-80.7152062821581,-0.9722909245928975],[-80.71525531159425,-0.9723728608778401],[-80.71526329402279,-0.9723912671285859],[-80.71532273620396,-0.9725025813798283],[-80.7153850258576,-0.9725698361295371],[-80.71540477143556,-0.9725911565690524],[-80.71554764448703,-0.9726646308505025],[-80.7155700396282,-0.9726761479950596],[-80.71560104103946,-0.9726944123481616],[-80.71573055062082,-0.97277071454252],[-80.7159790471958,-0.9728964063009897],[-80.71617166347943,-0.9729754162208906],[-80.71636546967683,-0.9730448507019959],[-80.71652170217375,-0.9731213731730008],[-80.71654143884906,-0.9731310399405402],[-80.71664011986783,-0.9732399636202018],[-80.71666688966985,-0.9732918224881075],[-80.71668509446549,-0.9733270908248386],[-80.71672808628674,-0.9735008880006433],[-80.71678587116101,-0.973666030994309],[-80.71685885461767,-0.9737989193757529],[-80.71692781428513,-0.9738444062651865],[-80.71709784718308,-0.9738312551814233],[-80.71727025649145,-0.9738288758577481],[-80.71739272429107,-0.9738600048632833],[-80.71744265852666,-0.9739138678246064],[-80.71750448149969,-0.973995260538203],[-80.71753419700838,-0.9741185407810633],[-80.71754168312223,-0.9742688294950739],[-80.71754012069529,-0.9743806551827562],[-80.7175210805934,-0.9745649717086593],[-80.71749609646844,-0.9747421060828856],[-80.71750660357408,-0.9748581578204066],[-80.717559220385,-0.9749052446756394],[-80.71761802785933,-0.974922660027147],[-80.71763198666923,-0.9749267939558024],[-80.71772615447763,-0.9749655808173259],[-80.7177903607798,-0.9749856935854097],[-80.71786883374892,-0.9750259149067374],[-80.71795015829419,-0.9750804988608621],[-80.7179972388877,-0.9751451340545286],[-80.71805678283962,-0.9752554703048305],[-80.7181140130196,-0.9753259779718775],[-80.71816159025354,-0.9753845932151961],[-80.71822217964977,-0.9754500275077617],[-80.7182923717913,-0.9755258342930944],[-80.71845407410608,-0.9756072354181242],[-80.71865144077066,-0.9757508759789885],[-80.7186605863337,-0.9757575897545934],[-80.7187343973764,-0.9758400962749364],[-80.7188033046639,-0.9759435511220288],[-80.71880672105733,-0.9759534128332064],[-80.7188369060899,-0.9760405342662325],[-80.71892067626153,-0.9762037614483888],[-80.71895816531155,-0.9762966736900153],[-80.7190232123104,-0.9764324130664193],[-80.71904376148068,-0.9764642427667097],[-80.71908417967552,-0.976579145325644],[-80.7191127064354,-0.9766988346511027],[-80.7191079384926,-0.9768376713374066],[-80.71906512191559,-0.9769765039170295],[-80.71904596011349,-0.977143855190647],[-80.71905725450443,-0.9772177923928069],[-80.71909529369377,-0.9773314978119174],[-80.71914997546743,-0.9774930795833825],[-80.71920585162205,-0.9776019996425731],[-80.71924627101441,-0.9776917682393105],[-80.71931998333308,-0.9777839335211667],[-80.71947336771156,-0.9777971118782887],[-80.71962318576793,-0.9777875498463544],[-80.71972187941218,-0.9777468639327225],[-80.71983722209102,-0.9776654870147183],[-80.71993710443185,-0.9776188173888868],[-80.7200096333196,-0.977642760501837],[-80.72007740183307,-0.9777253506446896],[-80.72015494111541,-0.977829933488735],[-80.72016863001659,-0.9778483963100228],[-80.72022997786328,-0.9779163837667965],[-80.72027848749568,-0.977949899490568],[-80.72036789935615,-0.9779953880614016],[-80.72041831035177,-0.9780456611279789],[-80.72046111529976,-0.9780471014085208],[-80.72049012596817,-0.9780652959076547],[-80.72054291874005,-0.9780724810783425],[-80.7205877768341,-0.9780702990390039],[-80.7206524057813,-0.9780671542260678],[-80.72067243164273,-0.9782322651117283],[-80.72069446924307,-0.9782858054494881],[-80.72172299951957,-0.9788463561083347],[-80.72179586555967,-0.9786296360944532],[-80.72183988041398,-0.9784987252654817],[-80.72173560994108,-0.9782859866033533],[-80.7217086522653,-0.9780913008042944],[-80.72170485650247,-0.9779840606458947],[-80.72175434538228,-0.977673836976706],[-80.72156835715751,-0.9775086054804092],[-80.72127632859451,-0.9772530986990232],[-80.72107624393611,-0.977085430510499],[-80.72087693546001,-0.9769225664326342],[-80.7206488422472,-0.9767160255878053],[-80.72041831143547,-0.9765106859965158],[-80.72023611617104,-0.9763464572071001],[-80.72015603221035,-0.9762770486862422],[-80.72004348347068,-0.9761793849146017],[-80.71992565971308,-0.9760709247006644],[-80.71984463060599,-0.9759970332197554],[-80.7197607709893,-0.9759148515709484],[-80.71970523458037,-0.9758492458227721],[-80.71969278780153,-0.9758310029530577],[-80.71962251368544,-0.9756917483175299],[-80.71956432447337,-0.9755666797667715],[-80.71951546988512,-0.9754598743964635],[-80.71942869054939,-0.9752702620192508],[-80.71940490443758,-0.9752192135625962],[-80.71928317157146,-0.974943034182715],[-80.7191374006772,-0.9746299778259556],[-80.71898766414044,-0.9743083471266658],[-80.71883575360346,-0.9739956539527981],[-80.71869965949556,-0.9736895683571446],[-80.71856106706713,-0.973401488245713],[-80.71842349005931,-0.9731270595065098],[-80.71833560947148,-0.9730444843990681],[-80.71799339622115,-0.9727497953191317],[-80.71773182599897,-0.9725217506092179],[-80.71767923392437,-0.972490946877457],[-80.71760400774022,-0.9724580088197854],[-80.71746745010479,-0.9724101866078171],[-80.71736662246806,-0.9723479181563305],[-80.71674595641653,-0.9722573822755011],[-80.71669158069349,-0.9722321152533056],[-80.71664890879202,-0.9722098673570514],[-80.71658758508649,-0.9721668853757848],[-80.7165062621256,-0.9720835766305811],[-80.71642858685654,-0.9719956007547097],[-80.71619318043696,-0.9717392725495274],[-80.7160776140211,-0.9716499544840502],[-80.7159220961535,-0.9715517215676357],[-80.71570454695046,-0.9714143073148875],[-80.71529915767485,-0.9720365919556998],[-80.71517013226803,-0.9722536417339569]]]}},{"type":"Feature","properties":{"name":"Porvenir Alto","clave_catastral":"04","clave_parroquia":"04","descripcion":"Porvenir Alto","layer":"barrios"},"geometry":{"type":"Polygon","coordinates":[[[-80.71628633544064,-0.9704384340337384],[-80.71599941431577,-0.9708998890476437],[-80.71568214393082,-0.9714003456259803],[-80.71570454695046,-0.9714143073148875],[-80.7159220961535,-0.9715517215676357],[-80.7160776140211,-0.9716499544840502],[-80.71619318043696,-0.9717392725495274],[-80.71642858685654,-0.9719956007547097],[-80.7165062621256,-0.9720835766305811],[-80.71658758508649,-0.9721668853757848],[-80.71664890879202,-0.9722098673570514],[-80.71669158069349,-0.9722321152533056],[-80.71674595641653,-0.9722573822755011],[-80.71736662246806,-0.9723479181563305],[-80.71746745010479,-0.9724101866078171],[-80.71760400774022,-0.9724580088197854],[-80.71767923392437,-0.972490946877457],[-80.71773182599897,-0.9725217506092179],[-80.71799339622115,-0.9727497953191317],[-80.71833560947148,-0.9730444843990681],[-80.71842349005931,-0.9731270595065098],[-80.71856106706713,-0.973401488245713],[-80.71869965949556,-0.9736895683571446],[-80.71883575360346,-0.9739956539527981],[-80.71898766414044,-0.9743083471266658],[-80.7191374006772,-0.9746299778259556],[-80.71928317157146,-0.974943034182715],[-80.71940490443758,-0.9752192135625962],[-80.71942869054939,-0.9752702620192508],[-80.71951546988512,-0.9754598743964635],[-80.71956432447337,-0.9755666797667715],[-80.71962251368544,-0.9756917483175299],[-80.71969278780153,-0.9758310029530577],[-80.71970523458037,-0.9758492458227721],[-80.7197607709893,-0.9759148515709484],[-80.71984463060599,-0.9759970332197554],[-80.71992565971308,-0.9760709247006644],[-80.72004348347068,-0.9761793849146017],[-80.72015603221035,-0.9762770486862422],[-80.72023611617104,-0.9763464572071001],[-80.72041831143547,-0.9765106859965158],[-80.7206488422472,-0.9767160255878053],[-80.72087693546001,-0.9769225664326342],[-80.72107624393611,-0.977085430510499],[-80.72127632859451,-0.9772530986990232],[-80.72156835715751,-0.9775086054804092],[-80.72175434538228,-0.977673836976706],[-80.72170485650247,-0.9779840606458947],[-80.7217086522653,-0.9780913008042944],[-80.72173560994108,-0.9782859866033533],[-80.72183988041398,-0.9784987252654817],[-80.72191313660569,-0.97828084452361],[-80.72222140834417,-0.9773769944899869],[-80.72228991076042,-0.9772027361181301],[-80.72237934272867,-0.9770035852616985],[-80.7224973112762,-0.9767948603309123],[-80.72260386194195,-0.9766359256016273],[-80.72273921183314,-0.9764649822196105],[-80.72292932933759,-0.9762656352228588],[-80.72317083887057,-0.9760672198028004],[-80.72342465446063,-0.975904263088225],[-80.72306530996728,-0.9748435155883612],[-80.72292194562687,-0.9746736881315456],[-80.7228029515641,-0.9745981343158974],[-80.72185690243644,-0.9740780134235933],[-80.72144410531342,-0.9738331982409251],[-80.72099106898946,-0.9735581588303148],[-80.72048555561233,-0.9732512598958465],[-80.72030563779147,-0.9731442990854333],[-80.72006086195522,-0.9729948899243936],[-80.71999286696891,-0.972946076490686],[-80.7199380987281,-0.9728965738277964],[-80.71988637165175,-0.9728282877339892],[-80.7196566803453,-0.9730830651285771],[-80.71942832511917,-0.9727550731388135],[-80.7194647783402,-0.972700754215893],[-80.71917721040734,-0.9724633656624775],[-80.71885101862492,-0.972237888087605],[-80.71885279848452,-0.9722821727858815],[-80.71883695343794,-0.9723277938994953],[-80.71881150704306,-0.9723616771695022],[-80.71876927833681,-0.9723819401922924],[-80.71863308965933,-0.9725178280797593],[-80.71839122300055,-0.9727591604967785],[-80.71811571653487,-0.9724951824048276],[-80.71785940415675,-0.9724518821321055],[-80.71788743427886,-0.9722616065947847],[-80.71783531342373,-0.9720758739994578],[-80.71779124210236,-0.9719526087093442],[-80.71771446555616,-0.971734869113348],[-80.71769625182581,-0.9716555455516841],[-80.71765441748815,-0.9714071934040618],[-80.71763398624424,-0.971221916356555],[-80.71762317200731,-0.9711782483424826],[-80.71760156180677,-0.9711414833214748],[-80.71756679618193,-0.9711132124933641],[-80.71751031960947,-0.9711033309403233],[-80.71744115738812,-0.9711054702078599],[-80.71723685007612,-0.9711425745987015],[-80.71720493909741,-0.9710138928973605],[-80.71638103977851,-0.9704977616467971],[-80.71628633544064,-0.9704384340337384]]]}},{"type":"Feature","properties":{"name":"San Antonio","clave_catastral":"04","clave_parroquia":"04","descripcion":"San Antonio","layer":"barrios"},"geometry":{"type":"Polygon","coordinates":[[[-80.71098883116736,-0.9719319366980557],[-80.7106908976958,-0.9723673269613613],[-80.7100527916527,-0.9732289416117936],[-80.71021998362994,-0.9733706103447588],[-80.71053142103945,-0.9736273299418344],[-80.7110013186633,-0.9739954130765938],[-80.7115098874006,-0.9744003350693902],[-80.71203437121417,-0.9748261039801491],[-80.71245306663067,-0.9751640491798526],[-80.71295042326629,-0.9755693717852836],[-80.71343277589187,-0.9759603741031384],[-80.71391397423186,-0.9763449292686488],[-80.7142953341329,-0.976651475643763],[-80.71434055554928,-0.9766889248615342],[-80.71506718471417,-0.9763822280068553],[-80.71575421743744,-0.9761263951302653],[-80.71562207572927,-0.9760143330109514],[-80.71540329485252,-0.975824775163062],[-80.71516624312817,-0.9756163243452961],[-80.71551645096804,-0.9750450503865552],[-80.71561243407488,-0.9749044129713553],[-80.71582754502954,-0.9745807857389082],[-80.71537136195894,-0.9741833941352951],[-80.71535457642564,-0.9741688928006482],[-80.71487143974596,-0.9737588581573534],[-80.7148908540105,-0.9737333341111878],[-80.71505410078943,-0.9734871237100862],[-80.71535996562088,-0.9729895152694326],[-80.71539541882338,-0.9729318371096554],[-80.71554764448703,-0.9726646308505025],[-80.71540477143556,-0.9725911565690524],[-80.7153850258576,-0.9725698361295371],[-80.71532273620396,-0.9725025813798283],[-80.71526329402279,-0.9723912671285859],[-80.71525531159425,-0.9723728608778401],[-80.7152062821581,-0.9722909245928975],[-80.71517013226803,-0.9722536417339569],[-80.71511603848803,-0.972199745833052],[-80.71505421399989,-0.9721375041609405],[-80.714968849506,-0.9720722260661461],[-80.71492189732308,-0.9719994040806768],[-80.71489337623666,-0.971803115056332],[-80.71487921987436,-0.9717541532575495],[-80.71483869700711,-0.9716140054578375],[-80.71475547792782,-0.971463192840389],[-80.71464846908826,-0.9714153088124959],[-80.71455334845638,-0.9714009383369556],[-80.71451958250643,-0.9714132948112707],[-80.71442255045277,-0.9714488021474921],[-80.71432267040112,-0.9714703367817635],[-80.71422079487162,-0.9715472589488882],[-80.71407296307947,-0.9716043647903518],[-80.71395643710395,-0.97161871725163],[-80.71385894290387,-0.9715492908803753],[-80.7138018764713,-0.9714678994476175],[-80.7137614556648,-0.9713865085291076],[-80.71362974137563,-0.9712364291099931],[-80.7136150241738,-0.9712196598228074],[-80.71302189111935,-0.9721113302606739],[-80.71234200795543,-0.9731426533535483],[-80.71186956192886,-0.972724143048154],[-80.71143552792272,-0.9723240596760263],[-80.71098883116736,-0.9719319366980557]]]}},{"type":"Feature","properties":{"name":"Porvenir","clave_catastral":"04","clave_parroquia":"04","descripcion":"Porvenir","layer":"barrios"},"geometry":{"type":"Polygon","coordinates":[[[-80.71332025038907,-0.9672725581334305],[-80.71316879006041,-0.9670230115344366],[-80.71306325468197,-0.9668979850927569],[-80.71301997270058,-0.9668637812848431],[-80.71280343318375,-0.9665881334777993],[-80.71239853837027,-0.9660492167861889],[-80.71184228631662,-0.9652992437750498],[-80.71179517945116,-0.9652397211217334],[-80.71196547761818,-0.9650589188457701],[-80.71207249729207,-0.9649751475246262],[-80.71212035372882,-0.9649280303052024],[-80.71220924601616,-0.9648405109990534],[-80.71233707858873,-0.9646968980053997],[-80.7124248653773,-0.9646197955112257],[-80.71251776828616,-0.9645504043831324],[-80.71255267316168,-0.9645250336193669],[-80.7128237829928,-0.964388614420571],[-80.71295486923319,-0.9643083110741344],[-80.7129878771863,-0.964288090727905],[-80.71316267386574,-0.9641696156247264],[-80.71328753017357,-0.9640726803121992],[-80.713412385276,-0.9639793349114285],[-80.71359623314547,-0.9638129856110424],[-80.7136326027256,-0.9637800777831701],[-80.71367081448136,-0.9637512739088123],[-80.71375247107427,-0.9636897220328252],[-80.71384284118791,-0.9636418547420789],[-80.71415200875965,-0.9633929324754718],[-80.71443518669982,-0.9632002605949025],[-80.71448971126763,-0.9631631618234451],[-80.71479706859887,-0.9629249982183836],[-80.7148474635696,-0.9629594215352313],[-80.71502543080702,-0.9630821270697538],[-80.71528030295335,-0.9632487459142567],[-80.71546384160531,-0.9634174142702534],[-80.71578155632714,-0.9637571180874431],[-80.71600666325794,-0.9640332133760836],[-80.71605258496449,-0.9640895377119136],[-80.71632615104578,-0.9649090484713412],[-80.71650878566292,-0.965522530213974],[-80.71651792388609,-0.9655741216000706],[-80.71651786539006,-0.965575022693926],[-80.71651321181365,-0.9656466216579531],[-80.71649481111953,-0.9657304738683762],[-80.71633396464962,-0.9661294019344098],[-80.71651615007015,-0.9662526967789091],[-80.71669069226533,-0.9663750754015011],[-80.71678834977696,-0.9664798698073582],[-80.71680378895307,-0.9665046015604446],[-80.71656677873202,-0.9668407466922702],[-80.71640308331341,-0.9671277609356252],[-80.71604569554026,-0.9676764448006594],[-80.71612401101281,-0.9677386769700149],[-80.71613009682056,-0.9677375474903442],[-80.71619105947872,-0.9677332045518626],[-80.71625087301462,-0.9677344879543455],[-80.71630183390073,-0.9677412776267005],[-80.71635944517946,-0.9677560293731773],[-80.7164540847817,-0.967793272800634],[-80.7165643352451,-0.9678477473699588],[-80.71752711878766,-0.9684269412521758],[-80.71799309433224,-0.9687653791206401],[-80.71826406302573,-0.9689702299102549],[-80.71883862324484,-0.9694212797822956],[-80.7189428765864,-0.9694999989433626],[-80.71910818086276,-0.9696380527869906],[-80.71912115318294,-0.9696482409930525],[-80.71919143954105,-0.9697034418874182],[-80.71931225563478,-0.9697955106318119],[-80.7194173185836,-0.9698660873915088],[-80.71948193799024,-0.9699004150639466],[-80.7193521350357,-0.970024538759219],[-80.71935205594734,-0.9700244745176718],[-80.71892670926746,-0.9704569176230251],[-80.7187532936764,-0.9706053690732404],[-80.7181984417397,-0.9711278242710506],[-80.71831321782439,-0.9712540130762335],[-80.71845539108071,-0.9713562897725723],[-80.71832729101456,-0.971483142171536],[-80.71829945145997,-0.971585238139042],[-80.71826694705,-0.9716562494216987],[-80.71818786775292,-0.9717751299327801],[-80.7181840976414,-0.9718146268788104],[-80.71822412505783,-0.9718507348109567],[-80.71871562166537,-0.9721096927025741],[-80.71878800692592,-0.972151708436442],[-80.71882545823321,-0.9721900118985474],[-80.71885101862492,-0.972237888087605],[-80.71885279848452,-0.9722821727858815],[-80.71883695343794,-0.9723277938994953],[-80.71881150704306,-0.9723616771695022],[-80.71876927833681,-0.9723819401922924],[-80.71863308965933,-0.9725178280797593],[-80.71839122300055,-0.9727591604967785],[-80.71811571653487,-0.9724951824048276],[-80.71785940415675,-0.9724518821321055],[-80.71788743427886,-0.9722616065947847],[-80.71783531342373,-0.9720758739994578],[-80.71779124210236,-0.9719526087093442],[-80.71771446555616,-0.971734869113348],[-80.71769625182581,-0.9716555455516841],[-80.71765441748815,-0.9714071934040618],[-80.71763398624424,-0.971221916356555],[-80.71762317200731,-0.9711782483424826],[-80.71760156180677,-0.9711414833214748],[-80.71756679618193,-0.9711132124933641],[-80.71751031960947,-0.9711033309403233],[-80.71744115738812,-0.9711054702078599],[-80.71723685007612,-0.9711425745987015],[-80.71720493909741,-0.9710138928973605],[-80.71638103977851,-0.9704977616467971],[-80.71628633544064,-0.9704384340337384],[-80.71607900458794,-0.9703016024169528],[-80.71588899445771,-0.9701960130586116],[-80.71550474945049,-0.9700550201401795],[-80.71543307507,-0.970014946848849],[-80.71536522845769,-0.9699663532508113],[-80.71529682295424,-0.9698943916555578],[-80.715243973791,-0.9698217790757013],[-80.71520747612573,-0.9697732713645593],[-80.71517260652683,-0.9697097735266027],[-80.715067954259,-0.9694480289813754],[-80.71496660446527,-0.9691718988039639],[-80.71499150869984,-0.969133351804956],[-80.71480798164771,-0.9684903571518078],[-80.71473296740051,-0.968633022032293],[-80.71470477300953,-0.9686570552729563],[-80.71466164880476,-0.9686057930400551],[-80.7146285535728,-0.9686481237757648],[-80.71460507328428,-0.9686620870046312],[-80.7143299147957,-0.9684781843699426],[-80.71420653787864,-0.968374009939069],[-80.71408563173313,-0.9682505080753715],[-80.71361262433027,-0.9686242540763743],[-80.7134282174745,-0.9683983623381778],[-80.71340440510862,-0.9680440172610928],[-80.71343526435429,-0.9679875508737296],[-80.71371917172891,-0.9677623544676948],[-80.71332025038907,-0.9672725581334305]]]}},{"type":"Feature","properties":{"name":"Los Senderos","clave_catastral":"04","clave_parroquia":"04","descripcion":"Los Senderos","layer":"barrios"},"geometry":{"type":"Polygon","coordinates":[[[-80.72273180189391,-0.9984643707319093],[-80.72248630264318,-0.9976879173878928],[-80.72209829663919,-0.996536975581904],[-80.7219005045927,-0.9959618644802646],[-80.72162130071966,-0.9953004734013291],[-80.72134813159461,-0.9947209403929378],[-80.72124842314331,-0.9945094079773042],[-80.72107018358356,-0.9941312696169576],[-80.72106837913198,-0.9941272697059276],[-80.72093080857563,-0.9938223581432767],[-80.72091023529076,-0.9937663263132919],[-80.72073249632632,-0.9932822518732678],[-80.72069795262506,-0.9931881718521396],[-80.72041817332821,-0.9924988145975817],[-80.7203271151801,-0.9922744540243116],[-80.72013463701788,-0.9918002017666367],[-80.71870898723178,-0.9927358133062114],[-80.71724875968481,-0.9936941159052851],[-80.71737093191189,-0.9938373332660859],[-80.7196308084295,-0.9967480719072911],[-80.7216713349567,-0.999314145423682],[-80.72273180189391,-0.9984643707319093]]]}},{"type":"Feature","properties":{"name":"Ciudad Azteca","clave_catastral":"04","clave_parroquia":"04","descripcion":"Ciudad Azteca","layer":"barrios"},"geometry":{"type":"Polygon","coordinates":[[[-80.7213774103705,-0.9859540509858533],[-80.72115469103109,-0.9860984306238977],[-80.72107222022635,-0.9861518934020097],[-80.72073625899392,-0.9863373530214972],[-80.72060872756597,-0.9864058927201569],[-80.71979249520525,-0.9867868229271437],[-80.71982808362905,-0.9868550606647091],[-80.7198722191352,-0.9869396889943544],[-80.7201897521626,-0.9874457571413728],[-80.72057993132307,-0.9880712876634306],[-80.7210946770755,-0.9888966727502008],[-80.72153927509862,-0.9896085016582815],[-80.72202755082566,-0.9903898689798324],[-80.72192155521738,-0.9904598825609838],[-80.72264989069772,-0.99145051609284],[-80.72283754289865,-0.9919440836227835],[-80.72286149332024,-0.9920070784416879],[-80.72291866518003,-0.9922313465681469],[-80.723055243314,-0.9927671067517849],[-80.72306234689783,-0.9931297581358933],[-80.72318456050449,-0.9938484881918725],[-80.72319837875895,-0.9939225459551578],[-80.72321244856512,-0.9939979499601465],[-80.7232142229006,-0.9940074586961174],[-80.72322908239853,-0.9940870950387223],[-80.72328796068987,-0.9944026475555887],[-80.7232914433575,-0.994415569936848],[-80.72337437955404,-0.9947232661043444],[-80.72338025588266,-0.9947450666855815],[-80.7236481769724,-0.9957390595634904],[-80.7236920230242,-0.9959017288521183],[-80.72413331878639,-0.9953853774051709],[-80.72415403811765,-0.9953611336097481],[-80.7240476640464,-0.9950296196666671],[-80.72469770081356,-0.9946039818334924],[-80.72480728996541,-0.9945122417569081],[-80.7248341181751,-0.9944897801280774],[-80.72481116103283,-0.9943996854165532],[-80.72470444488259,-0.9939808785985491],[-80.72465857367182,-0.9939715045840103],[-80.72452653012326,-0.9933655612567945],[-80.72436033326295,-0.9927691906066655],[-80.72406922983359,-0.9917246103286743],[-80.7239564381862,-0.9914854949464029],[-80.72385529278925,-0.9911145415343583],[-80.7237984349973,-0.9909060140642083],[-80.7236615766991,-0.9903112083496382],[-80.72363244123117,-0.9901055417749803],[-80.72359313392741,-0.9899233354963712],[-80.7235854276112,-0.9898910925074205],[-80.72355177031916,-0.9897502648887837],[-80.72356603920394,-0.9897445211260846],[-80.72350327554753,-0.9895350636775647],[-80.72349446166213,-0.9895058595438826],[-80.72341186147949,-0.9892321781161684],[-80.7234075843779,-0.9892180053490023],[-80.72331849188048,-0.9889046578245341],[-80.72317927086148,-0.9884166819432068],[-80.72306744084055,-0.9880247152324699],[-80.72282541759523,-0.9872399506520821],[-80.72265067570237,-0.9866821954281733],[-80.72256151813383,-0.9864392232118462],[-80.72250505928213,-0.9861902699354061],[-80.72244749330598,-0.9860751485834953],[-80.72228954612613,-0.9857860129919658],[-80.72222871846647,-0.985729661144873],[-80.72219010285254,-0.9856938871632508],[-80.72196682127263,-0.9854870363113973],[-80.7218887021147,-0.9854146658816489],[-80.7218722931045,-0.98545156873881],[-80.72174962260915,-0.9856287792170662],[-80.72167924220165,-0.9857174691309751],[-80.72157224443902,-0.9858217125856612],[-80.72150464761634,-0.9858776854131008],[-80.72141697841211,-0.9859284001370554],[-80.7213774103705,-0.9859540509858533]]]}},{"type":"Feature","properties":{"name":"Nueva Esperanza","clave_catastral":"05","clave_parroquia":"05","descripcion":"Nueva Esperanza","layer":"barrios"},"geometry":{"type":"Polygon","coordinates":[[[-80.71001282190274,-0.9866858371191826],[-80.709936351703,-0.9867662660848282],[-80.70969184192276,-0.9869798139196888],[-80.70927441410483,-0.9872820567264284],[-80.70952056398168,-0.9873303350786387],[-80.70958024127508,-0.9873619149484086],[-80.70961304534755,-0.9873846262286179],[-80.7096527689152,-0.9874215421735215],[-80.7097154939994,-0.987484539511769],[-80.70976052977957,-0.9875694945857846],[-80.70992208702778,-0.9879057513782215],[-80.7099767910971,-0.9879947013863557],[-80.71003082186509,-0.9880659787539372],[-80.7100561172722,-0.9881052905925856],[-80.71073192398225,-0.9888894715411851],[-80.71077623095437,-0.9889319971290291],[-80.7108040638574,-0.9889541470436284],[-80.71081397779572,-0.988962037045809],[-80.71084372641612,-0.9889797721088911],[-80.7108867180153,-0.9889961829223495],[-80.71038058999773,-0.9894383560542508],[-80.7103932765277,-0.9895728650688937],[-80.71039329120947,-0.9895901216428343],[-80.71040908052876,-0.9895985993241254],[-80.71042540370826,-0.9896073647522741],[-80.71055619475712,-0.9896384948889931],[-80.71067509501009,-0.9896768047165665],[-80.71083917534487,-0.9897534187976901],[-80.71099849946538,-0.9898276385743116],[-80.71104367789016,-0.9898850920713187],[-80.71105317396416,-0.9899752063444254],[-80.71105827853087,-0.990023641725827],[-80.71104841567195,-0.9901005282419248],[-80.71110785399968,-0.9902561266995917],[-80.71127230525475,-0.9905649753486472],[-80.71134230999061,-0.9906566383763504],[-80.71178276941673,-0.9912333644763862],[-80.7121120512294,-0.9917195333705706],[-80.71284387036918,-0.9913152237861311],[-80.71393750533908,-0.9907253402359544],[-80.71402689851355,-0.990676090668444],[-80.71442589779473,-0.9904562690359741],[-80.71429386213863,-0.9902532480590338],[-80.71429322887873,-0.9900281859951292],[-80.71411232470602,-0.9895529222889081],[-80.71401489963387,-0.989469073682642],[-80.7140167400343,-0.9893995101274697],[-80.71401675427498,-0.9892331805631899],[-80.71399443848706,-0.9888396374490185],[-80.71386368925945,-0.9887394549030404],[-80.71383056994695,-0.9885978863887316],[-80.71382140545661,-0.988371132675212],[-80.71398028764007,-0.9880960336732586],[-80.71415172212524,-0.9878975508255934],[-80.71441314827425,-0.9877128934954129],[-80.71443262429615,-0.9875021783632008],[-80.7143736641039,-0.9873660449670609],[-80.71422571918681,-0.9871073861466328],[-80.71423965225351,-0.9869397061329153],[-80.71416181018195,-0.9866665209024745],[-80.71393978049676,-0.9861103004788703],[-80.71387280423667,-0.9857184127553182],[-80.71383676794663,-0.985507558027777],[-80.71381446903604,-0.9852312925210923],[-80.71380021209558,-0.9850972420362609],[-80.7138025990894,-0.9849943116474407],[-80.71387368621095,-0.9848409609651156],[-80.71391729746563,-0.9846417477841668],[-80.71407831432516,-0.9837929902442113],[-80.71393715673814,-0.9833181887361491],[-80.71391666253304,-0.9831056209135909],[-80.71391651077347,-0.9831040141224889],[-80.71389992765003,-0.9829286811847027],[-80.71380619641508,-0.98277515885367],[-80.71380620440131,-0.9826813242858919],[-80.71381001714784,-0.9825855756641886],[-80.71383745248318,-0.9824949054478793],[-80.71383096228114,-0.9823787581803884],[-80.71380623715302,-0.9822964122953408],[-80.71376060802581,-0.9822226766128495],[-80.71366736755076,-0.9821853308895072],[-80.71365595807418,-0.9821240497818309],[-80.71365687672211,-0.9820522016134845],[-80.71389878507658,-0.9815988656024642],[-80.71387320024797,-0.9815858367744283],[-80.71378758811984,-0.9816088092214557],[-80.71378359381069,-0.9816095905531483],[-80.71371909884031,-0.9816222085177628],[-80.71362207202137,-0.9816451799763543],[-80.71352124247646,-0.9816355966603537],[-80.7134755868142,-0.9815992077068927],[-80.71341281417207,-0.98150345334534],[-80.71336906696621,-0.9814000394783875],[-80.71325112192123,-0.9813138549802716],[-80.7131502920641,-0.9813081013245152],[-80.71306277842157,-0.981327243921143],[-80.71304845213989,-0.9813319191679142],[-80.71299238558586,-0.9813502176619835],[-80.712933410703,-0.9813348920860534],[-80.71289346125369,-0.9813119088163376],[-80.71282117187626,-0.9812621132652737],[-80.71276409958065,-0.981248703137851],[-80.7125300997926,-0.9812333633304888],[-80.71252217234608,-0.9812343107885368],[-80.71233794999382,-0.981256326524047],[-80.71223422716383,-0.9812793833110902],[-80.71217433576794,-0.9812926973720124],[-80.71196316192612,-0.9813175732761864],[-80.71178053160696,-0.9812524485662522],[-80.71164737537435,-0.9810724281542207],[-80.71158999106413,-0.980997746011326],[-80.71149139175223,-0.9808694250395292],[-80.71126502311603,-0.9806089671785969],[-80.7112424531709,-0.9805813315385876],[-80.71112425618736,-0.9804366063401629],[-80.71106418025089,-0.9803486309519654],[-80.71101963442521,-0.9802833978823173],[-80.71091120856966,-0.9801244441396904],[-80.71079516984385,-0.9799980450755896],[-80.7106239567762,-0.9799041956490271],[-80.71049542483094,-0.979893033833406],[-80.71049673945106,-0.9798967052897042],[-80.71051797285718,-0.9799560095326285],[-80.71069861248061,-0.9804791643360034],[-80.71069894495163,-0.9804801278886401],[-80.71074420647209,-0.9806365655553719],[-80.71082205179529,-0.9808893412392479],[-80.71087015209264,-0.9810623056217196],[-80.71089140068727,-0.9811541823976883],[-80.71091812939514,-0.9812755516190776],[-80.71096094646542,-0.9815022584544977],[-80.71096949813449,-0.981558777781629],[-80.71103694926241,-0.982058798185534],[-80.71105375331653,-0.9822135297986279],[-80.71106932423584,-0.9824832246143842],[-80.71107122595137,-0.9825161691492639],[-80.71107808051696,-0.9829931764209904],[-80.71106420547372,-0.9834572679537104],[-80.71102998142186,-0.9838200248697291],[-80.71100772926962,-0.9839847040622374],[-80.71085807563284,-0.9849839628050603],[-80.71077669176424,-0.9853460714253259],[-80.71075358658675,-0.9854276748872337],[-80.71072781249768,-0.98550334226654],[-80.71069244677011,-0.985606704910623],[-80.71066358925707,-0.985678355979843],[-80.71063401302631,-0.9857462976455622],[-80.71052501586188,-0.9859781933309222],[-80.7104980048901,-0.9860345295077478],[-80.71036155016091,-0.986248391767063],[-80.71031219982937,-0.986323117072061],[-80.7102309387733,-0.9864380994873301],[-80.71015039688206,-0.9865411396970954],[-80.71001282190274,-0.9866858371191826]]]}},{"type":"Feature","properties":{"name":"Santa Catalina","clave_catastral":"04","clave_parroquia":"04","descripcion":"Santa Catalina","layer":"barrios"},"geometry":{"type":"Polygon","coordinates":[[[-80.71631542536214,-0.9881263288125269],[-80.71631969145005,-0.9881534001365253],[-80.71632800708151,-0.9882491498195519],[-80.71632085639078,-0.9884382541634267],[-80.71631014302973,-0.988583074992647],[-80.71628040443217,-0.9887326810454339],[-80.71624711712877,-0.9888746726892634],[-80.71620547347989,-0.9889876068008333],[-80.7161388751152,-0.9891384066181104],[-80.71608060326282,-0.9892461199789722],[-80.71602352193865,-0.9893370771678037],[-80.71595098108592,-0.9894411984711979],[-80.71586774045991,-0.9895405310844154],[-80.71575715132354,-0.9896494368649086],[-80.7156239695136,-0.9897643244910626],[-80.71608971010947,-0.99024745845513],[-80.71830775917421,-0.9922538485324425],[-80.71859126407969,-0.9925960768453025],[-80.71870898723178,-0.9927358133062114],[-80.72013463701788,-0.9918002017666367],[-80.7202821938236,-0.9917032039604123],[-80.71983977933155,-0.991007777792916],[-80.71965171452482,-0.9906492574151714],[-80.71946960153102,-0.9903020836097056],[-80.71924206255359,-0.9898683099712997],[-80.71885332777754,-0.9891272379347527],[-80.71881780813358,-0.989053541125628],[-80.71855459202757,-0.9885074120787749],[-80.71807620846181,-0.987514844407059],[-80.71805168990522,-0.9875289459574503],[-80.71631542536214,-0.9881263288125269]]]}},{"type":"Feature","properties":{"name":"Villanueva del Bosque","clave_catastral":"04","clave_parroquia":"04","descripcion":"Villanueva del Bosque","layer":"barrios"},"geometry":{"type":"Polygon","coordinates":[[[-80.72273180189391,-0.9984643707319093],[-80.72351057445272,-0.9978403234096191],[-80.7234981963219,-0.9978063809614639],[-80.72353496308598,-0.9977792479592154],[-80.72386577405264,-0.997535114235248],[-80.7238943073875,-0.9975123200607073],[-80.72392562798136,-0.9974899385751002],[-80.72402334238129,-0.9974083177327203],[-80.72405976691068,-0.997378591771195],[-80.72419379569307,-0.9972730704295998],[-80.72414778802269,-0.9972073396863125],[-80.72410782213694,-0.9971301765303479],[-80.72399849879623,-0.9968023381953656],[-80.72379079485614,-0.9962999343569692],[-80.72374658668043,-0.9961145106875904],[-80.7236920230242,-0.9959017288521183],[-80.7236481769724,-0.9957390595634904],[-80.72338025588266,-0.9947450666855815],[-80.72337437955404,-0.9947232661043444],[-80.7232914433575,-0.994415569936848],[-80.72328796068987,-0.9944026475555887],[-80.72322908239853,-0.9940870950387223],[-80.7232142229006,-0.9940074586961174],[-80.72321244856512,-0.9939979499601465],[-80.72319837875895,-0.9939225459551578],[-80.72318456050449,-0.9938484881918725],[-80.72306234689783,-0.9931297581358933],[-80.723055243314,-0.9927671067517849],[-80.72291866518003,-0.9922313465681469],[-80.72286149332024,-0.9920070784416879],[-80.72283754289865,-0.9919440836227835],[-80.72264989069772,-0.99145051609284],[-80.72192155521738,-0.9904598825609838],[-80.72101237548377,-0.9911506798810592],[-80.7203735431395,-0.9916360655677751],[-80.72034253864024,-0.9916631194223413],[-80.7202821938236,-0.9917032039604123],[-80.72013463701788,-0.9918002017666367],[-80.7203271151801,-0.9922744540243116],[-80.72041817332821,-0.9924988145975817],[-80.72069795262506,-0.9931881718521396],[-80.72073249632632,-0.9932822518732678],[-80.72091023529076,-0.9937663263132919],[-80.72093080857563,-0.9938223581432767],[-80.72106837913198,-0.9941272697059276],[-80.72107018358356,-0.9941312696169576],[-80.72124842314331,-0.9945094079773042],[-80.72134813159461,-0.9947209403929378],[-80.72162130071966,-0.9953004734013291],[-80.7219005045927,-0.9959618644802646],[-80.72209829663919,-0.996536975581904],[-80.72248630264318,-0.9976879173878928],[-80.72273180189391,-0.9984643707319093]]]}},{"type":"Feature","properties":{"name":"noname","clave_catastral":"04","clave_parroquia":"04","descripcion":"noname","layer":"barrios"},"geometry":{"type":"Polygon","coordinates":[[[-80.71807620846181,-0.987514844407059],[-80.71855459202757,-0.9885074120787749],[-80.71881780813358,-0.989053541125628],[-80.71885332777754,-0.9891272379347527],[-80.71924206255359,-0.9898683099712997],[-80.71946960153102,-0.9903020836097056],[-80.71965171452482,-0.9906492574151714],[-80.71983977933155,-0.991007777792916],[-80.7202821938236,-0.9917032039604123],[-80.72034253864024,-0.9916631194223413],[-80.7203735431395,-0.9916360655677751],[-80.72101237548377,-0.9911506798810592],[-80.72192155521738,-0.9904598825609838],[-80.72202755082566,-0.9903898689798324],[-80.72153927509862,-0.9896085016582815],[-80.7210946770755,-0.9888966727502008],[-80.72057993132307,-0.9880712876634306],[-80.7201897521626,-0.9874457571413728],[-80.7198722191352,-0.9869396889943544],[-80.71982808362905,-0.9868550606647091],[-80.71979249520525,-0.9867868229271437],[-80.71974121329534,-0.9867997813755238],[-80.71909925155687,-0.9854065719346039],[-80.71906172368881,-0.9854762175398548],[-80.71897082195169,-0.9855645473662377],[-80.71846041021034,-0.9860387131638646],[-80.71878901216921,-0.9866729766853695],[-80.71889288625913,-0.9868894203864329],[-80.71816214501871,-0.9874353661046911],[-80.71807620846181,-0.987514844407059]]]}},{"type":"Feature","properties":{"name":"noname","clave_catastral":"04","clave_parroquia":"04","descripcion":"noname","layer":"barrios"},"geometry":{"type":"Polygon","coordinates":[[[-80.71536373137218,-0.9849087577114801],[-80.71540003585066,-0.9850425993038526],[-80.71556130467056,-0.985596824082677],[-80.71577992164153,-0.9862940661068791],[-80.71579548098192,-0.9863436902932108],[-80.71589948453651,-0.986668871884902],[-80.71593931670155,-0.9867934123845146],[-80.7164551953495,-0.9866310589808762],[-80.71698548950896,-0.986503569102922],[-80.7169773945858,-0.986444070563593],[-80.71701807792829,-0.9861326340677862],[-80.71703763553691,-0.9860603886142201],[-80.71712922135205,-0.9860035159488234],[-80.71719442208877,-0.9859883558496422],[-80.7172020982723,-0.9859762607094212],[-80.71720441479583,-0.9859569040937117],[-80.71720102549823,-0.9858596416754608],[-80.7171913687251,-0.9858267172676278],[-80.71719528255278,-0.9858069766237493],[-80.71719706488467,-0.9857836172185586],[-80.71719508037125,-0.9857594900423265],[-80.7171886140713,-0.9857414344602802],[-80.71717066591893,-0.9857179030803566],[-80.71715642269999,-0.9856969584974706],[-80.71714175543143,-0.9856837507807369],[-80.7171191971083,-0.9856750549491977],[-80.71709009689123,-0.9856655002689649],[-80.71708210502956,-0.9856532761831857],[-80.71707529996361,-0.9856295235681642],[-80.71707678705589,-0.9856156480545053],[-80.7170900411975,-0.9855852424636707],[-80.71713420097419,-0.9855224099545835],[-80.71715598572847,-0.9855031053358374],[-80.71716961268712,-0.9854950703572457],[-80.71719322344138,-0.9854710909171729],[-80.7171975571113,-0.9854574984590131],[-80.71719719889634,-0.9854425239274889],[-80.71719053710132,-0.9854244107592081],[-80.71718853370668,-0.9854050207238032],[-80.71719429782567,-0.9853917641743807],[-80.71721100454778,-0.9853728437259264],[-80.71721442293699,-0.9853641516294687],[-80.71721430239715,-0.9853311308401089],[-80.71723036365017,-0.9852684386671057],[-80.71721360158428,-0.9852158604592631],[-80.71718657964945,-0.9851909807833579],[-80.71717884961376,-0.9851683656960688],[-80.71721406041476,-0.9851250724540676],[-80.71721951341239,-0.9850823707756291],[-80.71721093877424,-0.9850438260694716],[-80.71723698226461,-0.9849560615008386],[-80.7172430359596,-0.984884493671359],[-80.71719345634804,-0.9847926843770551],[-80.71718387959268,-0.9847412611636203],[-80.7171585243719,-0.984665573130016],[-80.7170756084109,-0.9846796046468284],[-80.71665890278737,-0.9846764893674873],[-80.71571717422138,-0.9848391827289618],[-80.71536373137218,-0.9849087577114801]]]}},{"type":"Feature","properties":{"name":"noname","clave_catastral":"05","clave_parroquia":"05","descripcion":"noname","layer":"barrios"},"geometry":{"type":"Polygon","coordinates":[[[-80.71387320024797,-0.9815858367744283],[-80.71389878507658,-0.9815988656024642],[-80.71365687672211,-0.9820522016134845],[-80.71365595807418,-0.9821240497818309],[-80.71366736755076,-0.9821853308895072],[-80.71376060802581,-0.9822226766128495],[-80.71380623715302,-0.9822964122953408],[-80.71383096228114,-0.9823787581803884],[-80.71383745248318,-0.9824949054478793],[-80.71381001714784,-0.9825855756641886],[-80.71380620440131,-0.9826813242858919],[-80.71380619641508,-0.98277515885367],[-80.71389992765003,-0.9829286811847027],[-80.71391651077347,-0.9831040141224889],[-80.71391666253304,-0.9831056209135909],[-80.71393715673814,-0.9833181887361491],[-80.71407831432516,-0.9837929902442113],[-80.71391729746563,-0.9846417477841668],[-80.71387368621095,-0.9848409609651156],[-80.7138025990894,-0.9849943116474407],[-80.71380021209558,-0.9850972420362609],[-80.71381446903604,-0.9852312925210923],[-80.71383676794663,-0.985507558027777],[-80.71387280423667,-0.9857184127553182],[-80.71393978049676,-0.9861103004788703],[-80.71416181018195,-0.9866665209024745],[-80.71423965225351,-0.9869397061329153],[-80.71422571918681,-0.9871073861466328],[-80.7143736641039,-0.9873660449670609],[-80.71443262429615,-0.9875021783632008],[-80.71441314827425,-0.9877128934954129],[-80.71415172212524,-0.9878975508255934],[-80.71398028764007,-0.9880960336732586],[-80.71382140545661,-0.988371132675212],[-80.71383056994695,-0.9885978863887316],[-80.71386368925945,-0.9887394549030404],[-80.71399443848706,-0.9888396374490185],[-80.71401675427498,-0.9892331805631899],[-80.7140167400343,-0.9893995101274697],[-80.71401489963387,-0.989469073682642],[-80.71411232470602,-0.9895529222889081],[-80.71429322887873,-0.9900281859951292],[-80.71429386213863,-0.9902532480590338],[-80.71442589779473,-0.9904562690359741],[-80.71513881751059,-0.9900634997747346],[-80.71538733779674,-0.9899234872831072],[-80.7155086257652,-0.9898516858119137],[-80.7156239695136,-0.9897643244910626],[-80.71575715132354,-0.9896494368649086],[-80.71586774045991,-0.9895405310844154],[-80.71595098108592,-0.9894411984711979],[-80.71602352193865,-0.9893370771678037],[-80.71608060326282,-0.9892461199789722],[-80.7161388751152,-0.9891384066181104],[-80.71620547347989,-0.9889876068008333],[-80.71624711712877,-0.9888746726892634],[-80.71628040443217,-0.9887326810454339],[-80.71631014302973,-0.988583074992647],[-80.71632085639078,-0.9884382541634267],[-80.71632800708151,-0.9882491498195519],[-80.71631969145005,-0.9881534001365253],[-80.71631542536214,-0.9881263288125269],[-80.71629592388655,-0.9880025925415481],[-80.71626145465972,-0.987848193203348],[-80.71619132140252,-0.98761719198842],[-80.7160213379542,-0.9870498616064508],[-80.71593931670155,-0.9867934123845146],[-80.71589948453651,-0.986668871884902],[-80.71579548098192,-0.9863436902932108],[-80.71577992164153,-0.9862940661068791],[-80.71556130467056,-0.985596824082677],[-80.71540003585066,-0.9850425993038526],[-80.71536373137218,-0.9849087577114801],[-80.7153425875294,-0.9848308099619344],[-80.71532357734648,-0.9846584587488536],[-80.71532318144435,-0.9845363951410206],[-80.71533383394049,-0.9842929365898384],[-80.7153942821294,-0.9840206697772941],[-80.71546942539631,-0.9838039077334172],[-80.71554720175838,-0.9836444914276825],[-80.71560458171994,-0.9835491825540004],[-80.71558033689621,-0.9835364918119467],[-80.71540277305883,-0.9834158315989185],[-80.71527583178911,-0.9833303095235664],[-80.71519239512935,-0.9832633270319774],[-80.71513897850738,-0.983086980349043],[-80.71509848653916,-0.9829533021557636],[-80.71505804211085,-0.9828632033012639],[-80.71496188852771,-0.9827418986723303],[-80.71484101966114,-0.9826550969371084],[-80.71484057837972,-0.9826547802480832],[-80.71478778099298,-0.9826168644327425],[-80.71461698398409,-0.9824782859480479],[-80.71447811628991,-0.982344224744395],[-80.71438680898758,-0.9822235728269106],[-80.71428218636478,-0.9820780246549532],[-80.71420419480334,-0.9819669485058853],[-80.71413043734206,-0.9817832772942127],[-80.71410148584084,-0.9816930961941068],[-80.71404441775633,-0.9816298967745922],[-80.71400446796727,-0.9816107431835661],[-80.71395500631411,-0.981580098862878],[-80.71387320024797,-0.9815858367744283]]]}},{"type":"Feature","properties":{"name":"Cristo del Consuelo","clave_catastral":"04","clave_parroquia":"04","descripcion":"Cristo del Consuelo","layer":"barrios"},"geometry":{"type":"Polygon","coordinates":[[[-80.7213774103705,-0.9859540509858533],[-80.72141697841211,-0.9859284001370554],[-80.72150464761634,-0.9858776854131008],[-80.72157224443902,-0.9858217125856612],[-80.72167924220165,-0.9857174691309751],[-80.72174962260915,-0.9856287792170662],[-80.7218722931045,-0.98545156873881],[-80.7218887021147,-0.9854146658816489],[-80.72196682127263,-0.9854870363113973],[-80.72219010285254,-0.9856938871632508],[-80.72222871846647,-0.985729661144873],[-80.72228954612613,-0.9857860129919658],[-80.72244749330598,-0.9860751485834953],[-80.72412112658225,-0.9855482289768815],[-80.72411913776155,-0.9855346842759758],[-80.72411431752184,-0.9855018507484915],[-80.72411068392732,-0.9854770964528399],[-80.72425311425934,-0.9853693111566741],[-80.72420481032371,-0.9853356199522664],[-80.72388647405025,-0.9851901310248508],[-80.72377041968141,-0.9851355876499923],[-80.72357353431404,-0.9850430565542609],[-80.7234706764704,-0.984994715211144],[-80.72334964208191,-0.9849378318084661],[-80.72324819439584,-0.9849883020758199],[-80.72312106930598,-0.9849370563598114],[-80.72281126503813,-0.9848069808424924],[-80.72250352436491,-0.9846777721956528],[-80.72249168854856,-0.984672596217024],[-80.72217292653602,-0.9845365786202507],[-80.72148231474276,-0.9841946412919214],[-80.72138927840398,-0.9843269050415273],[-80.72137306311313,-0.9843499577001751],[-80.72123823396569,-0.9845867264174473],[-80.72129032156369,-0.9848178364686504],[-80.72120158754899,-0.9852226549796512],[-80.72115065970003,-0.9856690366934656],[-80.7213774103705,-0.9859540509858533]]]}},{"type":"Feature","properties":{"name":"Urb Mar Azul","clave_catastral":"02","clave_parroquia":"02","descripcion":"Urb Mar Azul","layer":"barrios"},"geometry":{"type":"Polygon","coordinates":[[[-80.75877791663198,-0.9712128667669759],[-80.75976477367011,-0.9717874360954539],[-80.76050801185959,-0.9704828980953691],[-80.75950926396578,-0.9699202967445473],[-80.75877791663198,-0.9712128667669759]]]}},{"type":"Feature","properties":{"name":"San Antonio 2","clave_catastral":"04","clave_parroquia":"04","descripcion":"San Antonio 2","layer":"barrios"},"geometry":{"type":"Polygon","coordinates":[[[-80.73600692322502,-0.9621415482355501],[-80.73523920361914,-0.9624588321498067],[-80.73441539079703,-0.9628982304266884],[-80.73455982285515,-0.9630619289446969],[-80.73526597996762,-0.9638622788184961],[-80.73524847758468,-0.9638767348600084],[-80.7352205953326,-0.9639109274405513],[-80.73522014047799,-0.9639117841739449],[-80.73519987607555,-0.9639499391151105],[-80.7351884989542,-0.9639876831045058],[-80.73518711625856,-0.9639922708267221],[-80.73518648121069,-0.9639987576127709],[-80.73518471549008,-0.9640167894304597],[-80.73518280495021,-0.9640362941194525],[-80.73518710945665,-0.9640803180865873],[-80.73519729913923,-0.9641141381879663],[-80.73519986363249,-0.9641226508904879],[-80.73522057686358,-0.9641616658078789],[-80.73523673470486,-0.9641814867534322],[-80.73366939444401,-0.965474336478195],[-80.73357155509665,-0.9655728056110461],[-80.73344869334093,-0.9656964582380283],[-80.73329555448318,-0.9658911435629706],[-80.73318789816477,-0.9661092501227984],[-80.73312584234442,-0.9662658366809893],[-80.73312336814195,-0.9662751550901446],[-80.73306372835196,-0.9664997251291396],[-80.7330371704466,-0.966700527198114],[-80.7330290694418,-0.966921628095207],[-80.73305157237432,-0.9671993469138158],[-80.73328473571323,-0.969199950553147],[-80.73354328850822,-0.9693006443781229],[-80.73355019911519,-0.9693033355594595],[-80.7341272460811,-0.9695280681617078],[-80.73475264044895,-0.9697716298924632],[-80.73489290035988,-0.9698797603033427],[-80.73508883986668,-0.9700308149691494],[-80.73526158851502,-0.9698723959853339],[-80.7353059030761,-0.9698547683088918],[-80.73535822917313,-0.9698294900531579],[-80.73544101183664,-0.9697801893777722],[-80.73547456566942,-0.969755839694045],[-80.73566658071586,-0.969552327377599],[-80.73687146979574,-0.9682650526009696],[-80.73765191543998,-0.9688639161621921],[-80.73841322751984,-0.9683342516243413],[-80.73878064843079,-0.9680786408414264],[-80.7394433859535,-0.967712767559135],[-80.73978534154607,-0.9675239862795451],[-80.7398024305503,-0.9675145517647508],[-80.73986594866622,-0.9674794857349552],[-80.74153130414223,-0.9665601012454488],[-80.7414681137927,-0.9665104155416202],[-80.7413682362843,-0.9664996362975559],[-80.74126478970362,-0.9665121949213642],[-80.74116134312298,-0.9665247544465245],[-80.74103233227743,-0.96653610692006],[-80.7408759736894,-0.9665498665564201],[-80.74060487340655,-0.9665642081481708],[-80.74045861869921,-0.9666180566596977],[-80.74031593129634,-0.9666719045334276],[-80.74019464702963,-0.9667113916273564],[-80.74006830241633,-0.9667172978556948],[-80.74004126214723,-0.9667185614746785],[-80.73996774332579,-0.9667105553752293],[-80.73990928095247,-0.9667041888818488],[-80.7397808675354,-0.966671863307667],[-80.73964175563837,-0.9666179937256912],[-80.73947410423666,-0.9665897345412161],[-80.73935996380159,-0.9665083380768351],[-80.73927911590614,-0.9664221573121807],[-80.73926010082748,-0.9663072564844272],[-80.73930766533805,-0.9662545973491774],[-80.73934096351216,-0.966187575595967],[-80.73932670065696,-0.9661157623949634],[-80.73927915677855,-0.9658859591005324],[-80.73926014935869,-0.96567052133463],[-80.73926710660278,-0.9656273540920067],[-80.73928869950457,-0.9654933867245887],[-80.73939335132017,-0.9652683829490343],[-80.7395217811736,-0.9650721058394538],[-80.73959313553434,-0.9649045491647996],[-80.73960266055322,-0.9647322008543568],[-80.73956937677148,-0.9646220857981405],[-80.73948852999322,-0.9645215426281055],[-80.739269761882,-0.9643491767265006],[-80.738851240437,-0.9641241325927011],[-80.73838990660013,-0.9640091975943932],[-80.73790002649285,-0.9640091596782696],[-80.73763844550565,-0.9639421141819042],[-80.73743869843817,-0.9638080491512824],[-80.73741636608831,-0.9637855660500492],[-80.73736736235846,-0.9637362315261129],[-80.73735309990987,-0.9636596305557106],[-80.73738640284375,-0.9635303713788801],[-80.73741936960802,-0.9634483086634732],[-80.73761830733882,-0.9629530988618598],[-80.73770155912086,-0.9627017625370513],[-80.73768967634314,-0.9625940430271243],[-80.73763617771762,-0.9624982897312151],[-80.73746806305968,-0.9623238543242394],[-80.73728543161091,-0.962134356431875],[-80.73698499894155,-0.9619942418872965],[-80.73681584172333,-0.9619153508160565],[-80.73668665177912,-0.961944266467654],[-80.7365305219082,-0.9619792117830883],[-80.73624520118989,-0.9620430727230628],[-80.73600692322502,-0.9621415482355501]]]}},{"type":"Feature","properties":{"name":"Manta Azul","clave_catastral":"02","clave_parroquia":"02","descripcion":"Manta Azul","layer":"barrios"},"geometry":{"type":"Polygon","coordinates":[[[-80.76748934844841,-0.9611702380368286],[-80.7674684902647,-0.9610623847793675],[-80.76720740209356,-0.9607248488365486],[-80.7671762026651,-0.9606928874170109],[-80.766729446299,-0.9602250018559033],[-80.76668521713319,-0.9601790389774294],[-80.76665779100047,-0.9601580538930534],[-80.76663646195266,-0.9603671778440201],[-80.76657698648732,-0.960825764298022],[-80.76638377460871,-0.960735985468375],[-80.76612257607876,-0.9605563947942812],[-80.76611861598315,-0.9608077794581787],[-80.76611145474928,-0.9612123223483166],[-80.76608528561069,-0.9613559450390027],[-80.76604600482807,-0.9613906541727175],[-80.76600656729121,-0.9614255018156683],[-80.76552305033104,-0.9622631362051379],[-80.76520202155886,-0.9621266702680061],[-80.76490665631994,-0.9622752059131158],[-80.76485431793493,-0.9625751381488783],[-80.7647882599389,-0.9626844084965711],[-80.76425613078122,-0.9632409170267379],[-80.76424169483343,-0.9632602417689212],[-80.76416011038518,-0.9633268461773953],[-80.76372846541884,-0.9637110122130395],[-80.76373333002094,-0.9637192310387661],[-80.7636582999306,-0.9638977191213343],[-80.76350133723626,-0.9640556959708704],[-80.76330301918915,-0.9643055452409045],[-80.76322896792965,-0.964391753638168],[-80.76301904589548,-0.9646361411726048],[-80.76234696097904,-0.9654185699682927],[-80.76178330731905,-0.966172559968868],[-80.7617522840223,-0.9662317446217656],[-80.76187145403566,-0.9662729024528574],[-80.76207895806479,-0.9663578984284413],[-80.76211892718706,-0.966387249488406],[-80.76216557355782,-0.9664409000137226],[-80.76236347367829,-0.9666856038798528],[-80.76247701778985,-0.9668227268607268],[-80.76254776132976,-0.9669081619277478],[-80.76263606770917,-0.9670137382236845],[-80.76272891778548,-0.9671151802634342],[-80.76282238064334,-0.9672065772279836],[-80.76289059089962,-0.9672732798655375],[-80.76320908401283,-0.967584732549824],[-80.76329017297137,-0.9676663829834241],[-80.76346988245994,-0.967847335280581],[-80.76348232622422,-0.9678609522053989],[-80.76366802465752,-0.9680641619593615],[-80.76381436996778,-0.9682201008935891],[-80.76388458131807,-0.9682949144849005],[-80.76394015122747,-0.9683578923932714],[-80.76412288701813,-0.9685649886089465],[-80.76442660763642,-0.9688784242515425],[-80.76471738748467,-0.9691785043870027],[-80.7647925934913,-0.9692531120415424],[-80.76484047200788,-0.9692963592471813],[-80.76484283569108,-0.969298495458915],[-80.76488765827239,-0.9692379691303329],[-80.76514331925083,-0.9689686913131936],[-80.76521431067266,-0.9687713571811258],[-80.76619568728199,-0.9678975629216353],[-80.76624742578282,-0.9676701603134177],[-80.76732237292438,-0.9667653985201667],[-80.76728908630129,-0.9666696468574828],[-80.76717969754819,-0.9666313388405285],[-80.76717019506262,-0.966492500563689],[-80.76714417725219,-0.9664455061966066],[-80.76700850658688,-0.966200452619205],[-80.76705728367779,-0.9659159988870272],[-80.7672836754793,-0.9653529044624065],[-80.7675937942176,-0.9646116747954636],[-80.76737610751421,-0.9645151369200278],[-80.76784510232069,-0.9634578050536503],[-80.76797332877142,-0.9633903605363798],[-80.76814240843434,-0.9628122217035582],[-80.76827094202558,-0.9624284124137006],[-80.76842111977004,-0.9618793934197072],[-80.76858828580255,-0.9614885744756378],[-80.76775063328809,-0.9612450311490334],[-80.76748934844841,-0.9611702380368286]]]}},{"type":"Feature","properties":{"name":"Nueva Comunidad Rio Manta","clave_catastral":"04","clave_parroquia":"04","descripcion":"Nueva Comunidad Rio Manta","layer":"barrios"},"geometry":{"type":"Polygon","coordinates":[[[-80.73441539079703,-0.9628982304266884],[-80.73426442360773,-0.9629787521488281],[-80.73410844005214,-0.963061948722455],[-80.73395550172063,-0.9631435224601005],[-80.73363624668163,-0.9631542689462833],[-80.73331699164893,-0.9631650154018274],[-80.73311214650701,-0.9630477449755404],[-80.73301867909713,-0.9629942370549286],[-80.7327712520589,-0.9628525892250508],[-80.73268906179364,-0.9626836427706992],[-80.73264285785487,-0.962588668972927],[-80.73253871994449,-0.9623746105980899],[-80.73251446366622,-0.9623247496258074],[-80.73246942608424,-0.9621526178749066],[-80.73242596896347,-0.9621832256081574],[-80.73233010794617,-0.962270199521555],[-80.7322490609435,-0.9623437331930377],[-80.73218062657757,-0.9624645312764102],[-80.73211231660072,-0.9625461405648821],[-80.73202642912585,-0.9626487487946918],[-80.73197597802755,-0.9627660253171513],[-80.73194043758942,-0.9628062933500843],[-80.73189522170873,-0.9628575230947689],[-80.73175839204343,-0.9630125530224802],[-80.73174668515325,-0.963025817082638],[-80.73154122849631,-0.9632586012372002],[-80.73150798645999,-0.9632962656641126],[-80.73136418511668,-0.9634591941124739],[-80.7313174141717,-0.9635121852084579],[-80.73127470148218,-0.9634591870100594],[-80.73113238906852,-0.9632826017456892],[-80.73047650260614,-0.9639009375140546],[-80.73006598428304,-0.9642775219918177],[-80.72968449951459,-0.9641643320278064],[-80.72935934812052,-0.9640421355372696],[-80.72922127346901,-0.9639811509764799],[-80.72965519262964,-0.9646086750191643],[-80.72968319601601,-0.964682395649973],[-80.72969150591427,-0.9647042717443384],[-80.72968121780393,-0.9648093963164683],[-80.7295131251632,-0.9651293514899635],[-80.72947156660314,-0.9652084559286039],[-80.72941428234516,-0.9652529981429866],[-80.72932471643573,-0.9652736735698114],[-80.72924564585553,-0.9652760609739347],[-80.72836068252855,-0.9651912755077205],[-80.72824082670799,-0.9652135276458722],[-80.72815853708484,-0.9652575127521175],[-80.72814070627446,-0.9652670436021397],[-80.72806269993222,-0.9653436369808049],[-80.72801037673287,-0.9654604472439274],[-80.72800955197971,-0.9655099702401486],[-80.72800811699986,-0.9655961347776129],[-80.7280464991322,-0.9657455348428385],[-80.72820440056921,-0.9661930701967378],[-80.72829416046417,-0.9663719622536178],[-80.72832815539843,-0.9664214357326415],[-80.72836474095742,-0.9663930323071384],[-80.72854976513541,-0.966218098603477],[-80.72868782120074,-0.9663606846310273],[-80.72854523307763,-0.9665707051936182],[-80.72872819974982,-0.9666792775472145],[-80.72897285716678,-0.9668210403343521],[-80.72900678959464,-0.9668318364706465],[-80.72885091950423,-0.9671455700243143],[-80.72866941800235,-0.9674838753399939],[-80.72871345802562,-0.9674990750391855],[-80.72966459820542,-0.9677733662421276],[-80.73039257018151,-0.9679917348491357],[-80.73057737089782,-0.9677864201313895],[-80.73065083705038,-0.9671503979980541],[-80.73129674982842,-0.9673543143687482],[-80.73140478947518,-0.9662007585357344],[-80.73152528876786,-0.9656109460331949],[-80.73163412517059,-0.9654111712767417],[-80.73198833243549,-0.9651849938632324],[-80.7321251367302,-0.9652720785919797],[-80.7324994530204,-0.9656471350188411],[-80.73253130307272,-0.9656790480435974],[-80.73263067963771,-0.9657786210868267],[-80.73305855949086,-0.9662136536666707],[-80.73312336814195,-0.9662751550901446],[-80.73312584234442,-0.9662658366809893],[-80.73318789816477,-0.9661092501227984],[-80.73329555448318,-0.9658911435629706],[-80.73344869334093,-0.9656964582380283],[-80.73357155509665,-0.9655728056110461],[-80.73366939444401,-0.965474336478195],[-80.73523673470486,-0.9641814867534322],[-80.73522057686358,-0.9641616658078789],[-80.73519986363249,-0.9641226508904879],[-80.73519729913923,-0.9641141381879663],[-80.73518710945665,-0.9640803180865873],[-80.73518280495021,-0.9640362941194525],[-80.73518471549008,-0.9640167894304597],[-80.73518648121069,-0.9639987576127709],[-80.73518711625856,-0.9639922708267221],[-80.7351884989542,-0.9639876831045058],[-80.73519987607555,-0.9639499391151105],[-80.73522014047799,-0.9639117841739449],[-80.7352205953326,-0.9639109274405513],[-80.73524847758468,-0.9638767348600084],[-80.73526597996762,-0.9638622788184961],[-80.73455982285515,-0.9630619289446969],[-80.73441539079703,-0.9628982304266884]]]}},{"type":"Feature","properties":{"name":"Las Flores","clave_catastral":"03","clave_parroquia":"03","descripcion":"Las Flores","layer":"barrios"},"geometry":{"type":"Polygon","coordinates":[[[-80.81208786922275,-0.9619978278038985],[-80.81147872006015,-0.9619544743371051],[-80.81133710416393,-0.9618002729621651],[-80.81116142938853,-0.961931892549643],[-80.81112734962713,-0.9619625577622202],[-80.8110117734543,-0.9619998938735819],[-80.81091046600572,-0.9620314857684775],[-80.81079916956135,-0.9620831846301172],[-80.81073353321372,-0.9621133422576094],[-80.81062366503136,-0.9621391886568774],[-80.81052235836952,-0.9621564180190917],[-80.81037967482482,-0.96214635627679],[-80.81015666786479,-0.9621360759684591],[-80.81017605969686,-0.9620858630317457],[-80.80972416843193,-0.9620646951033507],[-80.80966709442465,-0.9620713944081842],[-80.80951358563298,-0.9620874213910752],[-80.80893655883901,-0.9620593791640887],[-80.80866278476472,-0.9619149444830981],[-80.80643075774333,-0.9616543713842134],[-80.80637652633366,-0.9620193509832546],[-80.8063527383578,-0.962139036415536],[-80.80635570190128,-0.9622946309510354],[-80.80633191346948,-0.9624382544643169],[-80.80623975832373,-0.9625310077929328],[-80.80614165916104,-0.9625968298706623],[-80.80594583602507,-0.9626895663989786],[-80.80581466143677,-0.9628302017816708],[-80.80576709411176,-0.962931933410843],[-80.80572844412575,-0.9630426431222361],[-80.80570465684322,-0.963165321368777],[-80.8056897936798,-0.9631772891040099],[-80.80562678180748,-0.963082136614986],[-80.80555901184965,-0.962952867631472],[-80.80551442892342,-0.9628571145585028],[-80.80542367184782,-0.9626402670139528],[-80.8053534082257,-0.9625342492814752],[-80.80531391977013,-0.9618502479606263],[-80.80520799197774,-0.9618549898662251],[-80.80434625809862,-0.9618935619937616],[-80.8043244168248,-0.9616348876182031],[-80.80425843582046,-0.9608534578383968],[-80.80418367148887,-0.9608668913842138],[-80.80395178418256,-0.9608982827602972],[-80.80366439990944,-0.9609133949344937],[-80.80342838950875,-0.9609346784641702],[-80.80252937957559,-0.9610312796882283],[-80.80244729329272,-0.9610354131156669],[-80.80223894894422,-0.9610183105106102],[-80.80208851185105,-0.9610614595951574],[-80.80200081520536,-0.9611116733710787],[-80.80194277218382,-0.9611540019905648],[-80.8017806238638,-0.9613554066356471],[-80.80179747083822,-0.9613783956618676],[-80.80210954382557,-0.9617587478283696],[-80.80228257042607,-0.9619696308486141],[-80.802348774633,-0.9620503206551376],[-80.80264420321384,-0.9624103861172983],[-80.80269837710442,-0.962474683440874],[-80.80279748405027,-0.9625933011636647],[-80.80283534500121,-0.9626386155346154],[-80.80295368037928,-0.9627799718828243],[-80.80297334916898,-0.9628034668847077],[-80.80303927399292,-0.9628822160360359],[-80.80304661844143,-0.9628910709912901],[-80.80317015383174,-0.9630400191720554],[-80.80335886444163,-0.9632682990967112],[-80.80347640946957,-0.9634157731290998],[-80.80354047820943,-0.9634961542885777],[-80.80379868044241,-0.96381371634304],[-80.8039310813092,-0.9639837767450672],[-80.80401478143746,-0.9641293217454319],[-80.80401510855405,-0.9641301097785231],[-80.80407717355482,-0.9642794615060809],[-80.8040997452586,-0.9643538365115631],[-80.80411065009311,-0.9643897673313263],[-80.80413499626718,-0.964475560954611],[-80.80415629876858,-0.9645674820936705],[-80.8041607828956,-0.9645983361381667],[-80.80417455512186,-0.9646931076248677],[-80.8041770028337,-0.9647980828317343],[-80.80417703331842,-0.9647993829211146],[-80.80432137605479,-0.9648048739039012],[-80.80474056428864,-0.964795487209102],[-80.80553745644882,-0.965084463848271],[-80.80624382476917,-0.9653406135738294],[-80.80662662236347,-0.9654794273442207],[-80.80696064023482,-0.9657507196840527],[-80.80730547926585,-0.9663004286523034],[-80.80758428528485,-0.9663925644252629],[-80.80772053197197,-0.9665861197228481],[-80.80797064091504,-0.9664281520232976],[-80.80809563367299,-0.9665918435507024],[-80.80819285865425,-0.9666978881229369],[-80.80841649050612,-0.9665334591184943],[-80.80883636727911,-0.9670919292126001],[-80.80888222022165,-0.9671529173256063],[-80.80888886859148,-0.9670891907731799],[-80.80889457721422,-0.9670344743109069],[-80.80890157180576,-0.9669674247277271],[-80.80890178043862,-0.9669654225859432],[-80.80890354392436,-0.9669485206373594],[-80.80892380785446,-0.9668742901088335],[-80.8089586923013,-0.9668038177255909],[-80.80901420937683,-0.9667199285521519],[-80.80901775273303,-0.966714573693011],[-80.80903954859765,-0.9666816402689165],[-80.80905417954804,-0.9666595314585038],[-80.80906348269522,-0.9666487820576749],[-80.8092202932992,-0.9664675928578674],[-80.8092749848989,-0.9664043990180033],[-80.80947325795503,-0.9661753017616519],[-80.80967599145458,-0.965948805651763],[-80.80985207362849,-0.9657579297128082],[-80.8099878906151,-0.9656152678450098],[-80.81015342665525,-0.965449956974865],[-80.81048227100429,-0.9651115101189872],[-80.81067074676467,-0.9649175307063445],[-80.81069448613715,-0.9648947311861633],[-80.81089876643087,-0.9646985424003987],[-80.81099190914084,-0.9646090885155161],[-80.81105418796903,-0.9645379191809553],[-80.81110156767743,-0.9644788904064967],[-80.8111503808539,-0.9644055553128511],[-80.81119631612138,-0.9643315125633336],[-80.81122130847267,-0.9642912284146092],[-80.81129783750954,-0.9641583052273716],[-80.8113134841659,-0.9641345100531993],[-80.81135122148736,-0.9640771209996473],[-80.81140353082458,-0.9639900750046876],[-80.81146801674039,-0.9638923096137546],[-80.8115320663282,-0.9638019656464252],[-80.81161360187447,-0.9636973913439562],[-80.81169634821639,-0.9636069561306755],[-80.81171827815898,-0.963586653537277],[-80.8117905009958,-0.9635197912208469],[-80.8118475704432,-0.9634799458297323],[-80.8118564832121,-0.9634743542267614],[-80.81190543602837,-0.9634436442851068],[-80.81200819808792,-0.9633943533974758],[-80.81204461898858,-0.9633800399734582],[-80.81204711769553,-0.9633790575820029],[-80.8121340696012,-0.9633521586334696],[-80.81221700690251,-0.9633358564909429],[-80.81228546775088,-0.9633276462990494],[-80.81228787743902,-0.963327356920999],[-80.8121983064635,-0.9632061108068798],[-80.81201094830935,-0.9630024000139058],[-80.81205238038983,-0.9627510672980862],[-80.81235123284092,-0.9625682310180252],[-80.8120572109218,-0.9623332479706476],[-80.81250727220235,-0.9618876484110501],[-80.81231883213273,-0.9619764511145519],[-80.81208786922275,-0.9619978278038985]]]}},{"type":"Feature","properties":{"name":"15 De Septiembre","clave_catastral":"04","clave_parroquia":"04","descripcion":"15 De Septiembre","layer":"barrios"},"geometry":{"type":"Polygon","coordinates":[[[-80.72764624422132,-0.9596911297701922],[-80.7275368387987,-0.9598872214555598],[-80.72752600235017,-0.9599066448933087],[-80.72726293048865,-0.9603789727940466],[-80.7269692490567,-0.9609115913438728],[-80.72681144551923,-0.9612204902426811],[-80.7267649442012,-0.9613186846401051],[-80.72669180104752,-0.961585092096712],[-80.72657847984263,-0.962103852138128],[-80.72653965236607,-0.9622698422218576],[-80.72650916059914,-0.9623639413355534],[-80.72645703607868,-0.962477652093142],[-80.72641076759673,-0.9625522188695044],[-80.72637403830203,-0.962611412534855],[-80.72686935872858,-0.9629088334594513],[-80.7272997618653,-0.9631099590142894],[-80.72732201239889,-0.9631203560215482],[-80.7276224241572,-0.9632565919040985],[-80.72775971129805,-0.9633188068678038],[-80.72816863471637,-0.9635041206569781],[-80.72837439741508,-0.9629955496290847],[-80.72857355545533,-0.9625358265115552],[-80.72874264955354,-0.9621359444773248],[-80.72893918005279,-0.9616907997334466],[-80.7291660925695,-0.961207959571354],[-80.7292724608622,-0.9612528819127562],[-80.72944803220281,-0.9613233807391595],[-80.72958500174815,-0.9614009486675599],[-80.72979591599821,-0.9616421987210799],[-80.73010937503301,-0.9620175906071609],[-80.72981225196796,-0.9622801877760025],[-80.72942255059776,-0.9626128280698367],[-80.72940354718773,-0.9626391719593101],[-80.7300889804593,-0.9634364186147762],[-80.72935934812052,-0.9640421355372696],[-80.72968449951459,-0.9641643320278064],[-80.73006598428304,-0.9642775219918177],[-80.73047650260614,-0.9639009375140546],[-80.73113238906852,-0.9632826017456892],[-80.73127470148218,-0.9634591870100594],[-80.7313174141717,-0.9635121852084579],[-80.73136418511668,-0.9634591941124739],[-80.73150798645999,-0.9632962656641126],[-80.73154122849631,-0.9632586012372002],[-80.73174668515325,-0.963025817082638],[-80.73175839204343,-0.9630125530224802],[-80.73189522170873,-0.9628575230947689],[-80.73194043758942,-0.9628062933500843],[-80.73197597802755,-0.9627660253171513],[-80.73202642912585,-0.9626487487946918],[-80.73211231660072,-0.9625461405648821],[-80.73218062657757,-0.9624645312764102],[-80.7322490609435,-0.9623437331930377],[-80.73233010794617,-0.962270199521555],[-80.73242596896347,-0.9621832256081574],[-80.73246942608424,-0.9621526178749066],[-80.73246938205655,-0.9621524504984366],[-80.7324199920303,-0.9619636842431872],[-80.73237886392737,-0.9618064960436074],[-80.73233331239709,-0.9616323992042625],[-80.73226687649682,-0.9613784864181127],[-80.73225200773724,-0.9613216571381002],[-80.7321969597238,-0.9611112649438098],[-80.73211425963106,-0.9610149230468323],[-80.73210784374825,-0.9610074495625582],[-80.73203772558414,-0.9609257641989187],[-80.73200221669948,-0.9608843976491671],[-80.7317039361692,-0.9605369131969183],[-80.73166696509331,-0.9604938429447287],[-80.73129221304058,-0.9603052590536123],[-80.73117234430634,-0.9602449373936253],[-80.73113031763113,-0.9602237889792634],[-80.73098300452737,-0.960149657323612],[-80.73096766278316,-0.9601419370478935],[-80.73091730824935,-0.9601165973146664],[-80.73082523352113,-0.9600702629902997],[-80.73047114700103,-0.9598990132731586],[-80.73029502857705,-0.9598138354088945],[-80.72999987803648,-0.9596710898781424],[-80.72977630310196,-0.9596028735082314],[-80.72970560148727,-0.9595813012019931],[-80.72961170086508,-0.9595526503395463],[-80.72947631399794,-0.959511341873224],[-80.72941132406115,-0.9594915125046555],[-80.72904862152146,-0.9595650734265746],[-80.72877788462206,-0.9596199827289382],[-80.72851122020181,-0.9596740654197903],[-80.72850203711928,-0.959675927501749],[-80.72849740827758,-0.9596768671345899],[-80.72844025682437,-0.9596781897904663],[-80.72841878919026,-0.9596786856702125],[-80.7279406923571,-0.9596897492317565],[-80.72786174251748,-0.9596915767750289],[-80.72775245756894,-0.9596941057574639],[-80.72764624422132,-0.9596911297701922]]]}},{"type":"Feature","properties":{"name":"Urb Ciudad del Sol","clave_catastral":"02","clave_parroquia":"02","descripcion":"Urb Ciudad del Sol","layer":"barrios"},"geometry":{"type":"Polygon","coordinates":[[[-80.75389694090455,-0.9610943950301163],[-80.75351282541224,-0.9612942088077574],[-80.75357699109318,-0.9618830742584805],[-80.7526638061188,-0.9620266321201001],[-80.75245690252748,-0.9621989671429104],[-80.7514366827687,-0.9626441288345688],[-80.75151054102659,-0.96392914646853],[-80.75172430949237,-0.9639516840541803],[-80.75177120344125,-0.9640631901302896],[-80.7519697605935,-0.9640480298184855],[-80.75194941353689,-0.9641316490989169],[-80.75207979030024,-0.9641646578551644],[-80.75207123666866,-0.9641994654360814],[-80.75212217552888,-0.9642148819840344],[-80.75212853674329,-0.9642209712176708],[-80.75213190795778,-0.9642200809992829],[-80.75215103051352,-0.9642352731962234],[-80.75216695118846,-0.9642436028256753],[-80.75218583460132,-0.9642485752499965],[-80.75219933258433,-0.9642497332019104],[-80.75221152723901,-0.9642493253153077],[-80.75222989539976,-0.9642455281222766],[-80.75224391001653,-0.9642402406478965],[-80.75240056056747,-0.964274699861491],[-80.75243434130407,-0.9642845486329606],[-80.75241964059407,-0.9643472375080648],[-80.75255664500106,-0.9643738973715301],[-80.75260263450174,-0.9644440367088833],[-80.75261560376738,-0.9644565787241673],[-80.7526320293972,-0.9644670129612932],[-80.75264485665446,-0.9644729063805642],[-80.75276293160486,-0.9644903030226857],[-80.75275969387718,-0.9645343080712365],[-80.75284251856627,-0.9645313136342252],[-80.75308596767884,-0.964514903508146],[-80.75348942196484,-0.9644822933478281],[-80.75381956811921,-0.9644731960080577],[-80.75382651939283,-0.964473065329642],[-80.75421739110446,-0.9644583223916783],[-80.7543172344184,-0.9644582699354629],[-80.75447781736466,-0.9644693074263273],[-80.75459650774043,-0.9644905778770577],[-80.75465567529915,-0.9645028682741668],[-80.75491431748563,-0.9645813522087394],[-80.75501712066158,-0.9646001928849728],[-80.755082861059,-0.964499423305824],[-80.75510097471545,-0.9644829116595588],[-80.75514948811592,-0.9644556523256114],[-80.75517788604937,-0.9644476846989108],[-80.75548769267455,-0.9644242793763026],[-80.75578117545939,-0.9644129888627049],[-80.75608020816125,-0.9644162131552036],[-80.75618376357991,-0.9644150815796735],[-80.75661794819904,-0.9643874365479093],[-80.75705484318715,-0.964384545341602],[-80.75706103227247,-0.9642238632874295],[-80.75714225998611,-0.9642233036367571],[-80.75714638344492,-0.9640332653509205],[-80.75716159661366,-0.9640338243077052],[-80.75714970411009,-0.9630091831366485],[-80.75711668321111,-0.962600818309312],[-80.75711396539393,-0.9625187389464713],[-80.7570928694224,-0.9625204387878056],[-80.75692141673213,-0.9625225478314121],[-80.75662911894506,-0.9625200252787494],[-80.75597220113677,-0.962523837425394],[-80.75597155678311,-0.9621423195805932],[-80.75575615115318,-0.9621452388365412],[-80.75611686329536,-0.9608280198757058],[-80.75616755660718,-0.9606429131649038],[-80.75617629962272,-0.9606109871084954],[-80.75618852502139,-0.9605471626640565],[-80.75621069985908,-0.960432552160313],[-80.75620598534688,-0.9604267317414497],[-80.7551000617414,-0.9608644204743229],[-80.75488186129456,-0.9609442928058058],[-80.75473922875464,-0.9609827029076285],[-80.75460602546522,-0.9610150687007463],[-80.75445176897934,-0.961045901272996],[-80.75430711505074,-0.9610660552126262],[-80.75414349138418,-0.9610838772115072],[-80.75397162994526,-0.9610939433413819],[-80.75389694090455,-0.9610943950301163]]]}},{"type":"Feature","properties":{"name":"San Carlos","clave_catastral":"02","clave_parroquia":"02","descripcion":"San Carlos","layer":"barrios"},"geometry":{"type":"Polygon","coordinates":[[[-80.738522980784,-0.961449060276351],[-80.73893440906009,-0.9613172752120819],[-80.73900447998349,-0.9614995897449319],[-80.73908608489477,-0.9616880291643782],[-80.73909951007901,-0.9617124802382762],[-80.73910192569554,-0.9617168800744195],[-80.73922510507117,-0.9619412264805902],[-80.7392254510579,-0.9619418570965905],[-80.73926066442479,-0.9620059917429984],[-80.73926917390263,-0.9620214893357683],[-80.73965841245247,-0.9619394901492342],[-80.74000620286805,-0.9619455006512823],[-80.74006209366561,-0.9621307616224329],[-80.74017978244434,-0.9625208666716389],[-80.7402558866588,-0.9628541304396947],[-80.74008177143995,-0.9638042855811763],[-80.74124140579536,-0.9644081267785651],[-80.74136525294088,-0.9644928179996839],[-80.74151956588106,-0.964620757140608],[-80.74169517820071,-0.9647752966596244],[-80.74181093568407,-0.9648674059530008],[-80.74203768816922,-0.9650370581842083],[-80.74211686765517,-0.9650916188172118],[-80.74219604747772,-0.9651417463230701],[-80.742302459701,-0.9652052657545198],[-80.74242208327034,-0.9652808189614319],[-80.7425682206481,-0.9653639738305061],[-80.74328875350447,-0.9657504344207269],[-80.74339489713275,-0.9658006544287049],[-80.74357474025433,-0.965870874336332],[-80.74360556837085,-0.9658771192430322],[-80.74367872982694,-0.9658805627322806],[-80.74388671018875,-0.9658837450326274],[-80.744011910451,-0.9659043821358182],[-80.7440472018476,-0.9659123119652264],[-80.74522862784298,-0.9648385215404716],[-80.74645787964317,-0.9639835632038114],[-80.74657079017265,-0.9636829332426089],[-80.74660584773403,-0.9636197864188034],[-80.74670571246453,-0.9634990137866453],[-80.74678077060534,-0.9633771536303328],[-80.74683938038426,-0.9632615348084244],[-80.74685889648842,-0.963094615442742],[-80.74680856799915,-0.963042228397157],[-80.74662198566908,-0.962948847348656],[-80.74655000161752,-0.9628244429767676],[-80.74655621103793,-0.9627194054611437],[-80.74659675136262,-0.9626542686608559],[-80.74664169515829,-0.9625973651400983],[-80.746725020196,-0.9625021043631959],[-80.74676771690086,-0.9624466482235334],[-80.74681761051632,-0.962301987236586],[-80.7468300205266,-0.9622113352275647],[-80.74687953673535,-0.9618702269439012],[-80.74692408278776,-0.9613435701793236],[-80.746969537935,-0.9610062306472146],[-80.74698185720645,-0.9609148087112089],[-80.74700830779949,-0.9607185154067822],[-80.74705167837851,-0.960396649137877],[-80.7470482729863,-0.9600525115108524],[-80.74716293043726,-0.9597894501010131],[-80.74730007061764,-0.9594598319151543],[-80.74734673226149,-0.9593495074972367],[-80.74744347082292,-0.9591059866847331],[-80.74745311934873,-0.9590814088735868],[-80.74750831473678,-0.958937885479628],[-80.74755951082236,-0.9588144899969677],[-80.74756924119437,-0.9587891160375078],[-80.74760149538885,-0.9587043853632765],[-80.74761588573392,-0.9586665824131302],[-80.74764168240056,-0.9585988081329616],[-80.74767769106559,-0.9585145383460514],[-80.74770182136834,-0.9584518697799069],[-80.74755275344297,-0.9583885880362146],[-80.74743843805945,-0.9583353257470008],[-80.74732306221804,-0.958533400372346],[-80.74705050246152,-0.959005904496351],[-80.74697487049309,-0.959135160732643],[-80.74688211728736,-0.959254362443076],[-80.74680506261922,-0.9593333505173263],[-80.74678122969941,-0.9593534118114775],[-80.74672658161779,-0.9593994118442453],[-80.74666379820934,-0.9594381861761576],[-80.74660490019666,-0.9594657893145779],[-80.74654679385372,-0.9594956271689199],[-80.74641980228712,-0.9595387049829895],[-80.74628853194505,-0.9595645475580453],[-80.74617866435655,-0.9595803375737829],[-80.74471169397964,-0.959756825387572],[-80.74089702883244,-0.9601954233422703],[-80.74057948178641,-0.9602515993739758],[-80.74033881789522,-0.960311903154107],[-80.74009054302846,-0.9603961433995494],[-80.73998190976019,-0.96044387260487],[-80.73996133125986,-0.9604529136999247],[-80.73983560691255,-0.9605081516666587],[-80.73963774516517,-0.9606048428640294],[-80.73948173783977,-0.96069579319537],[-80.73917637937804,-0.9609045038905748],[-80.738522980784,-0.961449060276351]]]}},{"type":"Feature","properties":{"name":"Urb Maria Colonial","clave_catastral":"04","clave_parroquia":"04","descripcion":"Urb Maria Colonial","layer":"barrios"},"geometry":{"type":"Polygon","coordinates":[[[-80.72816863471637,-0.9635041206569781],[-80.72857726339709,-0.9636893013919662],[-80.72866434502254,-0.9637287649620561],[-80.72895045677127,-0.9638584232103966],[-80.72922127346901,-0.9639811509764799],[-80.72935934812052,-0.9640421355372696],[-80.7300889804593,-0.9634364186147762],[-80.72940354718773,-0.9626391719593101],[-80.72942255059776,-0.9626128280698367],[-80.72981225196796,-0.9622801877760025],[-80.73010937503301,-0.9620175906071609],[-80.72979591599821,-0.9616421987210799],[-80.72958500174815,-0.9614009486675599],[-80.72944803220281,-0.9613233807391595],[-80.7292724608622,-0.9612528819127562],[-80.7291660925695,-0.961207959571354],[-80.72893918005279,-0.9616907997334466],[-80.72874264955354,-0.9621359444773248],[-80.72857355545533,-0.9625358265115552],[-80.72837439741508,-0.9629955496290847],[-80.72816863471637,-0.9635041206569781]]]}},{"type":"Feature","properties":{"name":"San Francisco","clave_catastral":"04","clave_parroquia":"04","descripcion":"San Francisco","layer":"barrios"},"geometry":{"type":"Polygon","coordinates":[[[-80.72853011453836,-0.9859578258034105],[-80.72862588960186,-0.9862886150189638],[-80.72870863249122,-0.9866013279058876],[-80.7288061973843,-0.9869418474097813],[-80.72889048171561,-0.9872793043677603],[-80.72898618874767,-0.9876071704396452],[-80.72909726660342,-0.9879846054915475],[-80.72923615568058,-0.9884210340931361],[-80.72935734397036,-0.9883454502801925],[-80.73087128371942,-0.9876926414054594],[-80.7307033477169,-0.9871808999785543],[-80.73066929829466,-0.9870333612239931],[-80.73052376177881,-0.9866548079692592],[-80.73046233577567,-0.986545881721824],[-80.73025411078376,-0.9859407866415922],[-80.73019234428796,-0.9855865487591728],[-80.73015556142599,-0.9855924524912183],[-80.72938351693365,-0.9857659949780667],[-80.72853011453836,-0.9859578258034105]]]}},{"type":"Feature","properties":{"name":"Urbirrios","clave_catastral":"04","clave_parroquia":"04","descripcion":"Urbirrios","layer":"barrios"},"geometry":{"type":"Polygon","coordinates":[[[-80.71918013831973,-0.9806339293304944],[-80.71871680450963,-0.9808466625988927],[-80.71843332609134,-0.9810017524587948],[-80.71809612294344,-0.9812445781570461],[-80.71745215967249,-0.9817935504697745],[-80.7179243951222,-0.9819693157248962],[-80.71819014322992,-0.9820383031039485],[-80.71872225335888,-0.9821764361852131],[-80.71915302065227,-0.9823272393376925],[-80.71959578679305,-0.982565738659659],[-80.7200134660962,-0.9828550601572772],[-80.72034090760712,-0.9831193024754867],[-80.72062676649246,-0.9833499870968581],[-80.72058235606718,-0.9834801930656029],[-80.7204751300071,-0.9837041080325264],[-80.72102395445019,-0.983989352707269],[-80.72148231474276,-0.9841946412919214],[-80.72217292653602,-0.9845365786202507],[-80.72249168854856,-0.984672596217024],[-80.72250352436491,-0.9846777721956528],[-80.72281126503813,-0.9848069808424924],[-80.72312106930598,-0.9849370563598114],[-80.72324819439584,-0.9849883020758199],[-80.72334964208191,-0.9849378318084661],[-80.7234706764704,-0.984994715211144],[-80.72357353431404,-0.9850430565542609],[-80.72377041968141,-0.9851355876499923],[-80.72388647405025,-0.9851901310248508],[-80.72420481032371,-0.9853356199522664],[-80.7244527341593,-0.985129416429686],[-80.72493560128567,-0.9847175438173109],[-80.72542592515431,-0.9843222371087847],[-80.7257139311215,-0.9840883686749038],[-80.72608843661791,-0.9837842614059439],[-80.72666436088468,-0.9833309364886986],[-80.72667966427089,-0.983269698270334],[-80.72666462748684,-0.983213557449048],[-80.72647669405838,-0.9829778963093787],[-80.72625757621518,-0.9826738006059941],[-80.7261818513691,-0.9825684046290917],[-80.72608195614228,-0.9824847370862103],[-80.7256270812149,-0.9822293011743],[-80.7255542137944,-0.9821884905495466],[-80.7259664910764,-0.981407709287069],[-80.72503187458031,-0.9808531330024125],[-80.72412426216528,-0.9805580708503926],[-80.72401143741872,-0.9806337719240332],[-80.72395377385222,-0.9806724628381858],[-80.72351610016996,-0.9803116149465154],[-80.72320915462986,-0.980058548821532],[-80.72318707003987,-0.980040340437796],[-80.72292323685586,-0.9798441927940473],[-80.72289415093879,-0.9798225685156581],[-80.7228617927105,-0.9797985111778047],[-80.72283504172026,-0.9797786232474408],[-80.72259929868983,-0.9796033588202704],[-80.72256881074347,-0.9795806912834735],[-80.72239430371597,-0.9794139200151619],[-80.72236542052723,-0.9793863173743063],[-80.72223378624109,-0.979260517118007],[-80.72221979760488,-0.9792471478379098],[-80.7220815883694,-0.979135647907853],[-80.72191276644229,-0.9789994511416183],[-80.7218886057577,-0.9789799587849756],[-80.72181860601061,-0.9789234876815556],[-80.72175718828304,-0.9788739383865845],[-80.72175585725707,-0.9788728643751767],[-80.72172299951957,-0.9788463561083347],[-80.72158592501918,-0.9791983251836456],[-80.72136407010902,-0.9795367507604738],[-80.72108185805551,-0.9798140765548311],[-80.72076177327382,-0.9800175162509249],[-80.72038481080727,-0.9801791667305935],[-80.72028781866837,-0.9802178732653317],[-80.71918013831973,-0.9806339293304944]]]}},{"type":"Feature","properties":{"name":"Los Geranios","clave_catastral":"04","clave_parroquia":"04","descripcion":"Los Geranios","layer":"barrios"},"geometry":{"type":"Polygon","coordinates":[[[-80.72342465446063,-0.975904263088225],[-80.72317083887057,-0.9760672198028004],[-80.72292932933759,-0.9762656352228588],[-80.72273921183314,-0.9764649822196105],[-80.72260386194195,-0.9766359256016273],[-80.7224973112762,-0.9767948603309123],[-80.72237934272867,-0.9770035852616985],[-80.72228991076042,-0.9772027361181301],[-80.72222140834417,-0.9773769944899869],[-80.72191313660569,-0.97828084452361],[-80.72183988041398,-0.9784987252654817],[-80.72179586555967,-0.9786296360944532],[-80.72172299951957,-0.9788463561083347],[-80.72175585725707,-0.9788728643751767],[-80.72175718828304,-0.9788739383865845],[-80.72181860601061,-0.9789234876815556],[-80.7218886057577,-0.9789799587849756],[-80.72191276644229,-0.9789994511416183],[-80.7220815883694,-0.979135647907853],[-80.72221979760488,-0.9792471478379098],[-80.72223378624109,-0.979260517118007],[-80.72236542052723,-0.9793863173743063],[-80.72239430371597,-0.9794139200151619],[-80.72256881074347,-0.9795806912834735],[-80.72259929868983,-0.9796033588202704],[-80.72283504172026,-0.9797786232474408],[-80.7228617927105,-0.9797985111778047],[-80.72289415093879,-0.9798225685156581],[-80.72292323685586,-0.9798441927940473],[-80.72318707003987,-0.980040340437796],[-80.72320915462986,-0.980058548821532],[-80.72351610016996,-0.9803116149465154],[-80.72395377385222,-0.9806724628381858],[-80.72401143741872,-0.9806337719240332],[-80.72412426216528,-0.9805580708503926],[-80.72503187458031,-0.9808531330024125],[-80.7259664910764,-0.981407709287069],[-80.72627620307969,-0.9808474219486101],[-80.7263901824902,-0.9806421824057735],[-80.72654136117848,-0.9803709666137763],[-80.72671690851726,-0.9800597380207705],[-80.7268820214303,-0.9797519265786718],[-80.72706611274319,-0.9794171904463127],[-80.72774534017158,-0.9782024281228132],[-80.72738618183388,-0.977979620912265],[-80.72665468228905,-0.9776270064779452],[-80.72657470556915,-0.977747936526086],[-80.72543139641247,-0.9770486458397585],[-80.72552505646212,-0.9762924644991244],[-80.72465818712665,-0.9762881364633955],[-80.72401899668655,-0.9756887866396227],[-80.72394988452649,-0.9756265073717572],[-80.72342465446063,-0.975904263088225]]]}},{"type":"Feature","properties":{"name":"Jesus de Nazareth","clave_catastral":"","clave_parroquia":"","descripcion":"Jesus de Nazareth","layer":"barrios"},"geometry":{"type":"Polygon","coordinates":[[[-80.76017384074844,-0.96316955094332],[-80.75981385782188,-0.9659283330752116],[-80.76000761448655,-0.9659395002506131],[-80.76057708857284,-0.9660010119374505],[-80.76087866444225,-0.9660420404153598],[-80.76131203448878,-0.9661104474452458],[-80.7617522840223,-0.9662317446217656],[-80.76350133723626,-0.9640556959708704],[-80.7636582999306,-0.9638977191213343],[-80.76372846541884,-0.9637110122130395],[-80.76424169483343,-0.9632602417689212],[-80.7647882599389,-0.9626844084965711],[-80.76485431793493,-0.9625751381488783],[-80.76490665631994,-0.9622752059131158],[-80.76520202155886,-0.9621266702680061],[-80.76552305033104,-0.9622631362051379],[-80.76600656729121,-0.9614255018156683],[-80.76604600482807,-0.9613906541727175],[-80.76608528561069,-0.9613559450390027],[-80.76611145474928,-0.9612123223483166],[-80.76612257607876,-0.9605563947942812],[-80.76638377460871,-0.960735985468375],[-80.76657698648732,-0.960825764298022],[-80.76665779100047,-0.9601580538930534],[-80.76668521713319,-0.9601790389774294],[-80.7671762026651,-0.9606928874170109],[-80.76720740209356,-0.9607248488365486],[-80.7674684902647,-0.9610623847793675],[-80.76748934844841,-0.9611702380368286],[-80.76858828580255,-0.9614885744756378],[-80.76850148204599,-0.9616915137607833],[-80.76842111977004,-0.9618793934197072],[-80.76797332877142,-0.9633903605363798],[-80.76784510232069,-0.9634578050536503],[-80.76737610751421,-0.9645151369200278],[-80.7675937942176,-0.9646116747954636],[-80.76705728367779,-0.9659159988870272],[-80.76700850658688,-0.966200452619205],[-80.76714417725219,-0.9664455061966066],[-80.76717969754819,-0.9666313388405285],[-80.76728908630129,-0.9666696468574828],[-80.76732237292438,-0.9667653985201667],[-80.76624742578282,-0.9676701603134177],[-80.76619568728199,-0.9678975629216353],[-80.76521431067266,-0.9687713571811258],[-80.76514331925083,-0.9689686913131936],[-80.76484047200788,-0.9692963592471813],[-80.76412288701813,-0.9685649886089465],[-80.76320908401283,-0.967584732549824],[-80.76289059089962,-0.9672732798655375],[-80.76272891778548,-0.9671151802634342],[-80.76247701778985,-0.9668227268607268],[-80.76171176419625,-0.9676812168442411],[-80.76151848484092,-0.9680664242822701],[-80.76163491560541,-0.9681301348251736],[-80.76146264435224,-0.9684421237714959],[-80.76124464830416,-0.9689907310588382],[-80.76119672779743,-0.969201437148513],[-80.76119086348204,-0.9695176366737428],[-80.76128356380225,-0.9698790825516284],[-80.76129931838328,-0.9699405109047348],[-80.76151020154323,-0.970392287382836],[-80.76250995084916,-0.9711415313505114],[-80.76157721720952,-0.972627506391504],[-80.76154493513843,-0.9728456322972079],[-80.7614161855688,-0.9728043226298411],[-80.76130244364852,-0.9727949054367996],[-80.76083865446732,-0.9729464131218747],[-80.76042089303294,-0.9729641158177458],[-80.76028400245866,-0.9730209224962465],[-80.75987008291948,-0.973362877313491],[-80.75983251638515,-0.9733187242483865],[-80.75976844067493,-0.9731997488770077],[-80.75965784886685,-0.9731292632018693],[-80.75965746572827,-0.9728279911676054],[-80.75958030012154,-0.9728847116249285],[-80.75950313451244,-0.9729414320798072],[-80.7594559464801,-0.9729593421644012],[-80.75937500885261,-0.9729747618437018],[-80.75925920122039,-0.9729441739683296],[-80.75917714318467,-0.9729160764961335],[-80.75914551147382,-0.9729217413940745],[-80.75908985559873,-0.9728677101885382],[-80.75902929852525,-0.972814646681357],[-80.75898533488196,-0.9727761241327215],[-80.7589101460972,-0.9727008893918025],[-80.75886478700006,-0.9726317908015005],[-80.75883211392812,-0.9725820188619849],[-80.75878983868932,-0.972473685471229],[-80.75873888865492,-0.9723094297663977],[-80.75872122872136,-0.9722897960573533],[-80.75871574817039,-0.9722602112968417],[-80.75866357015015,-0.9723018246945402],[-80.75862523306199,-0.9723506768525708],[-80.75853498389085,-0.9724931638621968],[-80.75844402159242,-0.9725524165151002],[-80.7583483876531,-0.9725821749346721],[-80.75827989971638,-0.9725784154078951],[-80.75819972939829,-0.9725471515297811],[-80.75811102262631,-0.9724863931415229],[-80.75794906704034,-0.9723835599568814],[-80.75792035476287,-0.9723241629754539],[-80.75797290461195,-0.9720971235059749],[-80.75793902332889,-0.9720634690730634],[-80.75781391729433,-0.9719757021444764],[-80.75775756873446,-0.9718929613763124],[-80.75770122017705,-0.9718102206078499],[-80.75764010658662,-0.9717474285845213],[-80.75751355806841,-0.971721815850799],[-80.75742227778535,-0.9717282047247551],[-80.75734440399633,-0.9717336554654423],[-80.75717524992524,-0.9717454950712465],[-80.75714266923865,-0.9717366264522269],[-80.75704488161372,-0.9717187963797471],[-80.75694044332454,-0.9716951303753801],[-80.75691195678029,-0.9716748540688513],[-80.75660683638736,-0.972264302082138],[-80.7565797478697,-0.9723483938905844],[-80.7565670334553,-0.9724093552354844],[-80.76180999861731,-0.9758129893028525],[-80.76180967971057,-0.9803365935623134],[-80.7685025867386,-0.980337066014684],[-80.76855081859797,-0.978075266147357],[-80.77753907635476,-0.973807617361885],[-80.7775398299599,-0.9622432446380742],[-80.80250833514343,-0.9622447914538981],[-80.80179747083822,-0.9613783956618676],[-80.80119916528578,-0.9607660549652621],[-80.80085861792287,-0.9605964374751608],[-80.8002420358895,-0.960498972890136],[-80.79659987734793,-0.9603291591866849],[-80.79606932832247,-0.960278608971862],[-80.79526275621019,-0.9601053545181344],[-80.7943594066307,-0.959726412005935],[-80.79110444293514,-0.9590117392119311],[-80.79010787590673,-0.9588529058020184],[-80.78969920714083,-0.9588637059261771],[-80.78912563280814,-0.9589466648898082],[-80.78823658496071,-0.959199201516924],[-80.78772036796022,-0.9592749468848893],[-80.78737981099327,-0.9592785340594219],[-80.78540819424859,-0.9588381787299624],[-80.7847665241964,-0.9586721492838565],[-80.78413202226228,-0.9585313793653398],[-80.7835118677847,-0.9582607059041379],[-80.78319642528892,-0.9579359249592159],[-80.7827985505042,-0.9573224624235053],[-80.78241500937962,-0.9567992121341433],[-80.78219635180615,-0.9565538233076437],[-80.7820063667716,-0.956402256105946],[-80.78174110179637,-0.9562362502657749],[-80.78143998859072,-0.9560738505677905],[-80.78045419871599,-0.9555866460501079],[-80.77972650776238,-0.9552113200216327],[-80.77886618073299,-0.9548143345712532],[-80.77841451104298,-0.9545761474042536],[-80.77814565711496,-0.9544805059548906],[-80.77791444152784,-0.9544173430098226],[-80.77761869838729,-0.954372218116589],[-80.77730502963455,-0.954352351200555],[-80.77686768191487,-0.9543847987463892],[-80.77646438910234,-0.9544280738196563],[-80.7761417506766,-0.9545272851403438],[-80.77574280039055,-0.9547451624490151],[-80.77446643583134,-0.9558938563500163],[-80.77400077898311,-0.9562067496548536],[-80.77391232428006,-0.9562594646474311],[-80.7736923469914,-0.9563641765208644],[-80.77345215623154,-0.9564682885969944],[-80.77319472520193,-0.9565622260784323],[-80.77298069570254,-0.9566262445824664],[-80.77271494507252,-0.9566651252739717],[-80.77253480652823,-0.9566740898127506],[-80.7724105533913,-0.9566674987144239],[-80.77217274984658,-0.9566321750557023],[-80.77185171864578,-0.9565304193226041],[-80.77164661766177,-0.9564310650764725],[-80.77142249531252,-0.9562850314727881],[-80.77101943465222,-0.9559798016576765],[-80.77087319078625,-0.9558786560174184],[-80.77066036194478,-0.9557679309096443],[-80.77027334098793,-0.9556482175187995],[-80.76999407520358,-0.9556180822764588],[-80.76991665889088,-0.9556149820059687],[-80.76974184661705,-0.9556254411034928],[-80.76959529406143,-0.9556432572995988],[-80.76937740453963,-0.9556966301963713],[-80.76882793933713,-0.9558801124002656],[-80.76644774367905,-0.9566252264485371],[-80.76562565254798,-0.9568808365223448],[-80.76401495266116,-0.9573746252207656],[-80.7626591433047,-0.9577888829256551],[-80.76001058854723,-0.9586015419057929],[-80.7593541847043,-0.9587386507926396],[-80.75865100605351,-0.9586266878075236],[-80.75818806419143,-0.9584605582797961],[-80.75816776982228,-0.9585453282641508],[-80.75817172939156,-0.9585781771454549],[-80.75839513163041,-0.9590485812363455],[-80.75853077683753,-0.9591137094664361],[-80.7587369858816,-0.9591716268734132],[-80.7589480791758,-0.9592166717972502],[-80.758927418244,-0.9592729709593328],[-80.75906438023985,-0.9593287734097372],[-80.75971817124639,-0.9594720193898637],[-80.75971207501527,-0.9595272441421656],[-80.76019659552965,-0.9595573275265394],[-80.7602145448679,-0.9593959913936345],[-80.76048629839815,-0.959424865140818],[-80.76049880036942,-0.9594424956879664],[-80.76082059642684,-0.9594710626456049],[-80.76089075041024,-0.9594864709366391],[-80.76094772421928,-0.9595455076749602],[-80.7609616086143,-0.9595326102949996],[-80.76114533434787,-0.9597482404256397],[-80.76114214072858,-0.9597633320090466],[-80.7612600177372,-0.9599158300122781],[-80.76141078558388,-0.9601540642003955],[-80.76158639963194,-0.9604799377066939],[-80.7615097954859,-0.9605488420547772],[-80.76091437519625,-0.9606990576727698],[-80.76090486641509,-0.9606433712008595],[-80.76076478197812,-0.9606095599886829],[-80.76038065140236,-0.9607637506802719],[-80.76004249176768,-0.9609320412596672],[-80.75992037360699,-0.9610381694736674],[-80.7595772756245,-0.9611467269992318],[-80.75920843877356,-0.9612777990610938],[-80.7592915918715,-0.9614941060158202],[-80.75947549157016,-0.9618300785729872],[-80.75950581042386,-0.9619087796708926],[-80.75951726545436,-0.9619484588230875],[-80.759528584916,-0.9620116923715045],[-80.75953647728812,-0.9621261835380182],[-80.76009207597463,-0.9621375427720408],[-80.76017384074844,-0.96316955094332]]]}},{"type":"Feature","properties":{"name":"California","clave_catastral":"04","clave_parroquia":"04","descripcion":"California","layer":"barrios"},"geometry":{"type":"Polygon","coordinates":[[[-80.71885101862492,-0.972237888087605],[-80.71917721040734,-0.9724633656624775],[-80.7194647783402,-0.972700754215893],[-80.71942832511917,-0.9727550731388135],[-80.7196566803453,-0.9730830651285771],[-80.71988637165175,-0.9728282877339892],[-80.7199380987281,-0.9728965738277964],[-80.71999286696891,-0.972946076490686],[-80.72006086195522,-0.9729948899243936],[-80.72030563779147,-0.9731442990854333],[-80.72048555561233,-0.9732512598958465],[-80.72099106898946,-0.9735581588303148],[-80.72144410531342,-0.9738331982409251],[-80.72185690243644,-0.9740780134235933],[-80.7228029515641,-0.9745981343158974],[-80.72292194562687,-0.9746736881315456],[-80.72306530996728,-0.9748435155883612],[-80.72342465446063,-0.975904263088225],[-80.72394988452649,-0.9756265073717572],[-80.72514774933136,-0.9749930436352514],[-80.72631048977836,-0.9743802497415572],[-80.72695337276626,-0.974041433646363],[-80.72642674424009,-0.9738695959319728],[-80.72543363286596,-0.9738262379340625],[-80.72538741997552,-0.9738147871738363],[-80.72538733662721,-0.9735533013455893],[-80.72537979797164,-0.9735251701796557],[-80.72534777030948,-0.9734936781504615],[-80.72496469564925,-0.9733761298840166],[-80.72489453863221,-0.9733480776376098],[-80.72487518291135,-0.973335299269209],[-80.72456720913497,-0.9732683213333929],[-80.72432227025897,-0.973234968927173],[-80.72419939154145,-0.9732205896515893],[-80.72418903800911,-0.9728669979255072],[-80.72424483862197,-0.972388400627267],[-80.72427270843531,-0.972239056139216],[-80.72430372988032,-0.9721762882208367],[-80.72441907937296,-0.9720748247465281],[-80.72420536180155,-0.9718401710124169],[-80.72381009608868,-0.9722092859186944],[-80.72388525225138,-0.9723275719148319],[-80.72388809458477,-0.9723760498276732],[-80.72387112440829,-0.9724302976885468],[-80.72371418714599,-0.9727018863096503],[-80.72367552226412,-0.9727554929541498],[-80.72362812743376,-0.9728001168444108],[-80.72357449949045,-0.9728220018803881],[-80.72350540174519,-0.9728430242108317],[-80.72343391214739,-0.9728580898575672],[-80.72335946776012,-0.9728653524685598],[-80.72325434111279,-0.9728611338053383],[-80.72294885622684,-0.9726894974075718],[-80.72264966257896,-0.9725284099067579],[-80.72216893200661,-0.9724565299869284],[-80.72182942729096,-0.9723492262455409],[-80.72173458999087,-0.9722885858362106],[-80.7221390352986,-0.9715958074920793],[-80.72198331632555,-0.9715077159894321],[-80.7218395051463,-0.9714249423619633],[-80.72146578486365,-0.9712098395473276],[-80.7210086977346,-0.9709257522937662],[-80.72091592607737,-0.970868093154138],[-80.72066270460368,-0.9707178925477535],[-80.72059970341878,-0.9706674040482283],[-80.72054407360093,-0.9706014454844052],[-80.72046130356247,-0.9704601647408708],[-80.72015551056903,-0.9699351720513221],[-80.7200344111654,-0.9699744778876179],[-80.71994930345022,-0.9699879972373537],[-80.7198495371649,-0.9699926934593037],[-80.71974797419693,-0.9699864424421492],[-80.71966807274677,-0.9699725031262004],[-80.71956884869547,-0.9699412820859123],[-80.71949209479247,-0.9699058107438105],[-80.71948193799024,-0.9699004150639466],[-80.7193521350357,-0.970024538759219],[-80.71935205594734,-0.9700244745176718],[-80.71892670926746,-0.9704569176230251],[-80.7187532936764,-0.9706053690732404],[-80.7181984417397,-0.9711278242710506],[-80.71831321782439,-0.9712540130762335],[-80.71845539108071,-0.9713562897725723],[-80.71832729101456,-0.971483142171536],[-80.71829945145997,-0.971585238139042],[-80.71826694705,-0.9716562494216987],[-80.71818786775292,-0.9717751299327801],[-80.7181840976414,-0.9718146268788104],[-80.71822412505783,-0.9718507348109567],[-80.71871562166537,-0.9721096927025741],[-80.71878800692592,-0.972151708436442],[-80.71882545823321,-0.9721900118985474],[-80.71885101862492,-0.972237888087605]]]}},{"type":"Feature","properties":{"name":"Urb Sariland","clave_catastral":"04","clave_parroquia":"04","descripcion":"Urb Sariland","layer":"barrios"},"geometry":{"type":"Polygon","coordinates":[[[-80.7300076984612,-0.9729559026786206],[-80.73002980832631,-0.973029449038009],[-80.73003787005484,-0.9730803211120076],[-80.7300305418711,-0.9731521877519924],[-80.73003017667605,-0.9731557713131025],[-80.72998922806266,-0.9735573590477173],[-80.73022929415863,-0.9735858270932027],[-80.7305196548827,-0.9736190220248487],[-80.73057700839011,-0.973641622872094],[-80.73133025758757,-0.9739289267363631],[-80.73141789338419,-0.9739462992666148],[-80.73237092631535,-0.9740112205891621],[-80.73247961381372,-0.9740249688743177],[-80.73260282637514,-0.9740724764547081],[-80.73307680638989,-0.9743578194633784],[-80.73313952668006,-0.9744157276451233],[-80.73321425789545,-0.9745094372973995],[-80.73334381180584,-0.9747607545850627],[-80.73345524049054,-0.9750700079221276],[-80.73350677875719,-0.9751914599026179],[-80.73461393778292,-0.97441192445865],[-80.73524123308552,-0.9742753127098496],[-80.73506543786733,-0.9733551995644802],[-80.73508471104361,-0.9732011093451689],[-80.73517593095555,-0.9730689135824946],[-80.73539470520785,-0.9728530612786699],[-80.73545091969294,-0.9724564278371588],[-80.73532215193184,-0.9719637529235569],[-80.73491242697493,-0.9713876045590553],[-80.7346173690998,-0.9710443317682405],[-80.73537420125251,-0.9702508072134037],[-80.73508883986668,-0.9700308149691494],[-80.73489290035988,-0.9698797603033427],[-80.73475264044895,-0.9697716298924632],[-80.7341272460811,-0.9695280681617078],[-80.73355019911519,-0.9693033355594595],[-80.73354328850822,-0.9693006443781229],[-80.73328473571323,-0.969199950553147],[-80.73336604366156,-0.9698975958382335],[-80.73336100669268,-0.9701867592589508],[-80.73331921919191,-0.97042412945234],[-80.7332568072499,-0.9706267455552506],[-80.7331615676348,-0.9708387108082803],[-80.73303694372574,-0.971051112676875],[-80.73286317412676,-0.9712569437540424],[-80.73272402345589,-0.9713883267938713],[-80.73200707742681,-0.9718931910226587],[-80.73142568217429,-0.9722867995835855],[-80.73093731381961,-0.9725929406580462],[-80.73058339793296,-0.9727577663404219],[-80.73031514425257,-0.9728616741574143],[-80.7300076984612,-0.9729559026786206]]]}},{"type":"Feature","properties":{"name":"Las Cumbres 2","clave_catastral":"04","clave_parroquia":"04","descripcion":"Las Cumbres 2","layer":"barrios"},"geometry":{"type":"Polygon","coordinates":[[[-80.73133025758757,-0.9739289267363631],[-80.73057700839011,-0.973641622872094],[-80.7305196548827,-0.9736190220248487],[-80.73022929415863,-0.9735858270932027],[-80.72998922806266,-0.9735573590477173],[-80.73003017667605,-0.9731557713131025],[-80.7300305418711,-0.9731521877519924],[-80.73003787005484,-0.9730803211120076],[-80.73002980832631,-0.973029449038009],[-80.7300076984612,-0.9729559026786206],[-80.7280774619471,-0.9735474946026557],[-80.7276768083017,-0.9737045457430044],[-80.72751082521101,-0.9737782004815757],[-80.72745968526894,-0.9738023491454301],[-80.72750384943471,-0.9738234101121462],[-80.72761156156122,-0.9738816746005341],[-80.72910916153137,-0.9741007280173761],[-80.73049479115508,-0.9742504631173716],[-80.73057659041596,-0.9740123613160421],[-80.73126145429745,-0.9742493965663215],[-80.73133025758757,-0.9739289267363631]]]}},{"type":"Feature","properties":{"name":"Las Cumbres","clave_catastral":"04","clave_parroquia":"04","descripcion":"Las Cumbres","layer":"barrios"},"geometry":{"type":"Polygon","coordinates":[[[-80.72922127346901,-0.9639811509764799],[-80.72895045677127,-0.9638584232103966],[-80.72866434502254,-0.9637287649620561],[-80.72857726339709,-0.9636893013919662],[-80.72816863471637,-0.9635041206569781],[-80.72775971129805,-0.9633188068678038],[-80.7276224241572,-0.9632565919040985],[-80.72732201239889,-0.9631203560215482],[-80.7272997618653,-0.9631099590142894],[-80.72686935872858,-0.9629088334594513],[-80.72637403830203,-0.962611412534855],[-80.7262116802477,-0.9627986109903617],[-80.72595679925075,-0.9630149601164533],[-80.72550167449583,-0.9633596743299222],[-80.72515031503379,-0.9636371229338748],[-80.72477757710833,-0.9639901471979186],[-80.72425797301946,-0.9646011099811744],[-80.72407958092103,-0.9648255361191644],[-80.72397295594016,-0.9649993174530637],[-80.72389742458105,-0.9651401306748397],[-80.72381601014646,-0.965364893120025],[-80.7237758948336,-0.9655489701407589],[-80.72376278857863,-0.9656947698367305],[-80.72375470978933,-0.9658674011714083],[-80.72376982441884,-0.9666060695398215],[-80.7237579058662,-0.9667467196748589],[-80.72372950035584,-0.9668592715307227],[-80.7236807786693,-0.9669704999281095],[-80.723621712564,-0.9670622787491112],[-80.723576330515,-0.9671212156102484],[-80.72348706821985,-0.9672177751967297],[-80.72226437628693,-0.9680926008200713],[-80.72146645937464,-0.9688157317565071],[-80.72066328015376,-0.9695472900083785],[-80.72038346686034,-0.9698021517213249],[-80.72024046300125,-0.9698981272013186],[-80.72015551056903,-0.9699351720513221],[-80.72046130356247,-0.9704601647408708],[-80.72054407360093,-0.9706014454844052],[-80.72059970341878,-0.9706674040482283],[-80.72066270460368,-0.9707178925477535],[-80.72091592607737,-0.970868093154138],[-80.7210086977346,-0.9709257522937662],[-80.72146578486365,-0.9712098395473276],[-80.7218395051463,-0.9714249423619633],[-80.72198331632555,-0.9715077159894321],[-80.7221390352986,-0.9715958074920793],[-80.72173458999087,-0.9722885858362106],[-80.72182942729096,-0.9723492262455409],[-80.72216893200661,-0.9724565299869284],[-80.72264966257896,-0.9725284099067579],[-80.72294885622684,-0.9726894974075718],[-80.72325434111279,-0.9728611338053383],[-80.72335946776012,-0.9728653524685598],[-80.72343391214739,-0.9728580898575672],[-80.72350540174519,-0.9728430242108317],[-80.72357449949045,-0.9728220018803881],[-80.72362812743376,-0.9728001168444108],[-80.72367552226412,-0.9727554929541498],[-80.72371418714599,-0.9727018863096503],[-80.72387112440829,-0.9724302976885468],[-80.72388809458477,-0.9723760498276732],[-80.72388525225138,-0.9723275719148319],[-80.72381009608868,-0.9722092859186944],[-80.72420536180155,-0.9718401710124169],[-80.72441907937296,-0.9720748247465281],[-80.72430372988032,-0.9721762882208367],[-80.72427270843531,-0.972239056139216],[-80.72424483862197,-0.972388400627267],[-80.72418903800911,-0.9728669979255072],[-80.72419939154145,-0.9732205896515893],[-80.72432227025897,-0.973234968927173],[-80.72456720913497,-0.9732683213333929],[-80.72487518291135,-0.973335299269209],[-80.72489453863221,-0.9733480776376098],[-80.72496469564925,-0.9733761298840166],[-80.72534777030948,-0.9734936781504615],[-80.72537979797164,-0.9735251701796557],[-80.72538733662721,-0.9735533013455893],[-80.72538741997552,-0.9738147871738363],[-80.72543363286596,-0.9738262379340625],[-80.72642674424009,-0.9738695959319728],[-80.72695337276626,-0.974041433646363],[-80.72745968526893,-0.9738023491454301],[-80.72751082521101,-0.9737782004815757],[-80.7276768083017,-0.9737045457430044],[-80.7280774619471,-0.9735474946026557],[-80.7300076984612,-0.9729559026786206],[-80.73031514425257,-0.9728616741574143],[-80.73058339793296,-0.9727577663404219],[-80.73093731381961,-0.9725929406580462],[-80.73142568217429,-0.9722867995835855],[-80.73200707742681,-0.9718931910226587],[-80.73272402345589,-0.9713883267938713],[-80.73286317412676,-0.9712569437540424],[-80.73303694372574,-0.971051112676875],[-80.7331615676348,-0.9708387108082803],[-80.7332568072499,-0.9706267455552506],[-80.73331921919191,-0.97042412945234],[-80.73336100669268,-0.9701867592589508],[-80.73336604366156,-0.9698975958382335],[-80.73328473571323,-0.969199950553147],[-80.73305157237432,-0.9671993469138158],[-80.7330290694418,-0.966921628095207],[-80.7330371704466,-0.966700527198114],[-80.73306372835196,-0.9664997251291396],[-80.73312336814195,-0.9662751550901446],[-80.73305855949086,-0.9662136536666707],[-80.73263067963771,-0.9657786210868267],[-80.73253130307272,-0.9656790480435974],[-80.7324994530204,-0.9656471350188411],[-80.7321251367302,-0.9652720785919797],[-80.73198833243549,-0.9651849938632324],[-80.73163412517059,-0.9654111712767417],[-80.73152528876786,-0.9656109460331949],[-80.73140478947518,-0.9662007585357344],[-80.73129674982842,-0.9673543143687482],[-80.73065083705038,-0.9671503979980541],[-80.73057737089782,-0.9677864201313895],[-80.73039257018151,-0.9679917348491357],[-80.72966459820542,-0.9677733662421276],[-80.72871345802562,-0.9674990750391855],[-80.72866941800235,-0.9674838753399939],[-80.72885091950423,-0.9671455700243143],[-80.72900678959464,-0.9668318364706465],[-80.72897285716678,-0.9668210403343521],[-80.72872819974982,-0.9666792775472145],[-80.72854523307763,-0.9665707051936182],[-80.72868782120074,-0.9663606846310273],[-80.72854976513541,-0.966218098603477],[-80.72836474095742,-0.9663930323071384],[-80.72832815539843,-0.9664214357326415],[-80.72829416046417,-0.9663719622536178],[-80.72820440056921,-0.9661930701967378],[-80.7280464991322,-0.9657455348428385],[-80.72800811699986,-0.9655961347776129],[-80.72800955197971,-0.9655099702401486],[-80.72801037673287,-0.9654604472439274],[-80.72806269993222,-0.9653436369808049],[-80.72814070627446,-0.9652670436021397],[-80.72815853708484,-0.9652575127521175],[-80.72824082670799,-0.9652135276458722],[-80.72836068252855,-0.9651912755077205],[-80.72924564585553,-0.9652760609739347],[-80.72932471643573,-0.9652736735698114],[-80.72941428234516,-0.9652529981429866],[-80.72947156660314,-0.9652084559286039],[-80.7295131251632,-0.9651293514899635],[-80.72968121780393,-0.9648093963164683],[-80.72969150591427,-0.9647042717443384],[-80.72968319601601,-0.964682395649973],[-80.72965519262964,-0.9646086750191643],[-80.72922127346901,-0.9639811509764799]]]}},{"type":"Feature","properties":{"name":"Jesus de Nazareth","clave_catastral":"02","clave_parroquia":"02","descripcion":"Jesus de Nazareth","layer":"barrios"},"geometry":{"type":"Polygon","coordinates":[[[-80.75702711925473,-0.9601110154265768],[-80.7570185516064,-0.9603141397487037],[-80.75701851905794,-0.9606364685406703],[-80.75701930493783,-0.9608505269313241],[-80.75701856372912,-0.9613917737646888],[-80.75700582648676,-0.961390579712429],[-80.7570365937552,-0.9617634811677647],[-80.75708564669648,-0.9624284919766523],[-80.7570928694224,-0.9625204387878056],[-80.75711396539393,-0.9625187389464713],[-80.75711668321111,-0.962600818309312],[-80.75714970411009,-0.9630091831366485],[-80.75716159661366,-0.9640338243077052],[-80.75714638344492,-0.9640332653509205],[-80.75714225998611,-0.9642233036367571],[-80.75706103227247,-0.9642238632874295],[-80.75705484318715,-0.964384545341602],[-80.75661794819904,-0.9643874365479093],[-80.75618376357991,-0.9644150815796735],[-80.75608020816125,-0.9644162131552036],[-80.75578117545939,-0.9644129888627049],[-80.75548769267455,-0.9644242793763026],[-80.75517788604937,-0.9644476846989108],[-80.75514948811592,-0.9644556523256114],[-80.75510097471545,-0.9644829116595588],[-80.755082861059,-0.964499423305824],[-80.75501712066158,-0.9646001928849728],[-80.75491431748563,-0.9645813522087394],[-80.75482488558549,-0.9649935973056216],[-80.75462307258125,-0.9656804744662395],[-80.75445170612873,-0.9663167645544064],[-80.75359048869716,-0.9699011549914331],[-80.7534838926114,-0.9702486493564209],[-80.75340184747051,-0.9705161103340884],[-80.75346891666214,-0.9705498911793455],[-80.75352018202952,-0.9705757111348703],[-80.75358896066878,-0.9706103524927414],[-80.75362675337628,-0.9706324756764532],[-80.75366454608434,-0.9706545988598521],[-80.7537238632395,-0.9706999749337654],[-80.75378318039638,-0.9707453510070252],[-80.753853192183,-0.9708049319729071],[-80.75392320397216,-0.9708645129379079],[-80.75395642246585,-0.9708901451943603],[-80.75398670026817,-0.9709135081965884],[-80.75401871804017,-0.9709382148357831],[-80.75405019656613,-0.9709625034544729],[-80.754105068174,-0.9710095438842643],[-80.75418785281917,-0.9710805134964745],[-80.75421586471666,-0.9711045268255418],[-80.75425712762285,-0.97113989988857],[-80.75431677243985,-0.9711910318111876],[-80.75439342499739,-0.9712567436416606],[-80.75444128198292,-0.9713098542290625],[-80.75450405700734,-0.9713900622829924],[-80.75453272409798,-0.9714519020186003],[-80.75454647315118,-0.9714866442873813],[-80.75460835164763,-0.9715355037130422],[-80.7547016415111,-0.9716053549471155],[-80.75473305287665,-0.9716263467560822],[-80.75486400212625,-0.971697919707438],[-80.7548990206849,-0.971726842558013],[-80.75494381036071,-0.9717638344186099],[-80.75502361859841,-0.9718297491286735],[-80.75507264430573,-0.9718791052069663],[-80.75512167001442,-0.9719284612848895],[-80.75521290390462,-0.9720295568806563],[-80.75526807203357,-0.9720906883422913],[-80.75550412635043,-0.9722879798503214],[-80.75565202267181,-0.972293645129909],[-80.75574846242752,-0.9723069515446952],[-80.75588840232706,-0.9723417029986193],[-80.75593190247011,-0.9723631480398893],[-80.75598977670299,-0.9724769660893031],[-80.75600670788559,-0.9725565302512109],[-80.75600702774896,-0.972558030301073],[-80.7560117889401,-0.9725917767220693],[-80.75605654177814,-0.9726915254132109],[-80.75611194314297,-0.9728218996680766],[-80.75614577727286,-0.9728986676641682],[-80.75619413025996,-0.9729292959703457],[-80.756247566444,-0.9728902159302351],[-80.75628248741532,-0.9728515416671683],[-80.75659040021269,-0.9725139938062456],[-80.75657067531446,-0.9724755010392983],[-80.75656574959318,-0.972417285534121],[-80.7565670334553,-0.9724093552354844],[-80.75657402846329,-0.9723661477113552],[-80.7565797478697,-0.9723483938905844],[-80.75660683638736,-0.972264302082138],[-80.75691195678029,-0.9716748540688513],[-80.75694044332454,-0.9716951303753801],[-80.75704488161372,-0.9717187963797471],[-80.75714266923865,-0.9717366264522269],[-80.75717524992524,-0.9717454950712465],[-80.75727109521031,-0.97173878716805],[-80.75734440399633,-0.9717336554654423],[-80.75742227778535,-0.9717282047247551],[-80.75751355806841,-0.971721815850799],[-80.75764010658662,-0.9717474285845213],[-80.75767066338155,-0.9717788245962568],[-80.75770122017705,-0.9718102206078499],[-80.75773045941618,-0.9718531553309475],[-80.75775756873446,-0.9718929613763124],[-80.75778569718024,-0.9719342657125196],[-80.75781391729433,-0.9719757021444764],[-80.75789651295288,-0.9720264629321633],[-80.7579060397305,-0.9720327966639674],[-80.75793902332889,-0.9720634690730634],[-80.75797290461195,-0.9720971235059749],[-80.75795744047437,-0.972178008033751],[-80.75793963936206,-0.972247760709962],[-80.75792035476287,-0.9723241629754539],[-80.75794906704034,-0.9723835599568814],[-80.75800052089407,-0.9724140979911199],[-80.75805197474888,-0.9724446360247612],[-80.75811102262631,-0.9724863931415229],[-80.7581700705053,-0.9725281502576025],[-80.75819972939829,-0.9725471515297811],[-80.75823235451574,-0.9725633483815841],[-80.75827989971638,-0.9725784154078951],[-80.75833050154888,-0.9725832593104968],[-80.7583483876531,-0.9725821749346721],[-80.75844402159242,-0.9725524165151002],[-80.75847988506294,-0.972530796274313],[-80.75853498389085,-0.9724931638621968],[-80.75858010847747,-0.972421920357931],[-80.75862523306199,-0.9723506768525708],[-80.75866357015015,-0.9723018246945402],[-80.75871574817039,-0.9722602112968417],[-80.75872122872136,-0.9722897960573533],[-80.75873888865492,-0.9723094297663977],[-80.75875870401481,-0.9723527673123727],[-80.75876948700565,-0.9723887307351191],[-80.75878983868932,-0.972473685471229],[-80.75883211392812,-0.9725820188619849],[-80.75886478700006,-0.9726317908015005],[-80.7589101460972,-0.9727008893918025],[-80.75898533488196,-0.9727761241327215],[-80.75902929852525,-0.972814646681357],[-80.75908985559873,-0.9728677101885382],[-80.75914551147382,-0.9729217413940745],[-80.75917714318467,-0.9729160764961335],[-80.75925920122039,-0.9729441739683296],[-80.75937500885261,-0.9729747618437018],[-80.7594559464801,-0.9729593421644012],[-80.75950313451244,-0.9729414320798072],[-80.75958030012154,-0.9728847116249285],[-80.75965746572827,-0.9728279911676054],[-80.75965784886685,-0.9731292632018693],[-80.75976844067493,-0.9731997488770077],[-80.75983251638515,-0.9733187242483865],[-80.75987008291948,-0.973362877313491],[-80.75991568525833,-0.9733227055513821],[-80.76007920074491,-0.9731786459092008],[-80.76028400245866,-0.9730209224962465],[-80.76042089303294,-0.9729641158177458],[-80.76069044292882,-0.9729484834021491],[-80.76083865446732,-0.9729464131218747],[-80.76108879574122,-0.9728546017942108],[-80.76130244364852,-0.9727949054367996],[-80.7614161855688,-0.9728043226298411],[-80.76154493513843,-0.9728456322972079],[-80.76157721720952,-0.972627506391504],[-80.76250995084916,-0.9711415313505114],[-80.76151020154323,-0.970392287382836],[-80.76129931838328,-0.9699405109047348],[-80.76128356380225,-0.9698790825516284],[-80.76124509093081,-0.969729073788983],[-80.76119086348204,-0.9695176366737428],[-80.76119379564078,-0.9693595369112415],[-80.76119672779743,-0.969201437148513],[-80.76124464830416,-0.9689907310588382],[-80.76131773457375,-0.9687868121576315],[-80.76139837067387,-0.9685833461478239],[-80.76146264435224,-0.9684421237714959],[-80.76163491560541,-0.9681301348251736],[-80.76151848484092,-0.9680664242822701],[-80.76171176419625,-0.9676812168442411],[-80.76247701778985,-0.9668227268607268],[-80.76236347367829,-0.9666856038798528],[-80.76216557355782,-0.9664409000137226],[-80.76211892718706,-0.966387249488406],[-80.76207895806479,-0.9663578984284413],[-80.76187145403566,-0.9662729024528574],[-80.7617522840223,-0.9662317446217656],[-80.76166832880772,-0.9662027487227505],[-80.7615420273783,-0.9661672150318026],[-80.76131203448878,-0.9661104474452458],[-80.76123103009193,-0.9660933461111085],[-80.7609322606261,-0.9660493320099874],[-80.76087866444225,-0.9660420404153598],[-80.76057708857284,-0.9660010119374505],[-80.76000761448655,-0.9659395002506131],[-80.75991085176477,-0.9659322628428555],[-80.75981385782188,-0.9659283330752116],[-80.75979428121765,-0.9659280367435912],[-80.75989759470784,-0.9652383202405447],[-80.75995661261726,-0.9648090416502556],[-80.76017384074844,-0.96316955094332],[-80.76009207597463,-0.9621375427720408],[-80.75953647728812,-0.9621261835380182],[-80.759528584916,-0.9620116923715045],[-80.75951726545436,-0.9619484588230875],[-80.75950581042386,-0.9619087796708926],[-80.75947549157016,-0.9618300785729872],[-80.7594219775535,-0.9617260526949424],[-80.7592915918715,-0.9614941060158202],[-80.75920843877356,-0.9612777990610938],[-80.75912811391282,-0.9610694343568865],[-80.75889423719484,-0.9603793501345308],[-80.75862587846039,-0.9595728032904702],[-80.75846712357273,-0.9592060970365708],[-80.75845259324221,-0.9591731794427005],[-80.75839513163041,-0.9590485812363455],[-80.75828746740277,-0.9591999366033974],[-80.75817045484652,-0.9593722779240892],[-80.75806735720415,-0.9594978464508586],[-80.75804767896108,-0.959518494593823],[-80.75793845929499,-0.9596330974637227],[-80.75781122368282,-0.9597345755701808],[-80.7576949309184,-0.9598157152330344],[-80.75752626214899,-0.9599126126642261],[-80.75728805344754,-0.9600114248029712],[-80.75702711925473,-0.9601110154265768]],[[-80.75877791663198,-0.9712128667669759],[-80.75950926396578,-0.9699202967445473],[-80.76050801185959,-0.9704828980953691],[-80.75976477367011,-0.9717874360954539],[-80.75877791663198,-0.9712128667669759]]]}},{"type":"Feature","properties":{"name":"Las Palmitas","clave_catastral":"04","clave_parroquia":"04","descripcion":"Las Palmitas","layer":"barrios"},"geometry":{"type":"Polygon","coordinates":[[[-80.72672454700363,-0.9968109474189646],[-80.72694122318055,-0.9966052470468584],[-80.72718515665554,-0.9963736712669515],[-80.7263589504176,-0.9956018568122857],[-80.72622207603541,-0.9952414872977187],[-80.72614633183073,-0.9946261836473554],[-80.7258964146224,-0.9943081833032466],[-80.7257311909276,-0.9941194526764717],[-80.72536386432414,-0.9942726284781999],[-80.72524685131928,-0.9940770626957517],[-80.72483139284058,-0.9943768306060577],[-80.72481116103283,-0.9943996854165532],[-80.7248341181751,-0.9944897801280774],[-80.72491893911739,-0.9948226581086459],[-80.72500972374999,-0.9951475626581754],[-80.72535722102586,-0.995036785959897],[-80.72552698165515,-0.9956855957999835],[-80.72562949875642,-0.9960869889458763],[-80.72566952992412,-0.996103353223802],[-80.725999787801,-0.9960015023634838],[-80.72648078907031,-0.9965481878242172],[-80.72672454700363,-0.9968109474189646]]]}},{"type":"Feature","properties":{"name":"30 de Agosto","clave_catastral":"04","clave_parroquia":"04","descripcion":"30 de Agosto","layer":"barrios"},"geometry":{"type":"Polygon","coordinates":[[[-80.72718515665554,-0.9963736712669515],[-80.72727007197409,-0.996293057989746],[-80.72761309833605,-0.9959812672325229],[-80.72775155677905,-0.9958365554760178],[-80.72795915347997,-0.9956159806754812],[-80.72805646690024,-0.9955012152777839],[-80.72807067379611,-0.9954844601679724],[-80.728714191065,-0.9945590234412975],[-80.728162879464,-0.9942892690524019],[-80.72763129183345,-0.9940576581312682],[-80.72742058042509,-0.9940223726719069],[-80.72733708327168,-0.994211366178817],[-80.72717801964808,-0.9941903293432972],[-80.72695329006837,-0.9941842335209969],[-80.72677886255221,-0.9939957700061797],[-80.7265457648879,-0.993864949011609],[-80.7264633815101,-0.9937657214255893],[-80.72642564417207,-0.9936710338289033],[-80.7263769636212,-0.9936226511067048],[-80.72625101390975,-0.9935876615276271],[-80.72616615836786,-0.9936083492521277],[-80.72599283644313,-0.9936917799315381],[-80.72567537235933,-0.994027136020776],[-80.7257311909276,-0.9941194526764717],[-80.7258964146224,-0.9943081833032466],[-80.72614633183073,-0.9946261836473554],[-80.72622207603541,-0.9952414872977187],[-80.7263589504176,-0.9956018568122857],[-80.72718515665554,-0.9963736712669515]]]}},{"type":"Feature","properties":{"name":"San Juan","clave_catastral":"02","clave_parroquia":"02","descripcion":"San Juan","layer":"barrios"},"geometry":{"type":"Polygon","coordinates":[[[-80.75658058031291,-0.9948860974614178],[-80.7566127043472,-0.995009007924736],[-80.75680586340025,-0.9958258880029262],[-80.75710896525364,-0.9972501883650436],[-80.75729021465526,-0.9983333711390401],[-80.757337706561,-0.9992878800687633],[-80.75733467357547,-1.000101752780267],[-80.75738217814963,-1.000882715521143],[-80.75732861849569,-1.001603827095011],[-80.75716508895813,-1.002085555907811],[-80.75677264492249,-1.002896407582355],[-80.75689519322063,-1.002932234626002],[-80.75702181975599,-1.002950958231196],[-80.75702797374417,-1.002952568188618],[-80.75716842614703,-1.002989297662396],[-80.75727405046449,-1.003043049560077],[-80.75731919004775,-1.003069128781306],[-80.75733469374761,-1.003078085765864],[-80.75745217330017,-1.003143900276655],[-80.75761310788333,-1.003201943761709],[-80.75769841467218,-1.003208065126202],[-80.75770607783055,-1.003208614862658],[-80.75777293625552,-1.00322048072988],[-80.75784094618406,-1.003242730158277],[-80.75787066588322,-1.003256843296896],[-80.75792413051697,-1.00329076072498],[-80.75795665400507,-1.003311393487422],[-80.75798051209738,-1.003332448108964],[-80.75811061651399,-1.003419437619115],[-80.7581330161466,-1.003436452554496],[-80.75815889361219,-1.00344854425974],[-80.75818436903974,-1.00345211437272],[-80.7582730818892,-1.003451660468897],[-80.75838227030529,-1.003440038405685],[-80.75858975539902,-1.00339276679631],[-80.75859367694476,-1.003391873223691],[-80.75862518180995,-1.003391868325608],[-80.75865243597804,-1.00339533995249],[-80.75865859625831,-1.003396975239866],[-80.75867546737328,-1.003401452144828],[-80.75871022948733,-1.0034261979268],[-80.75874224760864,-1.003462472358336],[-80.75875769394024,-1.003481677102485],[-80.75878084536845,-1.003517894783059],[-80.75887796726356,-1.003579137618388],[-80.75903046721392,-1.004257384816611],[-80.75904788077256,-1.004316952908283],[-80.75904998164972,-1.00432414106875],[-80.75908635066118,-1.004424937776733],[-80.75910669118906,-1.00449046728923],[-80.75924268631734,-1.004762836587545],[-80.75970051286068,-1.005009104360283],[-80.75985805214523,-1.005137779954225],[-80.75989074495952,-1.005215579296305],[-80.759935326308,-1.005317316615319],[-80.76008691874063,-1.005475913587716],[-80.76022447421742,-1.00556529929743],[-80.76032583210093,-1.005704707949477],[-80.76055005668307,-1.005854720859077],[-80.76102375642665,-1.004727742571376],[-80.76130180438038,-1.004242015782637],[-80.76258236166129,-1.00382325921764],[-80.76293061721881,-1.002817926332767],[-80.76313905873451,-1.001442403996663],[-80.7630889245596,-1.000989117127773],[-80.76305902729119,-1.000718802468896],[-80.76295597993123,-1.00008662130972],[-80.76277045227884,-0.9998157669814987],[-80.76249153265479,-0.9994085689543937],[-80.76238129160393,-0.9992837205604843],[-80.76231092044932,-0.9993652359645181],[-80.76218253739056,-0.9994883690596197],[-80.76215412455042,-0.999511772114886],[-80.76211355737189,-0.9993953641658635],[-80.76205815756353,-0.9992371751310714],[-80.76178676595242,-0.9984622448306766],[-80.76172929534941,-0.9983536641983193],[-80.76170651060727,-0.9983028673784843],[-80.7616424111384,-0.9982492729912451],[-80.76148379495164,-0.9978753692906537],[-80.76199958804995,-0.9978005419065852],[-80.7620387205407,-0.9978025286132919],[-80.76206258324768,-0.997808058706255],[-80.76208409408473,-0.9978150781197286],[-80.76204245958341,-0.9977800461104493],[-80.76176305346524,-0.9975167140227512],[-80.76167982724077,-0.9974269424701702],[-80.76115016550266,-0.997007166793651],[-80.76114723198022,-0.9970048423519557],[-80.7611210082316,-0.9969840590024432],[-80.76111245292886,-0.9969777668253812],[-80.76040731033112,-0.997016594847338],[-80.76036906337735,-0.9968954743771832],[-80.76025876293232,-0.9965897910438741],[-80.76064470423437,-0.9966235481853686],[-80.76085449200373,-0.9966331200873668],[-80.76116493458794,-0.9966083588398078],[-80.76159720955019,-0.9965368115681058],[-80.76194979401278,-0.9964654782869786],[-80.76213829664059,-0.9964336485342075],[-80.76241493131661,-0.996414065135525],[-80.76275928828666,-0.9964034451672886],[-80.76292014262569,-0.9964092043808535],[-80.76294025034093,-0.9963789349153274],[-80.76302628932068,-0.9962495163059372],[-80.76304465976962,-0.9962392400069149],[-80.76381032755555,-0.9958109271842943],[-80.76431089494893,-0.9954644958424979],[-80.76463185653019,-0.9947749767973448],[-80.76432390137559,-0.9932103420515971],[-80.76460315058247,-0.9926674887936288],[-80.76223441943318,-0.9896979756662745],[-80.76121003793156,-0.9903530524157986],[-80.7605275642534,-0.9909583883129613],[-80.7604460083386,-0.9913659719795334],[-80.76042047176833,-0.9916819154135936],[-80.76026905442177,-0.9916016623500212],[-80.75993375330573,-0.991489131356417],[-80.75959607554738,-0.9913550578573478],[-80.75947003921775,-0.9913335045327187],[-80.75930119973435,-0.9912688607530669],[-80.75913442059135,-0.9912251993974621],[-80.75894449418875,-0.9911754792344283],[-80.75885603101273,-0.9911333851508318],[-80.75846651696834,-0.9909480381468967],[-80.75803372112047,-0.9907397505464814],[-80.75772219736467,-0.9906727023193155],[-80.75739165206298,-0.9905721409123771],[-80.75706823725265,-0.9905170612060346],[-80.75620261013147,-0.9905912033001414],[-80.75631055432012,-0.9912170579744384],[-80.75631274759805,-0.9912388392809532],[-80.75632944399726,-0.991382464883884],[-80.75637505908371,-0.991774859983849],[-80.7563825341984,-0.991839162636694],[-80.75642266465937,-0.9921843761616458],[-80.75646064274615,-0.9925015495279297],[-80.75649396339732,-0.9927798249999144],[-80.75648605196005,-0.9928930465552526],[-80.75642214318145,-0.9938076906320816],[-80.756432625989,-0.993916849546622],[-80.75644588577066,-0.9940549217222525],[-80.75649383347675,-0.9945541880033205],[-80.75658058031291,-0.9948860974614178]]]}},{"type":"Feature","properties":{"name":"Valle Claro","clave_catastral":"02","clave_parroquia":"02","descripcion":"Valle Claro","layer":"barrios"},"geometry":{"type":"Polygon","coordinates":[[[-80.7630889245596,-1.000989117127773],[-80.76380403270683,-1.000894553337673],[-80.76435634849925,-1.000878308349101],[-80.76495111216158,-1.000520172284794],[-80.76566267146187,-1.000087845593356],[-80.76620804464834,-0.9998708539238379],[-80.76654030024368,-0.9996740674183825],[-80.76676463541801,-0.9991232928987728],[-80.76675738272365,-0.9982725777327346],[-80.76667674817645,-0.9976383977919311],[-80.76613667887818,-0.9967016110423685],[-80.76543038111214,-0.9963339723487791],[-80.76431089494893,-0.9954644958424979],[-80.76381032755555,-0.9958109271842943],[-80.76304465976962,-0.9962392400069149],[-80.76302628932068,-0.9962495163059372],[-80.76294025034093,-0.9963789349153274],[-80.76292014262569,-0.9964092043808535],[-80.76275928828666,-0.9964034451672886],[-80.76241493131661,-0.996414065135525],[-80.76213829664059,-0.9964336485342075],[-80.76194979401278,-0.9964654782869786],[-80.76159720955019,-0.9965368115681058],[-80.76116493458794,-0.9966083588398078],[-80.76085449200373,-0.9966331200873668],[-80.76064470423437,-0.9966235481853686],[-80.76025876293232,-0.9965897910438741],[-80.76036906337735,-0.9968954743771832],[-80.76040731033112,-0.997016594847338],[-80.76111245292886,-0.9969777668253812],[-80.7611210082316,-0.9969840590024432],[-80.76114723198022,-0.9970048423519557],[-80.76115016550266,-0.997007166793651],[-80.76167982724077,-0.9974269424701702],[-80.76176305346524,-0.9975167140227512],[-80.76204245958341,-0.9977800461104493],[-80.76208409408473,-0.9978150781197286],[-80.76206258324768,-0.997808058706255],[-80.7620387205407,-0.9978025286132919],[-80.76199958804995,-0.9978005419065852],[-80.76148379495164,-0.9978753692906537],[-80.7616424111384,-0.9982492729912451],[-80.76170651060727,-0.9983028673784843],[-80.76172929534941,-0.9983536641983193],[-80.76178676595242,-0.9984622448306766],[-80.76205815756353,-0.9992371751310714],[-80.76211355737189,-0.9993953641658635],[-80.76215412455042,-0.999511772114886],[-80.76218253739056,-0.9994883690596197],[-80.76231092044932,-0.9993652359645181],[-80.76238129160393,-0.9992837205604843],[-80.76249153265479,-0.9994085689543937],[-80.76277045227884,-0.9998157669814987],[-80.76295597993123,-1.00008662130972],[-80.76305902729119,-1.000718802468896],[-80.7630889245596,-1.000989117127773]]]}},{"type":"Feature","properties":{"name":"Urbirrios 2","clave_catastral":"04","clave_parroquia":"04","descripcion":"Urbirrios 2","layer":"barrios"},"geometry":{"type":"Polygon","coordinates":[[[-80.7236920230242,-0.9959017288521183],[-80.72374658668043,-0.9961145106875904],[-80.72379079485614,-0.9962999343569692],[-80.72399849879623,-0.9968023381953656],[-80.72410782213694,-0.9971301765303479],[-80.72414778802269,-0.9972073396863125],[-80.72419379569307,-0.9972730704295998],[-80.72405976691068,-0.997378591771195],[-80.72402334238129,-0.9974083177327203],[-80.72392562798136,-0.9974899385751002],[-80.7238943073875,-0.9975123200607073],[-80.72391147163796,-0.99753546629411],[-80.72437198087077,-0.9981784306700234],[-80.72465734434302,-0.9979869194082909],[-80.72487157783095,-0.9983213131250466],[-80.72494085472736,-0.9983741870666735],[-80.72502364055772,-0.9984166126502457],[-80.7250792711569,-0.9986296476922405],[-80.72614597912529,-1.000273577725196],[-80.72741928379928,-1.002243677419187],[-80.72800866416513,-1.003155585252671],[-80.72802602106036,-1.00318244073064],[-80.72874280159515,-1.004253086443612],[-80.72995155112649,-1.006097118305121],[-80.73091515481462,-1.007507165163631],[-80.7309545947929,-1.007544764020068],[-80.73098351413242,-1.007507515542912],[-80.7311001272356,-1.007357321146031],[-80.73123179211781,-1.007135926641524],[-80.73131126479463,-1.007030553428635],[-80.73149386362613,-1.006735518133638],[-80.73169716609563,-1.006498440805757],[-80.73172578165419,-1.006449783790387],[-80.73174078407409,-1.006410586290016],[-80.73175265046933,-1.006361635663467],[-80.73176312417968,-1.006351071226646],[-80.73177525235731,-1.006354303885246],[-80.73178987661663,-1.006367230810113],[-80.73182804079651,-1.006420734502527],[-80.73186792317688,-1.006478049011704],[-80.73186997087258,-1.006475313312109],[-80.7320036167204,-1.006296752817946],[-80.73203459103578,-1.006255369026064],[-80.73206111399504,-1.006219931581157],[-80.732597144432,-1.005503756227256],[-80.73274247949014,-1.005309578485353],[-80.7315556697754,-1.004605971613884],[-80.7305027656586,-1.003034035438048],[-80.73050921091003,-1.003029435242709],[-80.7302941525095,-1.002674107629005],[-80.73008133849522,-1.002311504433237],[-80.72985808522235,-1.001979841650453],[-80.72972681414761,-1.001786582785257],[-80.72974237125813,-1.001727741800281],[-80.72953979966567,-1.001410777074213],[-80.72929142452861,-1.001033953110976],[-80.72913618449306,-1.000855679653895],[-80.72892002514676,-1.0005085442493],[-80.72870378452743,-1.000176074620256],[-80.72847387892385,-0.9998053099556756],[-80.72823081923039,-0.9994643909876544],[-80.72797962124378,-0.9990608730397383],[-80.72774173306874,-0.9986787354694826],[-80.72752288119845,-0.9983333364758665],[-80.72733663594028,-0.9980436292308071],[-80.72730017910781,-0.9979855242745685],[-80.72718072753133,-0.9978020736233759],[-80.72707130799937,-0.997634031161283],[-80.72686005231857,-0.9973066593051385],[-80.72659958061111,-0.9969307759594129],[-80.72672454700363,-0.9968109474189646],[-80.72648078907031,-0.9965481878242172],[-80.725999787801,-0.9960015023634838],[-80.72566952992412,-0.996103353223802],[-80.72562949875642,-0.9960869889458763],[-80.72552698165515,-0.9956855957999835],[-80.72535722102586,-0.995036785959897],[-80.72500972374999,-0.9951475626581754],[-80.72491893911739,-0.9948226581086459],[-80.7248341181751,-0.9944897801280774],[-80.72480728996541,-0.9945122417569081],[-80.72469770081356,-0.9946039818334924],[-80.7240476640464,-0.9950296196666671],[-80.72415403811765,-0.9953611336097481],[-80.72413331878639,-0.9953853774051709],[-80.7236920230242,-0.9959017288521183]]]}},{"type":"Feature","properties":{"name":"Santa Marianita","clave_catastral":"02","clave_parroquia":"02","descripcion":"Santa Marianita","layer":"barrios"},"geometry":{"type":"Polygon","coordinates":[[[-80.75658058031291,-0.9948860974614178],[-80.75649383347675,-0.9945541880033205],[-80.75644588577066,-0.9940549217222525],[-80.756432625989,-0.993916849546622],[-80.75642214318145,-0.9938076906320816],[-80.75648605196005,-0.9928930465552526],[-80.75649396339732,-0.9927798249999144],[-80.75646064274615,-0.9925015495279297],[-80.75642266465937,-0.9921843761616458],[-80.7563825341984,-0.991839162636694],[-80.75637505908371,-0.991774859983849],[-80.75632944399726,-0.991382464883884],[-80.75631274759805,-0.9912388392809532],[-80.75631055432012,-0.9912170579744384],[-80.75620261013147,-0.9905912033001414],[-80.75706823725265,-0.9905170612060346],[-80.75739165206298,-0.9905721409123771],[-80.75772219736467,-0.9906727023193155],[-80.75803372112047,-0.9907397505464814],[-80.75846651696834,-0.9909480381468967],[-80.75885603101273,-0.9911333851508318],[-80.75894449418875,-0.9911754792344283],[-80.75913442059135,-0.9912251993974621],[-80.75930119973435,-0.9912688607530669],[-80.75947003921775,-0.9913335045327187],[-80.75959607554738,-0.9913550578573478],[-80.75993375330573,-0.991489131356417],[-80.76026905442177,-0.9916016623500212],[-80.76042047176833,-0.9916819154135936],[-80.7604460083386,-0.9913659719795334],[-80.7605275642534,-0.9909583883129613],[-80.76058854452712,-0.9906536333183596],[-80.76060946674151,-0.9905166818376755],[-80.76061900390195,-0.9903790102758449],[-80.76061610069287,-0.9902548977635206],[-80.76060337809203,-0.9901307718714776],[-80.76038019676908,-0.9898714011710011],[-80.76002051917939,-0.9894499787211686],[-80.75960584246162,-0.9889641153255297],[-80.75927034432564,-0.9885710232136944],[-80.75914751672732,-0.9884259549632617],[-80.75626829098867,-0.9850253807232292],[-80.75594385226539,-0.983994115305876],[-80.75589099074789,-0.9838845025648482],[-80.75584961485019,-0.9838068908425299],[-80.75583707345109,-0.9837491441706163],[-80.75583635370378,-0.9836861290105929],[-80.75581776376637,-0.9835811544623709],[-80.7557735842311,-0.9834071592342326],[-80.75572026237282,-0.9832606036766407],[-80.75564283163018,-0.9830225686185656],[-80.75557558265166,-0.9827886914719244],[-80.75553585242871,-0.9826442040457692],[-80.75538053903705,-0.9822692944381116],[-80.7552712835667,-0.9819564254055706],[-80.75520978450565,-0.9817762685525224],[-80.75518162979012,-0.9816946502452595],[-80.75513905053569,-0.9814913492906499],[-80.75509332362991,-0.9812444997758973],[-80.75501645464915,-0.9809806302192641],[-80.75489357357024,-0.9805656646578882],[-80.75482163931271,-0.9803479730319395],[-80.75473025351918,-0.9800320054998934],[-80.75466329730108,-0.9798357598710083],[-80.75460066964148,-0.9796674928592068],[-80.75453914826828,-0.979436842027539],[-80.75447545658724,-0.9792177496001813],[-80.75440328436147,-0.9789285481120231],[-80.75435956453502,-0.9787248360063926],[-80.75428026115581,-0.9784016224340205],[-80.75424902914614,-0.978274327788185],[-80.75423134427588,-0.9782022519380575],[-80.75396889203252,-0.9772239801998808],[-80.7538891714522,-0.9769318392228001],[-80.75386603811253,-0.9768470670319119],[-80.75384795915421,-0.9767808166482865],[-80.75382104558848,-0.9766821901965131],[-80.75381709450205,-0.9766695446292033],[-80.75379768322827,-0.9766074278146847],[-80.75376335271766,-0.9764975678087496],[-80.75374558012943,-0.9764576936643293],[-80.75371947256907,-0.9763991192410516],[-80.7537072698101,-0.9763717405996603],[-80.75368899937128,-0.9763307481842247],[-80.75357990671048,-0.9761880376988188],[-80.75355514514457,-0.97615973260217],[-80.75333266044453,-0.975905402927154],[-80.75311554416295,-0.9757143868722123],[-80.75275244912604,-0.9753752012173892],[-80.75273539192443,-0.9753609252798441],[-80.7523136039283,-0.9750079093224002],[-80.75219957559489,-0.9749210006900313],[-80.75206841268655,-0.9748210329585875],[-80.75196200527887,-0.9751513755135335],[-80.75188780912865,-0.9753834060224448],[-80.75184615728003,-0.9755064899918012],[-80.7518115530543,-0.9756761097020928],[-80.75171300247288,-0.9760408938791869],[-80.75157492716842,-0.9765382334902171],[-80.75153391194758,-0.976654843447136],[-80.75149285973548,-0.976749462506902],[-80.75147295556818,-0.9767791204002378],[-80.75145482840362,-0.9768314185514555],[-80.75144763382973,-0.9768952828812871],[-80.75143209537613,-0.9770217998813564],[-80.75136800538702,-0.9772915289056954],[-80.75129458147627,-0.9775101949092715],[-80.75116114862892,-0.9780012161481721],[-80.75105009789476,-0.9783675337182701],[-80.75089118131744,-0.9789514177277852],[-80.7508573236031,-0.9790282361048241],[-80.75080714933785,-0.9791131586170537],[-80.7507059381315,-0.9792988703142811],[-80.75068546720418,-0.9794583235145636],[-80.7506517646865,-0.9796067200455668],[-80.75060657566995,-0.9796951595150604],[-80.75038467020148,-0.9803089846611924],[-80.75037855589011,-0.9803309742396635],[-80.75034890746075,-0.9804803086922647],[-80.75035215166126,-0.9806042684478343],[-80.7504201118866,-0.9806918414000165],[-80.7504421768321,-0.9808388059959867],[-80.75040252360799,-0.9809928525747296],[-80.75019240395719,-0.9817146445387692],[-80.75006546488297,-0.9820932439856023],[-80.7499169005942,-0.9826345834867993],[-80.74960758464097,-0.9825764761729375],[-80.74858918251337,-0.980807475387124],[-80.7485613962153,-0.9807592100961386],[-80.7484466284497,-0.9805598545212746],[-80.7467861521097,-0.9811337341553781],[-80.747187855391,-0.9819625570558373],[-80.74741740909349,-0.9824340634873039],[-80.74796524669233,-0.9835658808826508],[-80.74839115975618,-0.9844453184014981],[-80.74871208155167,-0.984964923415518],[-80.74886871320236,-0.9851820490850827],[-80.74892076048828,-0.9852582494512491],[-80.7490171154649,-0.9853798189620875],[-80.74904238980189,-0.9854095432305598],[-80.74932788243775,-0.9857074737711855],[-80.74991290344182,-0.9862318159517685],[-80.75014805682021,-0.9864266289946215],[-80.75046787061211,-0.9866606597847607],[-80.74973356983953,-0.9875379052998454],[-80.75015887686318,-0.9899473866465769],[-80.75084637728001,-0.9904444710974758],[-80.75166937839924,-0.9913502105621034],[-80.75169822183416,-0.9913978372053266],[-80.75223092367345,-0.9922774508089559],[-80.75237722768267,-0.9925190338739611],[-80.7523924170993,-0.9930064846603273],[-80.75239627093974,-0.9931301755743647],[-80.75241984050453,-0.9938865921471063],[-80.75241860215874,-0.9938959568118264],[-80.75228226622518,-0.9949270298130273],[-80.75228533335905,-0.9949454311473857],[-80.75344541331523,-0.9949296896222678],[-80.75497002572074,-0.994923201289339],[-80.75494835240124,-0.99480854084608],[-80.754940508914,-0.9947185151610967],[-80.75494191812233,-0.9946712897711905],[-80.75495358040178,-0.9945814265841193],[-80.75497296454854,-0.9945000982004188],[-80.75498753232752,-0.9944389745752318],[-80.75505407322551,-0.994463812308723],[-80.75625744830586,-0.9949283284178988],[-80.75658058031291,-0.9948860974614178]]]}},{"type":"Feature","properties":{"name":"Nuevo Manta","clave_catastral":"04","clave_parroquia":"04","descripcion":"Nuevo Manta","layer":"barrios"},"geometry":{"type":"Polygon","coordinates":[[[-80.72385529278925,-0.9911145415343583],[-80.7239564381862,-0.9914854949464029],[-80.72406922983359,-0.9917246103286743],[-80.72436033326295,-0.9927691906066655],[-80.72452653012326,-0.9933655612567945],[-80.72465857367182,-0.9939715045840103],[-80.72470444488259,-0.9939808785985491],[-80.72481116103283,-0.9943996854165532],[-80.72483139284058,-0.9943768306060577],[-80.72524685131928,-0.9940770626957517],[-80.72536386432414,-0.9942726284781999],[-80.7257311909276,-0.9941194526764717],[-80.72567537235933,-0.994027136020776],[-80.72599283644313,-0.9936917799315381],[-80.72616615836786,-0.9936083492521277],[-80.72625101390975,-0.9935876615276271],[-80.7263769636212,-0.9936226511067048],[-80.72642564417207,-0.9936710338289033],[-80.7264633815101,-0.9937657214255893],[-80.7265457648879,-0.993864949011609],[-80.72677886255221,-0.9939957700061797],[-80.72695329006837,-0.9941842335209969],[-80.72717801964808,-0.9941903293432972],[-80.72733708327168,-0.994211366178817],[-80.72742058042509,-0.9940223726719069],[-80.72763129183345,-0.9940576581312682],[-80.728162879464,-0.9942892690524019],[-80.728714191065,-0.9945590234412975],[-80.72914392884626,-0.9939410207384326],[-80.72919453077093,-0.9937950982628223],[-80.72927034589739,-0.9937679568188288],[-80.72934514460093,-0.9937449629055096],[-80.72940348251633,-0.9937072291566693],[-80.72944094728801,-0.9936806363333659],[-80.72949962863866,-0.9936278376417819],[-80.73034760519639,-0.9927678246853731],[-80.73039662038886,-0.9927110910928434],[-80.73035837756572,-0.9926757704558469],[-80.72896491935255,-0.9915415893994036],[-80.72834346260255,-0.990964885088175],[-80.72807521551732,-0.9902909562924975],[-80.72787843797973,-0.9898261357353846],[-80.7277819451408,-0.9896336905591596],[-80.72796886485916,-0.9895308553994795],[-80.72797858638157,-0.9895076422879328],[-80.72785394661365,-0.9892455364932146],[-80.72786486783625,-0.9892392447609524],[-80.72780471753124,-0.9891185866520118],[-80.72779428299181,-0.9891244259905676],[-80.72732700953003,-0.9893859197837145],[-80.72750661923173,-0.9897851650930108],[-80.72661681727709,-0.9902999560211185],[-80.72616233290056,-0.9896764551964168],[-80.7260390043602,-0.9897534636110237],[-80.72531616767628,-0.9902048134849792],[-80.72385529278925,-0.9911145415343583]]]}},{"type":"Feature","properties":{"name":"Los Bosques de Urbirrios","clave_catastral":"04","clave_parroquia":"04","descripcion":"Los Bosques de Urbirrios","layer":"barrios"},"geometry":{"type":"Polygon","coordinates":[[[-80.72385529278925,-0.9911145415343583],[-80.72531616767628,-0.9902048134849792],[-80.7260390043602,-0.9897534636110237],[-80.72616233290056,-0.9896764551964168],[-80.72661681727709,-0.9902999560211185],[-80.72750661923173,-0.9897851650930108],[-80.72732700953003,-0.9893859197837145],[-80.72779428299181,-0.9891244259905676],[-80.72773288164267,-0.9890310153817552],[-80.72776856634202,-0.9888687227056039],[-80.7277143647533,-0.9886432280304263],[-80.72767028950521,-0.9884669373011407],[-80.7276630152117,-0.9884378409575589],[-80.727660234122,-0.9884073245769542],[-80.7276284172735,-0.9880581477008405],[-80.72761436767385,-0.9879759872558083],[-80.72758601603272,-0.9878101961778469],[-80.72754960333977,-0.9876191437933385],[-80.7275169051116,-0.9872988680756832],[-80.72752664108582,-0.9871242315171571],[-80.72748445189954,-0.9870852757181865],[-80.72736415584765,-0.9870857522168421],[-80.72728513406157,-0.986931591740813],[-80.72720216165428,-0.9869459956073001],[-80.72710540648944,-0.9869750688852577],[-80.72708613560229,-0.9869613635249692],[-80.72702841101892,-0.9869203098764529],[-80.72693965421954,-0.9868615682293722],[-80.72692030866016,-0.9868487648664797],[-80.72674469143244,-0.9867325356634495],[-80.72658361788025,-0.9865364056502273],[-80.7263985686309,-0.9863110802004087],[-80.72638962562176,-0.9862117974837901],[-80.72638165512633,-0.9861233271360845],[-80.72637284538214,-0.9860430778941806],[-80.72637079585259,-0.9860244070530797],[-80.72621539851623,-0.9858360255137056],[-80.72619109836168,-0.9858065676846621],[-80.72615503075396,-0.985749108755428],[-80.72614584175504,-0.9857344696530389],[-80.72601444402062,-0.9855251458691326],[-80.72600534039731,-0.9855106433862204],[-80.72599001881065,-0.985486235532818],[-80.72590575002857,-0.9853142235178325],[-80.72586976642592,-0.985240771890389],[-80.72586675437712,-0.9852210053563226],[-80.7258398660262,-0.9850445396417912],[-80.72569701738757,-0.9848386066981476],[-80.72571550150145,-0.9846031679691124],[-80.72542592515431,-0.9843222371087847],[-80.72493560128567,-0.9847175438173109],[-80.7244527341593,-0.985129416429686],[-80.72420481032371,-0.9853356199522664],[-80.72425311425934,-0.9853693111566741],[-80.72411068392732,-0.9854770964528399],[-80.72411431752184,-0.9855018507484915],[-80.72411913776155,-0.9855346842759758],[-80.72412112658225,-0.9855482289768815],[-80.72244749330598,-0.9860751485834953],[-80.72250505928213,-0.9861902699354061],[-80.72256151813383,-0.9864392232118462],[-80.72265067570237,-0.9866821954281733],[-80.72282541759523,-0.9872399506520821],[-80.72306744084055,-0.9880247152324699],[-80.72317927086148,-0.9884166819432068],[-80.72331849188048,-0.9889046578245341],[-80.7234075843779,-0.9892180053490023],[-80.72341186147949,-0.9892321781161684],[-80.72349446166213,-0.9895058595438826],[-80.72350327554753,-0.9895350636775647],[-80.72356603920394,-0.9897445211260846],[-80.72355177031916,-0.9897502648887837],[-80.7235854276112,-0.9898910925074205],[-80.72359313392741,-0.9899233354963712],[-80.72363244123117,-0.9901055417749803],[-80.7236615766991,-0.9903112083496382],[-80.7237984349973,-0.9909060140642083],[-80.72385529278925,-0.9911145415343583]]]}},{"type":"Feature","properties":{"name":"Palo Santo","clave_catastral":"04","clave_parroquia":"04","descripcion":"Palo Santo","layer":"barrios"},"geometry":{"type":"Polygon","coordinates":[[[-80.72779428299181,-0.9891244259905676],[-80.72780471753124,-0.9891185866520118],[-80.72786486783625,-0.9892392447609524],[-80.72785394661365,-0.9892455364932146],[-80.72797858638157,-0.9895076422879328],[-80.72848202702673,-0.9892047026889655],[-80.72837150395446,-0.9889213518554527],[-80.72923615568058,-0.9884210340931361],[-80.72909726660342,-0.9879846054915475],[-80.72898618874767,-0.9876071704396452],[-80.72889048171561,-0.9872793043677603],[-80.7288061973843,-0.9869418474097813],[-80.72870863249122,-0.9866013279058876],[-80.72862588960186,-0.9862886150189638],[-80.72853011453836,-0.9859578258034105],[-80.72838444558629,-0.9853927565557541],[-80.72821643598229,-0.9853580720527759],[-80.72801576037175,-0.9850487416082387],[-80.7276734912715,-0.9847606003389303],[-80.72765755413728,-0.9844021586440733],[-80.72744097035526,-0.9840803325025432],[-80.72727247765141,-0.9836913802105727],[-80.72702979845461,-0.9832680334705657],[-80.72693477032487,-0.9831270632910929],[-80.72667966427089,-0.983269698270334],[-80.72666436088468,-0.9833309364886986],[-80.72608843661791,-0.9837842614059439],[-80.7257139311215,-0.9840883686749038],[-80.72542592515431,-0.9843222371087847],[-80.72571550150145,-0.9846031679691124],[-80.72569701738757,-0.9848386066981476],[-80.7258398660262,-0.9850445396417912],[-80.72586675437712,-0.9852210053563226],[-80.72586976642592,-0.985240771890389],[-80.72590575002857,-0.9853142235178325],[-80.72599001881065,-0.985486235532818],[-80.72600534039731,-0.9855106433862204],[-80.72601444402062,-0.9855251458691326],[-80.72614584175504,-0.9857344696530389],[-80.72615503075396,-0.985749108755428],[-80.72619109836168,-0.9858065676846621],[-80.72621539851623,-0.9858360255137056],[-80.72637079585259,-0.9860244070530797],[-80.72637284538214,-0.9860430778941806],[-80.72638165512633,-0.9861233271360845],[-80.72638962562176,-0.9862117974837901],[-80.7263985686309,-0.9863110802004087],[-80.72658361788025,-0.9865364056502273],[-80.72674469143244,-0.9867325356634495],[-80.72692030866016,-0.9868487648664797],[-80.72693965421954,-0.9868615682293722],[-80.72702841101892,-0.9869203098764529],[-80.72708613560229,-0.9869613635249692],[-80.72710540648944,-0.9869750688852577],[-80.72720216165428,-0.9869459956073001],[-80.72728513406157,-0.986931591740813],[-80.72736415584765,-0.9870857522168421],[-80.72748445189954,-0.9870852757181865],[-80.72752664108582,-0.9871242315171571],[-80.7275169051116,-0.9872988680756832],[-80.72754960333977,-0.9876191437933385],[-80.72758601603272,-0.9878101961778469],[-80.72761436767385,-0.9879759872558083],[-80.7276284172735,-0.9880581477008405],[-80.727660234122,-0.9884073245769542],[-80.7276630152117,-0.9884378409575589],[-80.72767028950521,-0.9884669373011407],[-80.7277143647533,-0.9886432280304263],[-80.72776856634202,-0.9888687227056039],[-80.72773288164267,-0.9890310153817552],[-80.72779428299181,-0.9891244259905676]]]}}]}