{"type":"FeatureCollection","features":[{"type":"Feature","properties":{"name":"PARTE DE CABECERA CANTONAL","clave_catastral":"C1","clave_parroquia":"C1","descripcion":"PARTE DE CABECERA CANTONAL","layer":"parroquias"},"geometry":{"type":"Polygon","coordinates":[[[-80.76188016905787,-0.9802888336190421],[-80.76188016911755,-0.9802879886117921],[-80.76188031325198,-0.9782453664471547],[-80.76188040542625,-0.9769368654743431],[-80.76188045185121,-0.9762771548218154],[-80.76185531112436,-0.9762540293185822],[-80.76129537864753,-0.9757389796468915],[-80.76077727601657,-0.9752624071885664],[-80.76064539267469,-0.9751767912335367],[-80.75994080898639,-0.9747193890543143],[-80.75892296380012,-0.9740586232921657],[-80.75873494839566,-0.973936567208071],[-80.75850078697988,-0.9737845539727489],[-80.75736361466952,-0.972856570719884],[-80.7573148682299,-0.9728167914556991],[-80.75712775018572,-0.972664094790801],[-80.75686968392843,-0.9724535010052477],[-80.75671838935065,-0.9723300377899164],[-80.75660683638735,-0.9722643020821096],[-80.75659796043517,-0.9722918564546177],[-80.75657974786968,-0.9723483938905559],[-80.75657402846329,-0.9723661477113552],[-80.75656911237013,-0.9723965139689597],[-80.75656574959316,-0.972417285534121],[-80.75657067531445,-0.9724755010392983],[-80.75659040031154,-0.972513993845851],[-80.7566054268667,-0.9725433177942335],[-80.75672676774778,-0.972657237248697],[-80.75684635388309,-0.9727891072152488],[-80.75691784791158,-0.9728679450707745],[-80.75694365965923,-0.9729061870762621],[-80.75690749482837,-0.972953746424011],[-80.75678922411996,-0.9731092808782619],[-80.75627149277886,-0.973791703191452],[-80.75559044253067,-0.9746893957023559],[-80.75523276582469,-0.9751608491648938],[-80.75461208485397,-0.975978967911999],[-80.75409895610113,-0.9766553217595657],[-80.75394078613901,-0.9768638051432958],[-80.75392231833665,-0.9768881474992099],[-80.7539155713591,-0.9768970406703232],[-80.75388917106135,-0.9769318388238588],[-80.75396889203252,-0.9772239801998808],[-80.7541159059651,-0.9777719640290883],[-80.75423134427585,-0.9782022519380575],[-80.7542483867461,-0.9782717112488654],[-80.75424902914612,-0.9782743277881706],[-80.75428026115581,-0.9784016224340205],[-80.75435956453502,-0.9787248360063926],[-80.75437244534565,-0.9787848540191391],[-80.75440328436147,-0.9789285481120231],[-80.75447545658724,-0.9792177496001813],[-80.75453914826828,-0.9794368420275106],[-80.75460066964148,-0.9796674928592068],[-80.75466329730108,-0.9798357598709799],[-80.75473025351918,-0.9800320054998934],[-80.75482163931271,-0.9803479730319395],[-80.75486030355316,-0.9804649810030952],[-80.75489357357024,-0.9805656646578882],[-80.75501645464915,-0.9809806302192641],[-80.75509332362991,-0.9812444997758973],[-80.75512743256805,-0.9814286315191936],[-80.75513905053569,-0.9814913492906499],[-80.75518162979012,-0.9816946502452595],[-80.75520978450565,-0.9817762685525224],[-80.7552712835667,-0.9819564254055706],[-80.75538053903705,-0.9822692944381116],[-80.75553585242871,-0.9826442040457692],[-80.75557558265166,-0.9827886914719102],[-80.75564283163018,-0.9830225686185656],[-80.75565418294308,-0.9830574644549586],[-80.75572026237282,-0.9832606036766407],[-80.7557735842311,-0.9834071592342326],[-80.75581776376637,-0.9835811544623709],[-80.75583635370378,-0.9836861290105929],[-80.75583707345109,-0.9837491441706163],[-80.75584961485019,-0.9838068908425157],[-80.75589099074789,-0.9838845025648482],[-80.75594385226539,-0.983994115305876],[-80.7562682907472,-0.985025380723215],[-80.7563591111081,-0.9851326462542146],[-80.75678976877713,-0.9856412843065243],[-80.75683556050967,-0.9856953677476241],[-80.75703427085722,-0.985930059181655],[-80.75729450994575,-0.9862374204969343],[-80.75776560472157,-0.9867938175733428],[-80.75899223828256,-0.9882425598735409],[-80.7592703444782,-0.9885710230606861],[-80.75986236026186,-0.9892646690278326],[-80.76013174815493,-0.9895803021049118],[-80.76106370006872,-0.9906722394835157],[-80.76116549901516,-0.9907705127247652],[-80.76190103462828,-0.991480573568623],[-80.7622501794596,-0.992086139129853],[-80.76245221167248,-0.9924365487815977],[-80.76300953198648,-0.9936229037996186],[-80.76305900055343,-0.9937293189039025],[-80.76326579634126,-0.9941741709331069],[-80.76338615591568,-0.9944330835936485],[-80.76345660371322,-0.9946629603634137],[-80.76394389167778,-0.9962530192193668],[-80.76421975216182,-0.9970255901600211],[-80.76437126993504,-0.9974499285692389],[-80.76464926300002,-0.9982284715903376],[-80.764689289075,-0.9983405688114714],[-80.76490342677668,-0.9995049920621426],[-80.76490357916032,-0.9995079880951465],[-80.76490277697305,-0.9997783633657633],[-80.76490171407367,-1.000136585967709],[-80.76490167001775,-1.000151433809933],[-80.76490073124478,-1.000467828403814],[-80.7648962554512,-1.000494176293657],[-80.76486766078094,-1.000662506028618],[-80.76453205933109,-1.002638106336647],[-80.76446158203812,-1.00280781762747],[-80.76411620167298,-1.003639501482311],[-80.76404284551614,-1.003816144716112],[-80.76400803618162,-1.003899966347234],[-80.7634030187251,-1.004737129243296],[-80.76272557221998,-1.005722180866897],[-80.76270597114903,-1.005750682061048],[-80.76240331442608,-1.00619076394257],[-80.76235123326721,-1.006498957081746],[-80.76217308733439,-1.007553144732725],[-80.76193693277763,-1.008466274354006],[-80.76206201646157,-1.009467582084184],[-80.76207152482404,-1.009545218403034],[-80.76207362038228,-1.00956047265889],[-80.76209160938616,-1.009691429173785],[-80.76322824779257,-1.007913563060598],[-80.76788889098518,-1.000623608760236],[-80.7805019405408,-1.000624482553604],[-80.78047074335979,-1.000565657242902],[-80.78036016781255,-1.000486895561068],[-80.78029739028696,-1.00042752619332],[-80.78024603063403,-1.000322197721701],[-80.78023842555473,-1.000245597119587],[-80.78021940579038,-1.000167081356622],[-80.7801889689285,-1.000136439088408],[-80.7801071656612,-1.000088558404741],[-80.78005770393607,-1.000042595196945],[-80.78002917034851,-0.9999908884163631],[-80.7800329793265,-0.9999391838169912],[-80.7799930307948,-0.9998759862984201],[-80.77994927865345,-0.9998108732269486],[-80.77990172097759,-0.9997457598983743],[-80.77987509130999,-0.9996768182939633],[-80.77979138682166,-0.9996059575417321],[-80.7796410966295,-0.9995293482128887],[-80.77957261275093,-0.999454657892329],[-80.77948129976808,-0.999372307557863],[-80.7794451580656,-0.9992899600458287],[-80.77942804108936,-0.9992114435070789],[-80.77938619057998,-0.9991501611530254],[-80.7793557547568,-0.9991041992254707],[-80.7792910733567,-0.9990620646703973],[-80.7791921483027,-0.9990084378310371],[-80.77916932354555,-0.9989356667948357],[-80.77914649840564,-0.9988686398377098],[-80.77911796496802,-0.9988150177581048],[-80.77903425949481,-0.9987594775540883],[-80.77889363590737,-0.9986169254921577],[-80.77882844180263,-0.9985270206792763],[-80.77882012160102,-0.9984863266327296],[-80.77879990886846,-0.998465978070115],[-80.77876780546381,-0.9984516134370267],[-80.77869408981854,-0.9983750083611937],[-80.77864058730727,-0.9983127671129637],[-80.77861205461797,-0.9982481345671914],[-80.77858589814419,-0.9982002576303586],[-80.77855974184936,-0.9981631523114628],[-80.77852050600693,-0.9981284409045371],[-80.77847056723176,-0.9981068933789174],[-80.77841468345102,-0.9980901332372555],[-80.77835523336171,-0.9980578143520802],[-80.77832075325216,-0.998020708467493],[-80.77831193264046,-0.997990197935863],[-80.77832313589303,-0.9979548801661196],[-80.77835762048836,-0.9979249606408302],[-80.7783746501734,-0.9978569592860113],[-80.77838141272235,-0.9977502188565381],[-80.77836714662186,-0.9977143121949864],[-80.77833385829261,-0.9976508753686629],[-80.77831602580376,-0.9976006051020364],[-80.77831722493204,-0.9974509958624224],[-80.77833387783318,-0.9973588384094825],[-80.77834933847569,-0.9973001926758513],[-80.77834458907246,-0.9972080328671353],[-80.77833745789519,-0.9971553694322922],[-80.77830535946887,-0.99706679861103],[-80.77829703943378,-0.9970237106712005],[-80.77830536747432,-0.9969471111545687],[-80.77832915274819,-0.9968896629315225],[-80.77836839353766,-0.9968501690547811],[-80.7783945543835,-0.9968190520154109],[-80.7784123924722,-0.9967855405181183],[-80.77841952869102,-0.9967628008186153],[-80.77841715309782,-0.9967233041222556],[-80.77840645466823,-0.9966826090106479],[-80.77839099945302,-0.9966467022694873],[-80.77838981337635,-0.9966012209189045],[-80.7783898228147,-0.9964599893209963],[-80.7784005282818,-0.996395359433606],[-80.77843144982582,-0.9963008081450795],[-80.77845999169617,-0.9962278008354843],[-80.77848972324065,-0.9961464149769911],[-80.77851588559676,-0.9960925577520783],[-80.77854085853608,-0.9960566528414745],[-80.77857891003553,-0.9960195527727365],[-80.77862766310105,-0.9959896342038661],[-80.77865976821933,-0.9959645022969426],[-80.77870257843713,-0.9959070553537259],[-80.77872517479565,-0.995832850690789],[-80.77877868509859,-0.9957777974579614],[-80.77885597610603,-0.9957335183526084],[-80.77892256612465,-0.9956868446285938],[-80.77899629001914,-0.995638975341933],[-80.77902364068144,-0.9955970858509033],[-80.77904147923329,-0.9955563935697568],[-80.77907596424942,-0.995506127739489],[-80.77912947679384,-0.995430728208504],[-80.77918298931252,-0.9953421631634995],[-80.77923293418509,-0.995271550272605],[-80.77928644423162,-0.9952200887733084],[-80.7793090404108,-0.9951482779960799],[-80.7793221241622,-0.9950824504085601],[-80.77934234109749,-0.9950393643902089],[-80.77938396167283,-0.9949759326170806],[-80.7794125006446,-0.9949460126708516],[-80.77945649905162,-0.9948885657914416],[-80.77949455142571,-0.994851465706546],[-80.77951595593845,-0.9948179544378347],[-80.7795112024393,-0.9947868353039979],[-80.77950050349487,-0.9947401563632496],[-80.77949813466178,-0.9946120910108647],[-80.77949694840554,-0.9945690035510211],[-80.77945176748278,-0.9945271100798152],[-80.77942323375957,-0.9944780360455495],[-80.77938756947445,-0.9943667239036103],[-80.77936141883126,-0.9942446416876863],[-80.7793388311412,-0.9941752208582101],[-80.77931980923421,-0.9941429038177887],[-80.77926630355596,-0.9941153722455738],[-80.77923182523838,-0.9940651017686973],[-80.77922231708281,-0.9939932888298558],[-80.77921756525511,-0.9939370347132126],[-80.7792187588213,-0.9938700102826629],[-80.77922708641968,-0.9937993954907967],[-80.77922946703455,-0.9937634890490159],[-80.77925919685788,-0.9937072381563183],[-80.77925801155577,-0.9936497882371356],[-80.77925564103039,-0.9935336914515744],[-80.77924256872952,-0.9934271686182115],[-80.77924851920547,-0.9933397973119327],[-80.7792509002158,-0.993297906134643],[-80.77926873842885,-0.9932620016364667],[-80.7792853860176,-0.9932488372426035],[-80.77934959591845,-0.993229691309736],[-80.77939478126973,-0.9932045602667046],[-80.77942688659036,-0.9931758375033012],[-80.77944472495952,-0.9931375382046213],[-80.77944591605808,-0.9931076164174044],[-80.77944116221497,-0.9930681195589983],[-80.77944116388086,-0.9930429854801731],[-80.77944592359411,-0.9929939136840744],[-80.77946138349326,-0.9929592050665975],[-80.7794768429955,-0.9929304811842314],[-80.77949824815266,-0.9929005607538528],[-80.77951608427223,-0.9928826086496373],[-80.77955056840037,-0.992858673831975],[-80.77957910615963,-0.9928467071809165],[-80.77961240037942,-0.9928347408486644],[-80.77962785892878,-0.9928203794254387],[-80.77964094023815,-0.9927910564563973],[-80.77965640338228,-0.9927072766256657],[-80.77967780850874,-0.9926641906800739],[-80.77970159212998,-0.9926306795657638],[-80.77973607638486,-0.992591185337659],[-80.77982169545977,-0.9924810782755316],[-80.77986450478296,-0.9924224343541682],[-80.77988115450131,-0.9923769541934462],[-80.77988115640008,-0.9923482292723803],[-80.77984548854509,-0.99229077704112],[-80.77981695601409,-0.9922237497108028],[-80.77982409471072,-0.992149543992042],[-80.77984312661249,-0.9920442202542432],[-80.77987167132339,-0.9919269285864799],[-80.77991686321455,-0.9918024572541527],[-80.77994255050048,-0.9917415377123859],[-80.77998393390098,-0.9916754731618199],[-80.78003245270108,-0.9915849924518056],[-80.78006384742896,-0.9915232364220686],[-80.78008240116448,-0.9914586061363054],[-80.78008525931384,-0.9913911023089241],[-80.78006956818238,-0.9913207256540915],[-80.78007813296404,-0.9912647121768287],[-80.78009668783353,-0.9911828469375621],[-80.78010810649853,-0.9911239620632983],[-80.78012237933171,-0.9910578956966559],[-80.78013950519642,-0.9910018827908118],[-80.78019230142154,-0.990951617251497],[-80.78019230378821,-0.9909157115515086],[-80.78017803682734,-0.9908927306610876],[-80.78014094021141,-0.9908711840395341],[-80.78012952713549,-0.9908453308473781],[-80.78012524922006,-0.9908122973537986],[-80.78013381314551,-0.9907692105429079],[-80.78014809023493,-0.9906385126490136],[-80.78015094941965,-0.9905552105661855],[-80.78016236675425,-0.9905164322314164],[-80.78020517359525,-0.9904948909451718],[-80.78021944301521,-0.9904805294365104],[-80.78023228608431,-0.9904518053715634],[-80.78023942559498,-0.9903785577487554],[-80.78025797813343,-0.9903182366499692],[-80.78027082408613,-0.9902593509639956],[-80.78025370797131,-0.9901674300708123],[-80.78023801768738,-0.9900841258447314],[-80.78023374345811,-0.9899950783004813],[-80.7802508713916,-0.9899074688823362],[-80.78025801037742,-0.9898284753696771],[-80.78025088056172,-0.9897681525572892],[-80.78023946805398,-0.9897336818894048],[-80.78021235921224,-0.989707827651344],[-80.78018667728917,-0.9896877184927888],[-80.78010677650377,-0.9896474982714096],[-80.78006016859041,-0.9896152689652666],[-80.78002152778427,-0.9895673912148624],[-80.7800160639425,-0.9894723190487156],[-80.78002082323648,-0.9894292319833226],[-80.78002368065101,-0.9893727395259332],[-80.78002558669213,-0.9893229500899564],[-80.78000941735327,-0.9892942240890079],[-80.77996756641141,-0.9892406011403239],[-80.77989908426177,-0.9891419746393666],[-80.7798724562077,-0.9890490950117368],[-80.77984772944987,-0.9889648329875627],[-80.77982870730355,-0.9889227024356444],[-80.77979446708466,-0.9888604625179055],[-80.77975261659243,-0.9888001373882105],[-80.77969174271088,-0.9887302354109124],[-80.77958235887587,-0.9886038384501036],[-80.77952053785877,-0.9884764865656024],[-80.77947013052847,-0.9883520088404794],[-80.77942923413664,-0.9882438086030731],[-80.77940260407688,-0.9881815691928324],[-80.77940641381663,-0.9881040121608179],[-80.779409272372,-0.9880302847530089],[-80.77942069604525,-0.9878952783874126],[-80.77941213888272,-0.9878359126772693],[-80.77939026496254,-0.9877784613737361],[-80.77935792384358,-0.987758351768008],[-80.77932463349913,-0.9877123896698663],[-80.7792999058887,-0.9876549381754955],[-80.77926923337712,-0.9875737879978459],[-80.77923356701842,-0.9875079571426966],[-80.77917411795279,-0.9874624718932097],[-80.77906829664451,-0.9874098027638212],[-80.77898982282929,-0.9873619223452152],[-80.77895534464274,-0.9873104540283179],[-80.77894370226062,-0.9872593228912194],[-80.7789223042905,-0.9871946899364445],[-80.7789127950218,-0.9871396333539195],[-80.77891279818355,-0.9870917581855138],[-80.77892231535601,-0.9870271272994131],[-80.77893658823915,-0.9869601037418505],[-80.77894134884957,-0.9868835039713417],[-80.77891757139004,-0.9868380211061661],[-80.77886763576724,-0.9867709932533018],[-80.77876300944891,-0.9866297546411005],[-80.77872972378397,-0.986526821299293],[-80.7787202203682,-0.9863831960634712],[-80.77873212682995,-0.9861510027013622],[-80.77872975634911,-0.9860337089685061],[-80.77872024739881,-0.9859738645981935],[-80.77866793319868,-0.9859259859300806],[-80.77857281748723,-0.9858062930021844],[-80.77839685068737,-0.9856387185871113],[-80.77812419313504,-0.9853845069489182],[-80.77802788874135,-0.9852588282934533],[-80.77799936277408,-0.985093658549971],[-80.77794231036754,-0.9847704980315228],[-80.77782462753942,-0.9842857564600677],[-80.77768792720686,-0.9836897038783547],[-80.77763799983197,-0.9835125632323242],[-80.777590448359,-0.9833569668869445],[-80.77756667367936,-0.983256427173984],[-80.77757143464062,-0.9831882060385624],[-80.77757143978886,-0.9831104090082193],[-80.7775833349155,-0.983036203615967],[-80.77759879642562,-0.9829763609217252],[-80.77763328828189,-0.9828339355883742],[-80.77766540286078,-0.9826771467305946],[-80.77768681147714,-0.9825802017906113],[-80.7777343830433,-0.982431792594852],[-80.77775579120922,-0.9823551939431212],[-80.77776174369451,-0.9822367038253361],[-80.77779504965889,-0.9820452062934919],[-80.77784501293834,-0.9816921319785337],[-80.77788664484333,-0.9814539567795747],[-80.77792404566569,-0.9812904027553913],[-80.82130101512628,-0.9815219105487927],[-80.82137460663243,-0.9814814760444932],[-80.8214872297652,-0.9814187847035782],[-80.82157864110636,-0.9813575397781449],[-80.82165477313366,-0.9812904133218582],[-80.82172614229178,-0.9812085396016386],[-80.82179984936354,-0.9811071239596458],[-80.82183679313908,-0.9810495854740395],[-80.82187059084579,-0.9809970228028106],[-80.82192973745266,-0.9808932540928766],[-80.82197108694105,-0.980805588521136],[-80.82199823508648,-0.980723260061808],[-80.8220172047084,-0.980630164945012],[-80.82203249054848,-0.9805123706567827],[-80.82204274469602,-0.980364358306801],[-80.82204491142777,-0.980182327889537],[-80.82203881087385,-0.9799683602614238],[-80.82203531721333,-0.9797473359228662],[-80.82204764120964,-0.9795497447894803],[-80.82208503937407,-0.9793971197942284],[-80.82213951316095,-0.9792746230298661],[-80.82219893003766,-0.9791580072358385],[-80.82235013036201,-0.9787393088778912],[-80.82232004723782,-0.9782318473899068],[-80.8222924655352,-0.9780137168806534],[-80.82226182788848,-0.9777960385708013],[-80.82223783935804,-0.9776165399827192],[-80.82222885738257,-0.9775019109298029],[-80.82223748934788,-0.9774356855676842],[-80.82226508488115,-0.9773907222377005],[-80.82231362250782,-0.9773448552980993],[-80.82238750647214,-0.9772957326989767],[-80.82249194968165,-0.9772458879438091],[-80.82262776094652,-0.9771974019386108],[-80.82277777317658,-0.9771503642401171],[-80.82292059494945,-0.9771043213494579],[-80.82303977828715,-0.9770580057816147],[-80.8231385591264,-0.9770065321990131],[-80.82322556623798,-0.9769443822416122],[-80.8233071812919,-0.9768679373504198],[-80.82338241536621,-0.9767818115678892],[-80.82344830205643,-0.9766929711154262],[-80.82350286375262,-0.9766062109287502],[-80.82354726899959,-0.9765195406764208],[-80.82358385489051,-0.9764288892226034],[-80.82361405961446,-0.9763321757775145],[-80.82363743352647,-0.9762341048844689],[-80.82365271798186,-0.9761409190759878],[-80.82365937341399,-0.9760581371426582],[-80.82365901759768,-0.9759870257843062],[-80.82365398741342,-0.9759275851242676],[-80.82364536144506,-0.9758793628573983],[-80.82363116247895,-0.9758395542336019],[-80.82360824491802,-0.975804268771725],[-80.8235735529795,-0.9757708826095524],[-80.82352349141213,-0.9757403907539413],[-80.82345446490832,-0.9757148738803068],[-80.82336638352704,-0.975695508124673],[-80.82327353825282,-0.975681027626834],[-80.82319363556593,-0.9756690810393707],[-80.82313979808119,-0.9756570453569253],[-80.8231051951505,-0.9756404870694978],[-80.8230784122942,-0.9756140676998087],[-80.8230503718038,-0.975574529759598],[-80.82302332049487,-0.9755254017931491],[-80.82300202173712,-0.9754718409815553],[-80.82298998059903,-0.9754186425497976],[-80.82298611836444,-0.9753687920313183],[-80.82298809801642,-0.9753249130030781],[-80.8229941219648,-0.9752868244249839],[-80.82300419078598,-0.9752434886593875],[-80.82301884448255,-0.9751810634517001],[-80.82303754428418,-0.9750897777495879],[-80.82305498695035,-0.9749757833982501],[-80.82306479048334,-0.9748490320284162],[-80.82306201097103,-0.9747193848750015],[-80.8230483556808,-0.9745955273825473],[-80.82302705985794,-0.9744857831867932],[-80.82299965122164,-0.9743947664628791],[-80.8229601982337,-0.9743121630389596],[-80.8229011517114,-0.9742239492871364],[-80.82281936634058,-0.97412089685146],[-80.82273039079651,-0.9740136823018161],[-80.82265417761816,-0.9739177774814607],[-80.82260609565338,-0.9738450350944987],[-80.82258201056895,-0.9737926502769909],[-80.8225730245904,-0.9737541085423516],[-80.82257167798541,-0.9737236192593599],[-80.82257590366663,-0.9736982872005059],[-80.8225848928376,-0.9736757600395408],[-80.82259990397806,-0.973652961780104],[-80.8226292962998,-0.9736226550697324],[-80.82268313677986,-0.9735766979211888],[-80.8227661892891,-0.9735105669631992],[-80.82286083680162,-0.9734349370093724],[-80.8229441591988,-0.9733639205481239],[-80.82299835973762,-0.9733074686088942],[-80.82302721377775,-0.9732578912354484],[-80.82303970994452,-0.9732030655962802],[-80.82304366825842,-0.973134035333004],[-80.82304160513118,-0.9730551432557348],[-80.82303477850012,-0.9729737176985793],[-80.82302300839834,-0.9728937394395559],[-80.82300108232397,-0.9728049848175857],[-80.82296243975179,-0.9726938826202911],[-80.82290429476511,-0.9725535567947787],[-80.82283949913199,-0.9724043643185354],[-80.82278494885885,-0.9722734478162209],[-80.82275331593328,-0.9721814356736331],[-80.82274154472904,-0.9721227184382001],[-80.8227426252691,-0.9720847200705975],[-80.82275161474413,-0.972056221726902],[-80.82277147954422,-0.9720304381308864],[-80.82280716336953,-0.9720014888346357],[-80.8228625312718,-0.9719652123094278],[-80.82293614508235,-0.9719233274545617],[-80.823025308239,-0.9718790006619002],[-80.82312570635592,-0.9718351268207357],[-80.82322565497253,-0.971793152873758],[-80.8233118518142,-0.9717540733174986],[-80.82337441006125,-0.9717185209400867],[-80.82341701484135,-0.9716855007401081],[-80.82344676673159,-0.9716537464775145],[-80.8234691486399,-0.9716187348190033],[-80.8234833525537,-0.9715630045406128],[-80.82348677302208,-0.9714660182606991],[-80.82347842189706,-0.9713175525413078],[-80.82346306117432,-0.9711491825157594],[-80.82344689037349,-0.9710031591413184],[-80.82341984531112,-0.9708339742497144],[-80.8232370678602,-0.9700983332022447],[-80.82321604245632,-0.969973480125077],[-80.82321559659675,-0.969905263879312],[-80.8232290805577,-0.9698669947446631],[-80.82325074317487,-0.9698365971422902],[-80.82327797816305,-0.9698096377854313],[-80.82330916766644,-0.9697864784785821],[-80.82334278371853,-0.9697673000864314],[-80.82337819714185,-0.9697524644655714],[-80.82341459898524,-0.9697426048806932],[-80.82345171957655,-0.9697383546245248],[-80.82348955886442,-0.9697407088942214],[-80.82352829653841,-0.9697510247858219],[-80.82356793254267,-0.9697703879686088],[-80.82360738826323,-0.9697998840554618],[-80.82364540533584,-0.9698404177047877],[-80.8236812646097,-0.9698941602178763],[-80.82371604432471,-0.9699672637774911],[-80.82375172144458,-0.9700673281729593],[-80.82378919466994,-0.9701962533727483],[-80.82382720666627,-0.9703350400973818],[-80.82386378133118,-0.9704594416278666],[-80.82389730180026,-0.9705506396104226],[-80.82392776785272,-0.9706128862500379],[-80.82395571826187,-0.9706559525990599],[-80.82398223113181,-0.9706886145412739],[-80.82401063177872,-0.9707154863456964],[-80.8240447848635,-0.9707399156951766],[-80.8240876562955,-0.9707643455008395],[-80.82413789802196,-0.9707859710460838],[-80.82419317336267,-0.9708009923653833],[-80.82425141524409,-0.9708062428146461],[-80.82431136534292,-0.970801812800417],[-80.82437185518312,-0.9707884260408123],[-80.82443162640404,-0.9707668967220684],[-80.82448789267819,-0.9707382198955655],[-80.82453777781222,-0.9707031191908726],[-80.82457858534023,-0.9706629515540897],[-80.82461022522392,-0.9706207930442332],[-80.83698356019644,-0.9706214161102054],[-80.83694827209939,-0.9705722489231903],[-80.83689269831571,-0.970499942407642],[-80.83685994820569,-0.9704554554860607],[-80.83682387381073,-0.9703844418637857],[-80.836803293769,-0.9703331429530522],[-80.83677031284113,-0.9702288265509225],[-80.83674739570208,-0.9701821416244627],[-80.83671719825219,-0.9701362705968392],[-80.83665626421413,-0.9700416333948283],[-80.83660018298154,-0.9699431061103354],[-80.83654383367976,-0.969849373855098],[-80.83649305617874,-0.9697526562776916],[-80.8364455144128,-0.9696547627146685],[-80.83641397178869,-0.9696022301296665],[-80.83637840755947,-0.9695201635041855],[-80.8363573959694,-0.9694716782663875],[-80.83631960379054,-0.9694047810573778],[-80.83626999411916,-0.9693396927231676],[-80.83622317137515,-0.9692423782178708],[-80.83617166571798,-0.9691486823845281],[-80.83613734294359,-0.9690810615633865],[-80.83611451657593,-0.9690348290019983],[-80.83605924489848,-0.9689423634105196],[-80.83601282566433,-0.9688650071581861],[-80.8359769218632,-0.9687983271733742],[-80.83592389686717,-0.9687125566555892],[-80.83586511245345,-0.968587728876841],[-80.83582354013542,-0.9685168778325135],[-80.83577120467423,-0.9684280131876051],[-80.83574424292098,-0.9683822327859843],[-80.83572032431863,-0.9682842091857397],[-80.83568169359457,-0.9682357547522712],[-80.83563442728908,-0.9681857754355575],[-80.8355830116113,-0.9681092693780897],[-80.83555928573315,-0.9680594178710749],[-80.83552494658468,-0.9679776290524984],[-80.83549610759125,-0.9679060638951285],[-80.83545231630124,-0.9678508147234055],[-80.83541060152771,-0.9677895311368588],[-80.83538318174158,-0.967736585289316],[-80.83533738343375,-0.9676441563440221],[-80.83528292691479,-0.9675722117592898],[-80.83523853277613,-0.9674747688959826],[-80.83519117022314,-0.9673708136767659],[-80.83512266193422,-0.9672422760447574],[-80.8350699071836,-0.9671448074394959],[-80.8350188331467,-0.9670481984048536],[-80.83495175216596,-0.966938162467514],[-80.83488293677108,-0.9668226980946741],[-80.83484282891021,-0.9667088998205885],[-80.83479232014032,-0.9666327195026838],[-80.83473500828401,-0.9665397290607132],[-80.83470415628422,-0.9664624459403086],[-80.83468393666013,-0.9663935501413617],[-80.83462838626502,-0.9663230539625118],[-80.83458318844184,-0.9662481106623204],[-80.83453654602444,-0.9661407175198916],[-80.83450374387554,-0.9660585668828645],[-80.83446671725106,-0.9659790397411143],[-80.83441944395179,-0.9659073832040974],[-80.8343726738195,-0.9658390651267014],[-80.83433079377579,-0.9657578006742967],[-80.8343022510539,-0.965693862359501],[-80.83424865841826,-0.9656386172223961],[-80.83420821404661,-0.965607085571861],[-80.83416294416382,-0.9655542564581054],[-80.83410677299348,-0.9654781663294472],[-80.83407346754736,-0.9654142522074238],[-80.83405177342478,-0.965336845587359],[-80.83401269672363,-0.965274526211786],[-80.83398544818048,-0.9652126235905739],[-80.83393913592876,-0.9651550898540647],[-80.83391022472571,-0.9650908439132593],[-80.83386474977665,-0.9650040785538039],[-80.83384407975895,-0.9649561271144904],[-80.83380540434473,-0.9648667157685081],[-80.83373223212192,-0.9647971162023765],[-80.83367534195588,-0.964720573672338],[-80.83363241052689,-0.9646355907447058],[-80.83361406844074,-0.964586788977897],[-80.83358983301393,-0.9644809530599048],[-80.83352467378757,-0.9644071242965566],[-80.83347645589656,-0.9643538336229227],[-80.83342305462216,-0.9642454901804741],[-80.83338636078787,-0.9641619370242154],[-80.83334077651244,-0.9641058870681718],[-80.83329907984371,-0.9640435268469218],[-80.83324160930552,-0.9639622489540612],[-80.83321919779489,-0.9638698835753273],[-80.83313986350669,-0.9637991229360949],[-80.83313777387575,-0.9637422228721987],[-80.83308421006721,-0.9636496668696565],[-80.8330215137483,-0.963572183133607],[-80.83297086002015,-0.9635212627151191],[-80.83293224046173,-0.963485234662457],[-80.83288281560532,-0.9633745888876178],[-80.83287849332558,-0.9632816146169176],[-80.83281783211098,-0.9632181180267452],[-80.83277056822821,-0.9631390354965106],[-80.832710339408,-0.9630556964995094],[-80.832695780459,-0.9630052121296444],[-80.83266637593123,-0.9629393557498958],[-80.83261567801232,-0.9628733626091303],[-80.83256816228786,-0.9627981142893702],[-80.83254389710994,-0.9627501626693088],[-80.83248630680198,-0.9626375034756762],[-80.8324587887724,-0.9625917592234144],[-80.83242508686239,-0.9625308514755915],[-80.83238311713018,-0.9624472528179241],[-80.8322923621501,-0.9623525444386019],[-80.8322479021673,-0.9622625917739356],[-80.83221023372234,-0.9621863804070614],[-80.83218114566526,-0.9621372840701667],[-80.83214351614934,-0.9620737705188844],[-80.83207628983398,-0.9619984940779744],[-80.83201363115786,-0.9618874450399915],[-80.83199666568845,-0.9618094931024075],[-80.8319322601655,-0.9617635932169719],[-80.8318655634557,-0.9616841460181149],[-80.83181368269119,-0.9615643035868544],[-80.83173862027083,-0.961460745053529],[-80.83170120757754,-0.961374821475232],[-80.83166297548534,-0.961319441368218],[-80.83160655295161,-0.9612395965974514],[-80.83154992395913,-0.9611544048918857],[-80.83149778162115,-0.9610353857454187],[-80.83144151911061,-0.9609549366250008],[-80.83138597992965,-0.9608603159296223],[-80.83133574140945,-0.9607747264608406],[-80.83125629126081,-0.9607044253901051],[-80.83118717793462,-0.9606206444315433],[-80.83110897010748,-0.9605100922111943],[-80.83104517967023,-0.960385417952125],[-80.83100833376757,-0.9602888367402045],[-80.83095408528945,-0.960212294317671],[-80.83085840714038,-0.9600740430734476],[-80.83079605181949,-0.9600098452165042],[-80.83072540976296,-0.9599423492238514],[-80.83068514713703,-0.9598541365452037],[-80.8306624997319,-0.9598082658669681],[-80.83061973011127,-0.9597435125783278],[-80.83058835638755,-0.9596775294316303],[-80.83053362414391,-0.9595874161088886],[-80.83047835153057,-0.959501283547965],[-80.8304327877983,-0.9594134324937471],[-80.83037219655188,-0.9593001850634266],[-80.83034201802941,-0.9592383637097299],[-80.83029420643257,-0.9591501506526612],[-80.83026455085727,-0.9590549721204695],[-80.83022945869807,-0.9589186192898326],[-80.83018025574152,-0.9588127730759339],[-80.83015455466708,-0.9587217564752137],[-80.8301172592936,-0.9586273918136782],[-80.83007219015272,-0.9585165155358624],[-80.83007113526683,-0.9584010047412193],[-80.83004514606998,-0.9583021396383629],[-80.83005691632918,-0.9582184260381297],[-80.83002920187607,-0.9581290649834244],[-80.8300154829574,-0.9580136033164166],[-80.83000135046196,-0.9579008015197559],[-80.82998436929417,-0.9577776676233611],[-80.8299832980013,-0.9576302878961229],[-80.82998698808586,-0.9575283255926051],[-80.82999881064616,-0.957459295678504],[-80.82997656873509,-0.957392797293764],[-80.82996376425645,-0.9573246708752948],[-80.8299686346933,-0.957254428283008],[-80.82994906639395,-0.9571941364440592],[-80.82991879252113,-0.957097814309364],[-80.82990701852322,-0.9570385940535858],[-80.82987570552217,-0.9569812501266171],[-80.82983772771607,-0.9569287570012079],[-80.82980548582404,-0.9568802892827506],[-80.82977437693836,-0.956821200151353],[-80.82973653273,-0.9567388502083246],[-80.82971433671173,-0.956653171659525],[-80.829677219849,-0.9565664066955578],[-80.8296542237827,-0.9565014372578275],[-80.82965579995945,-0.956434804353961],[-80.82966993205048,-0.9563733109141593],[-80.82964067947889,-0.9563082054552724],[-80.8295887493266,-0.9562630028091662],[-80.82949527651417,-0.9562249544593299],[-80.82941558462258,-0.9561384832107791],[-80.82948939848052,-0.956041023611874],[-80.82948953679639,-0.9559701384299472],[-80.82946068414576,-0.9558877970782476],[-80.82943736833661,-0.9558365532043354],[-80.82942060593001,-0.9557794750877804],[-80.82937968758475,-0.9557208993487335],[-80.82930001423684,-0.9556960127179934],[-80.82923481665813,-0.955675647719886],[-80.8291576253295,-0.9556963521023505],[-80.82911912104915,-0.9556580685542713],[-80.82905880487837,-0.9556548655221065],[-80.82899616335564,-0.9556005698493664],[-80.82895302623886,-0.9556440813310729],[-80.82900903168635,-0.955703881017726],[-80.82898424282659,-0.9557966773969325],[-80.82900792457146,-0.9559179071816005],[-80.82908148421183,-0.9559631063943641],[-80.82915396995591,-0.9560050349719659],[-80.8292329993284,-0.9560388937306499],[-80.82925961676348,-0.956101160937763],[-80.82925085199535,-0.9561682431286016],[-80.82923125399968,-0.9562545257512767],[-80.8292171399213,-0.9563151416058417],[-80.82918210212658,-0.9563710156543266],[-80.82918512297026,-0.9564438732931962],[-80.82921368926056,-0.9565371138518941],[-80.82924435923837,-0.9566019407289588],[-80.82924216649899,-0.9567045436486126],[-80.82918174921289,-0.9567827649367047],[-80.8291472773101,-0.9568273932828788],[-80.82910148142328,-0.9568914364547111],[-80.82905039122988,-0.9569454188205242],[-80.8290092141476,-0.9570114978529034],[-80.82894081340365,-0.9570604400308014],[-80.82883843877039,-0.9570978000234901],[-80.82867961988076,-0.9571152532303983],[-80.82860511856485,-0.9571368995475069],[-80.82853347396846,-0.957169619837586],[-80.82838125765691,-0.957186462672766],[-80.82822972441566,-0.9571855186469235],[-80.82819025760286,-0.9572178967555942],[-80.8281309153718,-0.9572032915053655],[-80.82802583028453,-0.9572522408583808],[-80.82791314640026,-0.9572727362311183],[-80.82786217634964,-0.9572781348628325],[-80.8278030710191,-0.9572892238011406],[-80.82766470942202,-0.9573103059382504],[-80.82759927697114,-0.9573134058335029],[-80.82753472521816,-0.9573189394815387],[-80.82741359315001,-0.9573475316952198],[-80.82732645384473,-0.9573516256824774],[-80.82723236787412,-0.9573712172492321],[-80.8270804697699,-0.9574052271906197],[-80.82696290531149,-0.9574279298103789],[-80.8267830560649,-0.9574520768185835],[-80.82668553506109,-0.9574862704505877],[-80.82661795332596,-0.9575125148832626],[-80.8265297712169,-0.9575384651344763],[-80.82644339481337,-0.9575638834971159],[-80.8262847575849,-0.9575789843114108],[-80.82616006688433,-0.9575954936977666],[-80.82607219962154,-0.957616058126348],[-80.82593440330031,-0.9576560489624769],[-80.8257826951661,-0.9576655317664802],[-80.82570617174821,-0.9576652926225506],[-80.82561319108615,-0.9576710509584245],[-80.82556577221821,-0.9576399802867712],[-80.82550909430584,-0.9576376703356004],[-80.8254280926109,-0.9576824681470697],[-80.82534380230115,-0.9577079499172783],[-80.82528164122981,-0.9576979133328507],[-80.8251386115606,-0.9576247047249637],[-80.82496559706237,-0.9575540368474407],[-80.82478593062473,-0.9575003774422868],[-80.82469955633862,-0.9574840336722872],[-80.82465328889809,-0.957451822191544],[-80.82455728195032,-0.9574055505385531],[-80.82439890902286,-0.9573315268622622],[-80.82424893070856,-0.9572602720700587],[-80.82405799589694,-0.9571578745389075],[-80.82389988289279,-0.9570986069140587],[-80.82379332383883,-0.957057734998557],[-80.82361655456845,-0.9569806650379178],[-80.82340280374892,-0.9569336770529161],[-80.8232204403017,-0.9568935883034017],[-80.82306704504286,-0.9568355332202287],[-80.82291454911524,-0.9567496090446355],[-80.8227231492879,-0.9566553485190071],[-80.82251112894438,-0.956550932283676],[-80.82224964162094,-0.9563946003699044],[-80.82214577992012,-0.9563183990611889],[-80.82199098666452,-0.956216184264477],[-80.82184724749126,-0.9561179146383125],[-80.8217183999781,-0.9560463261093588],[-80.82155978562926,-0.9559507789170142],[-80.82144231841693,-0.9558492265022522],[-80.82128970945351,-0.9557262121812898],[-80.8211486045818,-0.9556126618757901],[-80.82101765658427,-0.9554897029648401],[-80.8208468486002,-0.9553370579516808],[-80.82075396248968,-0.9552541893691995],[-80.82062125168284,-0.9551370477333023],[-80.82051920767579,-0.955055951925047],[-80.82037833628112,-0.9549474861604494],[-80.82027699230524,-0.9548691136042039],[-80.82012914602083,-0.9547656958270778],[-80.8200053672462,-0.9547047561217852],[-80.81992287934587,-0.954638752133107],[-80.8197758318733,-0.9545571744322672],[-80.819718409701,-0.9545228461612537],[-80.81956462932172,-0.9544594892459911],[-80.81951133071719,-0.9544443956293236],[-80.81942486058135,-0.9544070259461677],[-80.81932276796068,-0.9543801321429868],[-80.8192352287011,-0.9543171767954844],[-80.81912519063818,-0.9542923453382457],[-80.81900543158598,-0.9542261330826562],[-80.81892362266007,-0.9541877847240413],[-80.81887490809879,-0.9542035243457434],[-80.81880528700592,-0.9542132057293031],[-80.81874494476347,-0.9541599097452433],[-80.81868689151993,-0.9541625394140283],[-80.818590703786,-0.9541395905024218],[-80.81854811149503,-0.9541098680489739],[-80.81846155911269,-0.9540816360558608],[-80.81838426508332,-0.9540386575470025],[-80.81825106639012,-0.9539896144125349],[-80.81806879504,-0.9539122507932092],[-80.81789865648511,-0.9538526204072609],[-80.81784050525727,-0.9538385940838481],[-80.81779071127154,-0.9538538812705468],[-80.81774226535265,-0.9538715199065422],[-80.81764829566956,-0.953886362325747],[-80.81759179723053,-0.9538911995866783],[-80.81748116577538,-0.9538706012544651],[-80.81736235396438,-0.9538753003807443],[-80.81724963816684,-0.953838472082225],[-80.81719078398905,-0.953860372309478],[-80.81703069967007,-0.9538630960138335],[-80.81696418114274,-0.9538402662618353],[-80.81684143221672,-0.9538525639379286],[-80.81667292584298,-0.9537941422945835],[-80.81654534593035,-0.9537889459542583],[-80.81638742819827,-0.9537825139365879],[-80.81632720836117,-0.9537948149512658],[-80.81624722063493,-0.9538206296721655],[-80.81608306691919,-0.9538340306682612],[-80.81596245725586,-0.9538438766248305],[-80.81579413318148,-0.9538057334379886],[-80.81568844429691,-0.9538005436734381],[-80.81557950088602,-0.9538121454101685],[-80.81550346017245,-0.9538639820009109],[-80.81541151169854,-0.9538990803343239],[-80.8153182333185,-0.9539283612169669],[-80.81520406882481,-0.9539228633728527],[-80.81505160539065,-0.9539424424057046],[-80.81486142759833,-0.9539801862491544],[-80.81472761327848,-0.9540157518466118],[-80.81457257040749,-0.9540333864648859],[-80.8143943550645,-0.9540802867369109],[-80.81428630350023,-0.9540537272169445],[-80.81423606011353,-0.9540689238514233],[-80.8141822525547,-0.9540920718229557],[-80.81414501020284,-0.954108093454238],[-80.81410016645717,-0.9541625725938729],[-80.81405279086742,-0.9541903467528102],[-80.81367040597631,-0.9544273487719437],[-80.81328990517574,-0.9546248126887066],[-80.81293244077528,-0.9547390490348135],[-80.81286338438669,-0.9547611176590748],[-80.81292839917613,-0.9548937455138571],[-80.8133532800352,-0.9557604871117037],[-80.8136170177163,-0.95618299660552],[-80.81375210306147,-0.9563994041743201],[-80.81417463165738,-0.9570762974573057],[-80.81437182674954,-0.9575175555439159],[-80.81437353931678,-0.9575213877085389],[-80.81486421713689,-0.9586193636828568],[-80.8149976469116,-0.9589179356385955],[-80.81514518733006,-0.9592480825232883],[-80.81542868277683,-0.9595300660471366],[-80.81544975929499,-0.9596685415480408],[-80.81566817825345,-0.9598864742981449],[-80.815717627159,-0.959955854844239],[-80.81589837411292,-0.9602228315412447],[-80.81696010890181,-0.9610624412892719],[-80.8170524686594,-0.961122366151642],[-80.81728848819994,-0.9612357037146637],[-80.81806507209807,-0.9614555617657317],[-80.81838255104226,-0.9614902342403724],[-80.8185107627448,-0.9615193071784205],[-80.81857994886344,-0.9615457252087225],[-80.81865653065354,-0.9615820304598515],[-80.81873219669943,-0.9616329668612025],[-80.81882050223768,-0.9617232684891519],[-80.81889905673167,-0.9618478785482694],[-80.81906386726241,-0.9622213982377303],[-80.81907007212943,-0.9622453273947968],[-80.81908099843157,-0.9622874648324853],[-80.81909385928996,-0.9623560101438215],[-80.81909925079489,-0.9627724703926788],[-80.81908913121933,-0.9628071099349853],[-80.8189812814856,-0.9627648987865882],[-80.81897996028235,-0.9627643821184648],[-80.81894967244342,-0.9627511706209333],[-80.81882539418301,-0.9626969577111311],[-80.81872593305225,-0.9626535705747727],[-80.8186632260156,-0.9626273822857457],[-80.81847162171636,-0.9625473627281167],[-80.81830951468476,-0.9624796620812646],[-80.81822217451338,-0.962439167369098],[-80.81821876497656,-0.9624380741675651],[-80.81814700234786,-0.9624150648783427],[-80.81810470205399,-0.962401501920013],[-80.81803404192715,-0.9623915163043364],[-80.81790394026831,-0.9623677578464225],[-80.81789262491607,-0.9623656914980501],[-80.81776397720989,-0.9623548161308406],[-80.81751188009777,-0.9623394919181293],[-80.81738241844099,-0.9623262357714708],[-80.81728925401359,-0.9623166962542768],[-80.81722208416403,-0.9623098184351022],[-80.81722191303557,-0.9623098009124931],[-80.81706662793512,-0.9622939005763982],[-80.81681526561377,-0.9622641619559857],[-80.81678531643313,-0.9622606186738523],[-80.81671362991048,-0.962250245022048],[-80.8164974585582,-0.9622189631726883],[-80.81638130111973,-0.962180454537176],[-80.81632412098632,-0.9621547574604676],[-80.81630832475753,-0.9621476585453054],[-80.81628542705829,-0.9621373681887349],[-80.81621784748943,-0.9620869397263334],[-80.81621325925698,-0.9620827974600985],[-80.81620010891979,-0.9620706062434009],[-80.81613635849638,-0.9620133712845131],[-80.81611384554961,-0.9619906344931337],[-80.81608473619754,-0.9619612357083156],[-80.81602070409568,-0.961896566936275],[-80.81591574168417,-0.9617859663777324],[-80.8158532660783,-0.9617201348362272],[-80.81561953722499,-0.961463999525705],[-80.81557136804358,-0.9614112125914859],[-80.81555419407253,-0.9613923922321277],[-80.81545084218646,-0.9612723362360215],[-80.81535441502938,-0.9611603241599056],[-80.8152466832408,-0.9610495918298056],[-80.81517352635602,-0.9610052400813771],[-80.81512831060596,-0.9609834639592236],[-80.81512049609086,-0.9609797004511762],[-80.81507090937102,-0.9609660689861812],[-80.81502035875836,-0.9609658077616386],[-80.81495873814032,-0.9609654893308459],[-80.8149422719818,-0.9609654042401132],[-80.8148900271072,-0.9609762273190938],[-80.81484664868461,-0.9609901414183923],[-80.81482145770507,-0.9609982210393042],[-80.8147632245817,-0.9610344891535334],[-80.81469853604112,-0.9610923698669183],[-80.81462893003426,-0.9611697624935829],[-80.81457034179438,-0.9612576450908819],[-80.81452522837117,-0.961344136957706],[-80.81448339692841,-0.9614383897257142],[-80.81444137577729,-0.9615670428044041],[-80.81441504940317,-0.9616788824445734],[-80.81440863539359,-0.9617995663214743],[-80.81440798397945,-0.9618118231122709],[-80.81440750018895,-0.961882789639006],[-80.81441597675432,-0.9619489344771212],[-80.81442917429773,-0.9619987831931809],[-80.81443219491243,-0.9620101924197256],[-80.81444884877695,-0.9620481559175289],[-80.81445569822633,-0.9620637696540087],[-80.8144674606159,-0.9620849604253722],[-80.8145251351363,-0.9621888651229398],[-80.81456818951915,-0.9622506085612202],[-80.81467050771849,-0.9623973404936095],[-80.81469392262801,-0.9624284780812503],[-80.81487726308151,-0.962672287647834],[-80.8150226995889,-0.9628656918104213],[-80.81509139230451,-0.9629570406482628],[-80.81509625934513,-0.9629635129282832],[-80.81514327905212,-0.9630310568756499],[-80.81519886875955,-0.9631109116501904],[-80.81523169295323,-0.9631580631361771],[-80.81526994853265,-0.9632130165101955],[-80.815278786143,-0.9632257115602982],[-80.81528580348964,-0.9632357918380308],[-80.81530436544082,-0.9632856585272975],[-80.81530987677688,-0.9633706603687103],[-80.81530517394874,-0.9634252705752573],[-80.81530321342908,-0.9634480365314033],[-80.81530043122395,-0.963456034140421],[-80.81528520415674,-0.9634998020506345],[-80.81525614528981,-0.9635477110325326],[-80.81524746651222,-0.963557165615569],[-80.81522991248596,-0.9635762888152613],[-80.81521776713176,-0.9635895198556597],[-80.8152124718543,-0.9635936997252087],[-80.81517328920326,-0.9636246288633572],[-80.81514699161964,-0.9636388471162859],[-80.81511927129092,-0.9636538346011037],[-80.81510095106863,-0.9636637397522634],[-80.81509365275114,-0.963665434806387],[-80.81503407529105,-0.9636792684006253],[-80.81493335891956,-0.9636783907406823],[-80.81489827417116,-0.9636767159388455],[-80.8148943040761,-0.9636765264227876],[-80.81487516897421,-0.963675612991409],[-80.81485968118058,-0.9636748736675003],[-80.81470106827415,-0.9636498342747188],[-80.81459338050469,-0.9636328341635759],[-80.81454114295747,-0.9636245876909157],[-80.81447473360839,-0.9636141039877089],[-80.81445775639057,-0.9636114241692012],[-80.81444665725022,-0.9636096720150533],[-80.81443555810988,-0.9636079198608201],[-80.81437851946941,-0.9635991002402449],[-80.81434891397613,-0.9635945224796814],[-80.81403687880034,-0.9635462754179258],[-80.81385869403937,-0.9635139767039789],[-80.81379092473449,-0.9635016924781468],[-80.81377839832163,-0.9634996688261594],[-80.81374969703938,-0.963495033211629],[-80.81331108549685,-0.9634241919541892],[-80.81317576616885,-0.9634023361762162],[-80.8129858487646,-0.9633690137541464],[-80.81277927339559,-0.9633387551286745],[-80.81268440920188,-0.9633248596628476],[-80.81263424612911,-0.9633175119024173],[-80.81257554311539,-0.9633177589638252],[-80.81248296433036,-0.9633181485949933],[-80.81246883443295,-0.9633187035260279],[-80.81230705248058,-0.9633250572711773],[-80.81228787743902,-0.963327356920999],[-80.81228546775088,-0.9633276462990494],[-80.81221700690251,-0.9633358564909429],[-80.8121340696012,-0.9633521586334696],[-80.81204711769553,-0.9633790575820029],[-80.81204461898858,-0.9633800399734582],[-80.81200819808792,-0.9633943533974758],[-80.81190543602837,-0.9634436442851068],[-80.8118564832121,-0.9634743542267614],[-80.8118475704432,-0.9634799458297323],[-80.8117905009958,-0.9635197912208469],[-80.81173224424755,-0.9635737242467854],[-80.81169634821639,-0.9636069561306755],[-80.81161360187447,-0.9636973913439562],[-80.8115320663282,-0.9638019656464252],[-80.81146801674039,-0.9638923096137546],[-80.81140353082458,-0.9639900750046876],[-80.81135122148736,-0.9640771209996473],[-80.8113134841659,-0.9641345100531993],[-80.81129783750954,-0.9641583052273716],[-80.81122130847267,-0.9642912284146092],[-80.81119631612138,-0.9643315125633336],[-80.8111503808539,-0.9644055553128511],[-80.81110156767743,-0.9644788904064967],[-80.81105418796903,-0.9645379191809553],[-80.81099190914084,-0.9646090885155161],[-80.81089876630676,-0.9646985422783558],[-80.81067074676467,-0.9649175307063445],[-80.81015342665525,-0.965449956974865],[-80.8099878906151,-0.9656152678450098],[-80.8099542116195,-0.9656506441907169],[-80.80985207362849,-0.9657579297128082],[-80.80967599145458,-0.965948805651763],[-80.80950736300085,-0.9661371992302888],[-80.80947325795503,-0.9661753017616519],[-80.8092749848989,-0.9664043990180033],[-80.80905417954804,-0.9666595314585038],[-80.80901420937683,-0.9667199285521519],[-80.8089586923013,-0.9668038177255909],[-80.80892380785446,-0.9668742901088335],[-80.80890354392436,-0.9669485206373594],[-80.80890178043862,-0.9669654225859432],[-80.8088945767154,-0.9670344739824515],[-80.80888886843026,-0.9670891908314162],[-80.80888222022165,-0.9671529173256063],[-80.8088363672791,-0.9670919292126001],[-80.80845531358742,-0.9671164008184121],[-80.80682964717874,-0.9672208020620444],[-80.80582124435453,-0.9672852517525287],[-80.80432655381591,-0.9673807808100605],[-80.80424473842626,-0.9673860097972238],[-80.8041807117426,-0.9672551865379688],[-80.8041250729507,-0.9671144306722538],[-80.80407449467444,-0.9669879030432611],[-80.80406454488508,-0.9669602064567044],[-80.80403491708995,-0.966877733473197],[-80.80399687534215,-0.966739851408164],[-80.8039679679367,-0.9665728613014579],[-80.80395686463687,-0.9664396691152035],[-80.80395123756149,-0.9663721682393316],[-80.80395428568303,-0.9662963340438752],[-80.80395733380415,-0.9662204998483475],[-80.8039786524572,-0.9660305335875562],[-80.80403498529938,-0.9656873680102223],[-80.80409994180977,-0.9653487998289592],[-80.80415474741068,-0.9650868303725986],[-80.80416692811009,-0.964988783481303],[-80.8041775918994,-0.9648233273650391],[-80.8041770028337,-0.9647980828317343],[-80.80417455512186,-0.9646931076248677],[-80.8041607828956,-0.9645983361381667],[-80.80415629876858,-0.9645674820936705],[-80.8041509565747,-0.9645444303152999],[-80.80413499626718,-0.964475560954611],[-80.80411065009311,-0.9643897673313263],[-80.80409974537186,-0.9643538360696056],[-80.80407717355482,-0.9642794615060809],[-80.80401478143746,-0.9641293217454319],[-80.8039310813092,-0.9639837767450672],[-80.80379868044241,-0.96381371634304],[-80.80354047820943,-0.9634961542885777],[-80.80347640946957,-0.9634157731290998],[-80.80335886444163,-0.9632682990967112],[-80.80317015383174,-0.9630400191720554],[-80.80304661812731,-0.962891070933054],[-80.80303927399292,-0.9628822160360359],[-80.80297334916898,-0.9628034668847077],[-80.80295368037928,-0.9627799718828243],[-80.80283534500121,-0.9626386155346154],[-80.80279748405027,-0.9625933011636647],[-80.80269837710442,-0.962474683440874],[-80.80264420321384,-0.9624103861172983],[-80.80156774290491,-0.9624103232561652],[-80.80156028342054,-0.9624103228193803],[-80.79950651350526,-0.9624102019341194],[-80.79896492291995,-0.9624101698486243],[-80.79829430762032,-0.9624101299993271],[-80.79543614051838,-0.9624099586733621],[-80.7942708880395,-0.9624098881333651],[-80.79355719979881,-0.9624098447315106],[-80.79312201323698,-0.9624098181925405],[-80.78948292957573,-0.9624095940828566],[-80.78844663348065,-0.962409529548637],[-80.78782843901935,-0.9624094909003418],[-80.78734331379954,-0.9624094604923243],[-80.78437008971963,-0.9624092726110831],[-80.78381768325899,-0.9624092374165657],[-80.78375155447158,-0.9624092331973912],[-80.7825627606897,-0.9624091571292439],[-80.77998779281592,-0.9624089909331275],[-80.77997227620531,-0.9624089899257058],[-80.77964986880572,-0.9624089689772575],[-80.77952050178962,-0.9624089605630104],[-80.77764064387851,-0.9624088377365609],[-80.7775851626336,-0.9624088340956832],[-80.77731205662036,-0.9624088161602202],[-80.77756883900823,-0.9680814965337845],[-80.77758477116883,-0.9684334577711979],[-80.77760987733555,-0.9689880844353667],[-80.77760982944285,-0.9697222412777506],[-80.77760955141763,-0.9739732085137689],[-80.77658320375978,-0.9744605230458347],[-80.7751625269285,-0.975135066039428],[-80.77318856836024,-0.9760723078096021],[-80.772849768523,-0.9762333556810887],[-80.7686212930468,-0.9782433492444227],[-80.76862127596128,-0.9784927625707668],[-80.76862113811843,-0.9805026606234293],[-80.76609108626397,-0.9805024836702074],[-80.7660256748456,-0.9805024790697701],[-80.76360027918227,-0.9805023075819577],[-80.76188015398569,-0.9805021848884508],[-80.76188016905787,-0.9802888336190421]]]}},{"type":"Feature","properties":{"name":"ELOY ALFARO","clave_catastral":"05","clave_parroquia":"05","descripcion":"ELOY ALFARO","layer":"parroquias"},"geometry":{"type":"Polygon","coordinates":[[[-80.7191801381683,-0.98063392915995],[-80.71861073676938,-0.9801542196484121],[-80.71859377120134,-0.9801405023002445],[-80.71834368232035,-0.9799344186217525],[-80.71811277165507,-0.979746829380943],[-80.71783814483643,-0.9795344770182908],[-80.71735520614136,-0.979141921595172],[-80.71686598826743,-0.978740869406721],[-80.71637346423364,-0.9783402486646081],[-80.71589044004754,-0.9779471829516382],[-80.71539865939643,-0.9775496141583773],[-80.71491175629792,-0.977151481526718],[-80.71442435796652,-0.9767582627128775],[-80.71434055554926,-0.97668892486152],[-80.71429533413288,-0.976651475643763],[-80.71391397423187,-0.9763449292686062],[-80.71343277589186,-0.9759603741031384],[-80.71295042326629,-0.9755693717852836],[-80.71245306663067,-0.9751640491798099],[-80.71203437121414,-0.9748261039801491],[-80.71150988746761,-0.9744003352612935],[-80.71100131866328,-0.9739954130765653],[-80.71053142120752,-0.973627330367492],[-80.71021998366746,-0.9733706107404317],[-80.7100527916527,-0.9732289416117936],[-80.70958734738815,-0.9728547673311425],[-80.70910567573857,-0.9724678803344062],[-80.70861765892259,-0.9720708975088428],[-80.708163619186,-0.9717446335378525],[-80.70783084711533,-0.9714824003750948],[-80.70738299834991,-0.9711542334091378],[-80.70684383511723,-0.9707607804531192],[-80.7062992529535,-0.9703547067509106],[-80.70569935033859,-0.9699194891349378],[-80.70497186599917,-0.9693883220366502],[-80.70448982730795,-0.9690446195932765],[-80.70422905859405,-0.9693755077885841],[-80.7031833016464,-0.9707033043779772],[-80.70243711916405,-0.9716304961649342],[-80.7021588472938,-0.9719762711450386],[-80.70212591661966,-0.9720171901249302],[-80.70176017071745,-0.9724716583673826],[-80.70129234497104,-0.9730555201308279],[-80.70071356806667,-0.9737795263794737],[-80.70067361283199,-0.9738299438216131],[-80.70015573307492,-0.9744834292529133],[-80.70011023489208,-0.9745408800005323],[-80.6993298742691,-0.9755262441562849],[-80.6992296034337,-0.9756526181185734],[-80.69863539160184,-0.9764015185477319],[-80.69832546894207,-0.9771083714290825],[-80.69825930645356,-0.9772699501208137],[-80.69778209323512,-0.9784355803074618],[-80.69776356962868,-0.9784808256236346],[-80.69755036117246,-0.9790006147081273],[-80.69742173158345,-0.9793142056048652],[-80.69730347934322,-0.979603956276506],[-80.69705967564751,-0.9802053543752294],[-80.69681673908724,-0.9808046131559109],[-80.69657017639003,-0.981413244591792],[-80.69563564818593,-0.983785685575981],[-80.69476152397138,-0.9860047772296808],[-80.69465918163621,-0.986262724561101],[-80.6943059993217,-0.9871660007910634],[-80.69391841291835,-0.9881572658254073],[-80.69494303639304,-0.988509177506046],[-80.69519071430392,-0.9879009002626304],[-80.69524870616058,-0.987750510664199],[-80.69550339476721,-0.9878648970000796],[-80.69663161040636,-0.9883904372433818],[-80.69768285283065,-0.9888632297667498],[-80.69865064272848,-0.9892984894478473],[-80.6988126341314,-0.9893713447526551],[-80.69888819004754,-0.9891865299189675],[-80.69897887676795,-0.9889662841606254],[-80.69903539396829,-0.988835939631926],[-80.69919518919356,-0.9884739899556507],[-80.6993539759573,-0.9880717061135869],[-80.69991088633317,-0.9883536165940684],[-80.70061363506755,-0.9886790786024022],[-80.7007291713373,-0.9887358668070476],[-80.70094305743362,-0.9888409957472533],[-80.70122288370891,-0.988991483873221],[-80.70155988959964,-0.9892012537216317],[-80.70231805030674,-0.9897393109483232],[-80.7024093212195,-0.9897997949586284],[-80.70252500416804,-0.9898822549230886],[-80.70267535583838,-0.9899707361877006],[-80.70273089275136,-0.9899974448088074],[-80.70288839273375,-0.9900637575408808],[-80.70311652794553,-0.9901328930165647],[-80.7031989142146,-0.990153800295559],[-80.70331539718013,-0.9901750245807932],[-80.70351911529835,-0.9901983755617324],[-80.7037200711899,-0.9901939813420597],[-80.70397717949396,-0.9901678662948256],[-80.70407883292724,-0.990152045604148],[-80.70412974086206,-0.9901404517114827],[-80.70376509594998,-0.9903104083429071],[-80.70361606777456,-0.9903574388723229],[-80.70342452848988,-0.9903828532082314],[-80.70340334108995,-0.99039388160314],[-80.70339384343083,-0.9904049110507316],[-80.70338653612102,-0.9904262363689185],[-80.70336419691206,-0.9905434249932198],[-80.70334172838538,-0.9907199946695329],[-80.70329257422993,-0.9912238983014134],[-80.70326317800324,-0.9916299486744151],[-80.70326106053076,-0.9916591997753273],[-80.70324144146898,-0.9919634541432032],[-80.70318451703156,-0.9927697852756978],[-80.70281315339959,-0.9935514782531812],[-80.70393206518129,-0.9940524063526226],[-80.70435563334625,-0.9942526845490107],[-80.70503222777039,-0.9946510170730107],[-80.70518365517486,-0.9947339298717566],[-80.70547663866621,-0.9948778233328568],[-80.70556832592112,-0.9949180018911932],[-80.70619148661257,-0.9951092208142853],[-80.70680524245601,-0.9952589702035084],[-80.70716990360904,-0.9953599221525167],[-80.7072014864731,-0.9953801571553242],[-80.7072158422526,-0.9953984635720303],[-80.70722636881429,-0.9954206237398607],[-80.7072407228456,-0.9954485644849456],[-80.70724634440916,-0.9954838570827746],[-80.70716395953836,-0.9962700576110848],[-80.70702756291087,-0.997678436922996],[-80.70697063933497,-0.998318109960536],[-80.70697187148285,-0.9984292002646384],[-80.70708178288434,-0.9983525948080825],[-80.70842800235155,-0.9973886984202096],[-80.70858065714367,-0.9972513116522209],[-80.70875665090874,-0.997067009749486],[-80.70888508147203,-0.9969018534780929],[-80.70896356719474,-0.9967965361273484],[-80.70905870458255,-0.9966325737491246],[-80.70922639254724,-0.9962483941987442],[-80.70983416363151,-0.9942688292253762],[-80.70987460142982,-0.9941479491801175],[-80.70990790448231,-0.9940330528404075],[-80.70997688280416,-0.9938702849505887],[-80.71006250961082,-0.9936847780441127],[-80.71017548695485,-0.9934681549900121],[-80.71025754235218,-0.9933317193276423],[-80.71034792057938,-0.9932000718657151],[-80.71048229918131,-0.9929990099563497],[-80.71052456645998,-0.9929474990045861],[-80.71063451172945,-0.9928135085153541],[-80.71080574981119,-0.9926220251409318],[-80.7110079020663,-0.9924365284373806],[-80.71119697230772,-0.9922809522576301],[-80.71140149937912,-0.9921325586249735],[-80.71162386114584,-0.9919937414803429],[-80.71192113475314,-0.9918250091844669],[-80.71284387066983,-0.9913152241761907],[-80.71393750530824,-0.9907253403934106],[-80.71402689866703,-0.9906760907861809],[-80.715138817158,-0.9900634996211011],[-80.71538733756664,-0.9899234875279603],[-80.71550862532825,-0.9898516859130949],[-80.71562396923248,-0.9897643244929242],[-80.7157571510092,-0.9896494366369808],[-80.71586774059138,-0.9895405311664122],[-80.71595098153367,-0.9894411982791382],[-80.71602352155777,-0.989337076993607],[-80.7160806029961,-0.9892461199244451],[-80.71613887489009,-0.9891384068004925],[-80.7162054736875,-0.9889876071340352],[-80.71624711750358,-0.9888746726361006],[-80.71628040456498,-0.9887326806425846],[-80.71631014314708,-0.9885830746675026],[-80.71632085675418,-0.9884382545287167],[-80.71632800700978,-0.9882491499574684],[-80.71631969188603,-0.9881533997813818],[-80.71629592397535,-0.988002592337125],[-80.716261455054,-0.9878481933687339],[-80.71619132158165,-0.9876171917671712],[-80.71602133771835,-0.9870498616076162],[-80.71589948486555,-0.9866688720804574],[-80.71579548104327,-0.9863436899375558],[-80.71577992161268,-0.9862940657805693],[-80.71556130463792,-0.985596824042716],[-80.71540003627044,-0.9850425996751682],[-80.7153425873588,-0.9848308095963318],[-80.71532357743739,-0.9846584589432723],[-80.71532318188993,-0.9845363954810296],[-80.71533383412678,-0.9842929362794166],[-80.7153942819013,-0.9840206697376744],[-80.71546942540427,-0.9838039075757194],[-80.71554720169719,-0.9836444914035098],[-80.71566814340417,-0.9834436074441868],[-80.7158108410805,-0.9832820424619939],[-80.71738599787628,-0.9818528730732368],[-80.71745215966756,-0.9817935506018358],[-80.71809612322696,-0.9812445780733442],[-80.71843332644659,-0.9810017528220952],[-80.71871680483264,-0.9808466626519419],[-80.7191801381683,-0.98063392915995]]]}},{"type":"Feature","properties":{"name":"LOS ESTEROS","clave_catastral":"01","clave_parroquia":"01","descripcion":"LOS ESTEROS","layer":"parroquias"},"geometry":{"type":"Polygon","coordinates":[[[-80.69465918163621,-0.986262724561101],[-80.69476152397138,-0.9860047772296808],[-80.69563564818593,-0.983785685575981],[-80.69657017639003,-0.981413244591792],[-80.69681673908724,-0.9808046131559109],[-80.69705967564751,-0.9802053543752294],[-80.69730347934322,-0.979603956276506],[-80.69742173158345,-0.9793142056048652],[-80.69755036117246,-0.9790006147081273],[-80.69776356962868,-0.9784808256236346],[-80.69778209323512,-0.9784355803074618],[-80.69825930645356,-0.9772699501208137],[-80.69832546894207,-0.9771083714290825],[-80.69863539160184,-0.9764015185477319],[-80.6989620382341,-0.975503949229278],[-80.69915836713228,-0.9749644704947684],[-80.6994933921596,-0.9741330408905213],[-80.69975110651578,-0.973451065815155],[-80.7001522133349,-0.9724625369409097],[-80.70057923864749,-0.971360253506191],[-80.70110421753381,-0.9700853459595037],[-80.7011942108602,-0.9699004970959635],[-80.70130899249627,-0.9697038957380073],[-80.70157159534725,-0.969358514624787],[-80.70163633932354,-0.9692778050934266],[-80.7022975576527,-0.9684739472410655],[-80.70263859388427,-0.9680611071286053],[-80.70284321529151,-0.9678097869833096],[-80.70369715805842,-0.9667660070424375],[-80.70374040077789,-0.966712304500618],[-80.70401657601086,-0.9663745189007357],[-80.7042545485587,-0.966089887880301],[-80.70446548714622,-0.9658372487208027],[-80.70457842104732,-0.9656992801886304],[-80.70510757868196,-0.9650556452045153],[-80.70562659528674,-0.9644396431674238],[-80.70455235326202,-0.9630067144300085],[-80.70412756779378,-0.9624419606138304],[-80.70368997269956,-0.9618606026320293],[-80.70326440716207,-0.9613026178985534],[-80.70269087535047,-0.960537344480457],[-80.70224887850907,-0.9599568734507641],[-80.70182128754288,-0.9593835245858742],[-80.7014265179929,-0.9588622243508098],[-80.70122474909917,-0.958585897738871],[-80.70009881376566,-0.9570794470868123],[-80.69981137686005,-0.9567994223466059],[-80.69981396496644,-0.9567729976196374],[-80.69981138235212,-0.956746573341988],[-80.69980372689693,-0.9567211637093607],[-80.69979129421694,-0.9566977449367187],[-80.69977456238851,-0.9566772181636195],[-80.69981061099011,-0.956551501675392],[-80.69988197601938,-0.9564595443450372],[-80.69995669848312,-0.956412218350806],[-80.70027438909366,-0.956438791068635],[-80.70092902942226,-0.956453308228717],[-80.70136407525368,-0.9564770616902365],[-80.70166246918801,-0.9564922426662434],[-80.70212038759209,-0.9565140716025837],[-80.70246786928988,-0.9564892286966256],[-80.70288339322633,-0.9564275466194089],[-80.70319401483972,-0.9563770848583033],[-80.70335116755959,-0.9563528953238745],[-80.70379936670825,-0.9562721969415264],[-80.70398350674306,-0.9562270305056445],[-80.70433266840685,-0.9561109514545761],[-80.70488079070039,-0.9558990900529523],[-80.7052288803398,-0.9557655758637935],[-80.70565191650606,-0.9556051320870864],[-80.70607286608335,-0.9554504502816741],[-80.706548706782,-0.955282508363041],[-80.70703303359336,-0.9550957914197227],[-80.70704811403324,-0.9550901150088008],[-80.70764627257417,-0.9548636995582171],[-80.70796941179074,-0.9547437066482872],[-80.70797924600264,-0.9541088323769173],[-80.70798820319938,-0.9539061247180028],[-80.70800919912156,-0.9531363485541817],[-80.70802785658219,-0.9521063446683372],[-80.70804918700868,-0.9513604133619964],[-80.70808905561344,-0.9505740802098472],[-80.70809420717235,-0.9504685209825539],[-80.70811533811892,-0.9500355320798377],[-80.7080960165356,-0.9500356963090866],[-80.70807165139513,-0.9500359034073257],[-80.70795165346236,-0.9500369227923358],[-80.70777549512536,-0.950038420655261],[-80.70775770101709,-0.950038398204498],[-80.70764712416972,-0.9500382586879539],[-80.70761051474022,-0.95003821283116],[-80.70744553366526,-0.9500380043289881],[-80.70723905112177,-0.9500259126733823],[-80.70700576939329,-0.9500122516378013],[-80.70672915210258,-0.949996052840703],[-80.70662623268629,-0.9499910769703918],[-80.70645111497028,-0.9499826105042075],[-80.70629516126884,-0.949975070558679],[-80.70594143365751,-0.9499032282329694],[-80.70549258695104,-0.9498014560334695],[-80.704544368935,-0.9494961734174012],[-80.7041311983268,-0.9493315686069083],[-80.70396038031349,-0.9492881142070501],[-80.70356642590725,-0.94918789585914],[-80.70335957583586,-0.949117368584794],[-80.70299282917895,-0.9489983641061032],[-80.7026374402208,-0.9488891074843478],[-80.70230785271174,-0.9487856696406993],[-80.70203533585179,-0.9487095252866737],[-80.70161728581081,-0.9486003347585381],[-80.70130196514678,-0.9485141329586071],[-80.70084539217402,-0.9483905766022218],[-80.70059427702188,-0.9483201794121356],[-80.70039167342581,-0.9482627113694804],[-80.70035048644277,-0.9482543065845875],[-80.70010713578624,-0.9482046453943838],[-80.70006779002752,-0.9481966164461966],[-80.69985091559113,-0.948165000244714],[-80.6997864953683,-0.9481618424322846],[-80.69965304889186,-0.948155301444544],[-80.69964545389305,-0.948154928629137],[-80.69949849344212,-0.9481276272316705],[-80.69939861605816,-0.9481247460248596],[-80.6993415417634,-0.9481405396776238],[-80.69929073593572,-0.9481798902277774],[-80.69905902228922,-0.9482385383547438],[-80.69879862176361,-0.9482995557606557],[-80.6985917299033,-0.9483282624346429],[-80.69834204702146,-0.9481989789481844],[-80.69809235638692,-0.9481594604431791],[-80.69770423504305,-0.9481074794151141],[-80.69738421978043,-0.9485439269869573],[-80.69726078759803,-0.9486612903784818],[-80.69726583142727,-0.9485380114796412],[-80.69726650702775,-0.9485214968532604],[-80.69726461195519,-0.9484334071868119],[-80.69726081422236,-0.9483548919640867],[-80.69723038224505,-0.948272545637991],[-80.69717902204198,-0.9482112610713216],[-80.69711814717664,-0.9481825309731703],[-80.69706107337123,-0.9481940158421907],[-80.69699210842752,-0.9482287182979122],[-80.696976015995,-0.9482355863898989],[-80.69695277760229,-0.9482393000116645],[-80.6969306614966,-0.9482360664168823],[-80.69691068695104,-0.9482252931063329],[-80.69689642012354,-0.9482094927910936],[-80.69688686239579,-0.948189456105098],[-80.6968797289074,-0.9481772481415618],[-80.69686760348415,-0.9481557030675275],[-80.69684976988177,-0.9481341574904008],[-80.69681053473973,-0.9481090201133924],[-80.69676630449162,-0.9480903455878575],[-80.69672136138328,-0.9480731067835393],[-80.69668220463222,-0.9480588562928318],[-80.69666214955119,-0.9480515575577613],[-80.69661792120402,-0.9480213922315244],[-80.6966163615396,-0.948019089241413],[-80.69659652120426,-0.9479897931337717],[-80.69658439588454,-0.9479567590695268],[-80.69657940467684,-0.9479287522371607],[-80.6965715615793,-0.9478806369328936],[-80.69656157795274,-0.947828213181765],[-80.69654303649288,-0.9477506547575558],[-80.69652877579352,-0.9476644792900117],[-80.69651451021969,-0.9476343166062264],[-80.69649013623474,-0.9476223459673747],[-80.69637597325571,-0.947617784800144],[-80.69618991011626,-0.947610350989123],[-80.69599253527872,-0.9475825063036325],[-80.6957951604479,-0.9475546616079384],[-80.69577452777142,-0.9475517508781622],[-80.69540041080639,-0.9474989721855707],[-80.69518277190656,-0.9474657353145517],[-80.6948022727332,-0.9474076271457507],[-80.69460521426522,-0.947377533212631],[-80.69435101594905,-0.9473387131077261],[-80.69409681764449,-0.9472998929859102],[-80.69408299626986,-0.9472977822418045],[-80.69263242244598,-0.9469673177872551],[-80.69218768837749,-0.9468418503330582],[-80.69152904115795,-0.9466560340320314],[-80.6913367779174,-0.9466029928746167],[-80.69065259411292,-0.9464142416686059],[-80.69000197871196,-0.9462277683691694],[-80.68968003002091,-0.9461354944322692],[-80.68885619598234,-0.9458993746437301],[-80.6886471003599,-0.9458203012539174],[-80.68822584946736,-0.9456609975680123],[-80.68784318757754,-0.9455162862978028],[-80.68631119079039,-0.9449440461007299],[-80.685916054131,-0.9447692502144491],[-80.68501224108599,-0.9443694318729854],[-80.6847174404277,-0.9442303222121495],[-80.68382624772434,-0.9438097898131161],[-80.68343016679849,-0.9435901102154673],[-80.68297911625052,-0.943339942569324],[-80.68280952599186,-0.9431761410371848],[-80.68263993574928,-0.943012339502033],[-80.68224793150077,-0.9426815994482638],[-80.68198853358946,-0.9424487843846806],[-80.68186450471941,-0.9423374658593957],[-80.68150187302005,-0.942142941432394],[-80.68086578233212,-0.9417838241656113],[-80.68050594713694,-0.9415831714587455],[-80.68047937182442,-0.9415683524271401],[-80.6797422215313,-0.9411404058666477],[-80.67929875798227,-0.9408701645840553],[-80.67867499238008,-0.9405257609645048],[-80.67867421495329,-0.9405253317188595],[-80.67839423463367,-0.9403707443767502],[-80.67774862831405,-0.9400618936208788],[-80.67740977837931,-0.939853607709594],[-80.67721360725102,-0.9396740597355518],[-80.67706517410197,-0.9394727703821388],[-80.67703884407578,-0.9394370643803568],[-80.67685337509658,-0.9392539274886786],[-80.67669834115014,-0.9391043049544265],[-80.67651646071315,-0.9389540158571918],[-80.67641270111687,-0.938874876251063],[-80.6762375249704,-0.9387412652770166],[-80.67598190078266,-0.9385886405582226],[-80.67583625296668,-0.9385257918470841],[-80.67562520957651,-0.9384569523429462],[-80.67550515558224,-0.9383854303439421],[-80.67512287848632,-0.9381576892597678],[-80.67449273756839,-0.9377530897536559],[-80.67433520400674,-0.9376519409210999],[-80.67319977148216,-0.9368439509439952],[-80.67255774812824,-0.9363801061336261],[-80.67148177605445,-0.9354763728688198],[-80.67053064277228,-0.9346534394889688],[-80.66981729645899,-0.9340100580977975],[-80.66946062588816,-0.9336569498376548],[-80.66901677645139,-0.93314205691685],[-80.6687314493428,-0.9327590337958185],[-80.66860782232989,-0.9324430499038101],[-80.66853175236844,-0.9321557951814867],[-80.66853177116671,-0.9319547225563838],[-80.66787382158796,-0.9322837977219081],[-80.66707474254228,-0.932963539845673],[-80.66661812555736,-0.9333560678225439],[-80.66629468673823,-0.9336528589784763],[-80.66609491799126,-0.9338060377392736],[-80.66594272341679,-0.933825173255798],[-80.66576358532798,-0.9337581313240405],[-80.66533081137827,-0.9334804179519693],[-80.66435588028516,-0.9328723181603635],[-80.6629576960094,-0.9319099062450249],[-80.66246310209341,-0.9315555873751151],[-80.66147867002321,-0.9308469499918317],[-80.6613375729316,-0.9307330691693066],[-80.66131420135937,-0.930740203287101],[-80.66128989640903,-0.9307426101887017],[-80.66126559281723,-0.9307401985884951],[-80.66125670057924,-0.9307374826849752],[-80.66124222260675,-0.9307330599526011],[-80.66122171716962,-0.9307220249944237],[-80.65815804892456,-0.9353077842858823],[-80.65871992165509,-0.93874332594541],[-80.65884971799223,-0.939288908620682],[-80.65961394053707,-0.9413583966739907],[-80.66035803570875,-0.94298922830707],[-80.6605372432642,-0.9434545397611912],[-80.6605407949892,-0.9434664262284258],[-80.66085768914479,-0.9445092955305654],[-80.66115692375159,-0.9458157874452553],[-80.6611840420663,-0.9459701694277101],[-80.66118868796458,-0.9460154589111767],[-80.66119381874661,-0.9460654674251998],[-80.66119180354788,-0.946261400916498],[-80.66117244043852,-0.9463887952656904],[-80.66113642130061,-0.9465328609315264],[-80.6610921314516,-0.9466597018567455],[-80.66074925878921,-0.9475048210742614],[-80.6609592914492,-0.9475312539584451],[-80.66095270125867,-0.9475623654827956],[-80.6609399776674,-0.9476224317407258],[-80.66093378851686,-0.9476516479307975],[-80.66087197882631,-0.947943439809265],[-80.66078424837792,-0.9483356703551635],[-80.66073996583889,-0.9485529897921907],[-80.66073399507758,-0.9485822946639644],[-80.66090286649354,-0.9486161059704443],[-80.6611192641335,-0.9486544265206618],[-80.66120701779597,-0.9486518513093073],[-80.66137910376963,-0.9487175051901318],[-80.6614933836401,-0.9487470860844951],[-80.66167706422694,-0.9487724497019769],[-80.66171613668118,-0.9487752210644373],[-80.6618769383518,-0.9487866272222618],[-80.66205570764431,-0.9488064860640151],[-80.66208807380637,-0.9488050037071077],[-80.66211708761656,-0.948811725863024],[-80.66263733898946,-0.9489256416195957],[-80.66275458711586,-0.948996372560586],[-80.66283012018778,-0.9490658421493237],[-80.66322794032376,-0.949298694942115],[-80.66346973920936,-0.9494207603558918],[-80.66382623827229,-0.9495206312947886],[-80.66364008577114,-0.9500176769706316],[-80.66363383526607,-0.9500773286220436],[-80.663679353699,-0.9502764043624694],[-80.66392632903418,-0.9508349152576017],[-80.66392658513813,-0.9508354219220793],[-80.66468102408729,-0.9510931047221618],[-80.66506395502371,-0.9512303545858741],[-80.66519141283959,-0.9512801561230049],[-80.665227556955,-0.951303139371035],[-80.66523516309367,-0.9513337800400024],[-80.66523325794813,-0.9513682494316953],[-80.6652104209387,-0.9514505914941651],[-80.66512633839186,-0.9516986755757841],[-80.66503344299927,-0.9519867688302384],[-80.66502773203435,-0.9520250675001449],[-80.66503153343922,-0.9520576221707273],[-80.665041043936,-0.9520806028185972],[-80.66505055371884,-0.9521016690931247],[-80.66507147930868,-0.9521189059277049],[-80.66511332924587,-0.952147634667071],[-80.66514376628288,-0.9521687020828152],[-80.66526171120599,-0.9522299934636038],[-80.66556181957569,-0.9523755097352904],[-80.66653675292179,-0.9530075480521844],[-80.66655769175591,-0.9531021731664424],[-80.6665610864774,-0.9531113291972417],[-80.66656762702209,-0.9531289699372679],[-80.66658554691412,-0.9531481072773857],[-80.66661278484885,-0.9531705146656151],[-80.66811146862494,-0.9544034118189444],[-80.66813762583486,-0.9544881658860335],[-80.66809767511188,-0.9553307345437503],[-80.66808042007827,-0.9561955062913939],[-80.6680450630853,-0.95760667556263],[-80.66806701346547,-0.958150473234909],[-80.66808289081698,-0.9583336903522337],[-80.66807792464321,-0.9584966303702913],[-80.66814354427177,-0.9593431573413511],[-80.6681496929457,-0.9595568015236466],[-80.66817604037819,-0.9598671718524373],[-80.66821485214165,-0.9607595639416644],[-80.66825810786268,-0.9614779758710625],[-80.66825912385458,-0.9615766241267635],[-80.66826333486242,-0.9617328405230552],[-80.66818891779387,-0.9624155255587539],[-80.66815114148257,-0.962753931767722],[-80.66816064607599,-0.9632750730273898],[-80.66816828030592,-0.9636472584481198],[-80.66824369026233,-0.9640464028364875],[-80.66838731989958,-0.9645289440807973],[-80.66847538229224,-0.9648248012696995],[-80.66855585416417,-0.9648720574070353],[-80.66859343232029,-0.9648355020572837],[-80.6686412980528,-0.964806967555873],[-80.66867444178507,-0.9647968507193951],[-80.66868273242149,-0.9647943201025555],[-80.66872582244258,-0.9647900522680147],[-80.66877616825168,-0.9647869540337695],[-80.66881267093007,-0.9647933476408497],[-80.66881609705176,-0.9647939477630699],[-80.66885972529981,-0.964809787239048],[-80.66889577273606,-0.9648395712274436],[-80.66892535457453,-0.9648758621872561],[-80.66894733488407,-0.9649172649390464],[-80.67076089128307,-0.9641160692445538],[-80.67192187407319,-0.9636075879006967],[-80.6720209353886,-0.9635638110656259],[-80.67207104311467,-0.9636542112856716],[-80.67217645977944,-0.9638443953121651],[-80.67227147532165,-0.9640158144799501],[-80.67229332620785,-0.9640552360311005],[-80.6724148247375,-0.9642744335581881],[-80.67255817417038,-0.964533052637435],[-80.67257044665715,-0.9645551936075522],[-80.67260546106165,-0.9646183635978076],[-80.6728003610445,-0.9649955088560916],[-80.67294172637547,-0.9652690601702432],[-80.67303681513481,-0.9654530632235919],[-80.67321246928773,-0.9657929656168847],[-80.6733825582385,-0.9661032803061858],[-80.6735830067291,-0.9664980111931811],[-80.67364835308277,-0.9666266971715487],[-80.67371582560267,-0.9667588927996604],[-80.67378660621263,-0.9668952576143254],[-80.67381885617557,-0.9669576144569447],[-80.67390823592169,-0.9671322308683585],[-80.6739737247562,-0.9672571595112771],[-80.67404464067015,-0.9673872030891886],[-80.6740803185129,-0.967457861907775],[-80.67414744079487,-0.9675868005414401],[-80.6742141578404,-0.9677149630029191],[-80.67423973030954,-0.9677642946507632],[-80.67430204511012,-0.9678845056350127],[-80.67436937584242,-0.9680124133458179],[-80.67442092808128,-0.9681123845821276],[-80.67447680704225,-0.9682208896279718],[-80.67448757614555,-0.9682415208639554],[-80.67455478329511,-0.9683702844578761],[-80.67458146342614,-0.9684214060962405],[-80.67464592327485,-0.9685471512989352],[-80.67471306735682,-0.9686776103216914],[-80.67474884868791,-0.9687468370735388],[-80.67481771712279,-0.9688817736934823],[-80.67488177345214,-0.9690072763948478],[-80.67496422937398,-0.9691652320645403],[-80.67497233674628,-0.9691808871160674],[-80.67504068251607,-0.9693114584409414],[-80.67521389995535,-0.9696480644528975],[-80.67523964811761,-0.9696981310279682],[-80.67537500540433,-0.9699591135981933],[-80.67541841232193,-0.9700498836960493],[-80.67549030343467,-0.9701752514492624],[-80.67555421654174,-0.9703044526112308],[-80.67558231964094,-0.9703444255958829],[-80.6756019206292,-0.9703893637360324],[-80.67564017818856,-0.97047705323115],[-80.67570393799149,-0.9706116989490283],[-80.67569638375998,-0.9706537094027539],[-80.6758512445522,-0.9709643143965252],[-80.67592965461625,-0.9711277081850511],[-80.67608457502423,-0.9714505351133624],[-80.6762516499402,-0.9717999346731149],[-80.67667226557408,-0.9726875187832889],[-80.67671046728294,-0.9727776895810365],[-80.67743870034278,-0.9734438353842165],[-80.67769252396943,-0.973674358879606],[-80.67796708795863,-0.9739144485520086],[-80.67824411478114,-0.9741609785051395],[-80.67853116234654,-0.9744113465306015],[-80.67878617251118,-0.9746480142898832],[-80.67910075977737,-0.9749399738233818],[-80.67934774949569,-0.975140817664723],[-80.67940949342767,-0.9751976427818363],[-80.67990806992417,-0.9753307009384287],[-80.68081545950265,-0.9755820002307871],[-80.68110070880316,-0.9750634658314965],[-80.68162545305778,-0.974774801504438],[-80.68192952830196,-0.9752428166832486],[-80.68212396825828,-0.9755569267921801],[-80.68225786107597,-0.9757865018379732],[-80.68235724118303,-0.9759976970376556],[-80.68249471578007,-0.9763580211044456],[-80.6825842679764,-0.9767310668261473],[-80.6826241994089,-0.9771987869257401],[-80.68288582824108,-0.9777018825548112],[-80.68315336167241,-0.9781997848553345],[-80.68340888271108,-0.9786753309739565],[-80.68367817627693,-0.9791765088114346],[-80.6839498831313,-0.9796746788876902],[-80.68422559820812,-0.9801606567237114],[-80.68449630283624,-0.9806378029899178],[-80.68475933236893,-0.9811463011721457],[-80.68503063981188,-0.9816308111476105],[-80.68530000781604,-0.9821118574986656],[-80.68565978079918,-0.9819203444082092],[-80.68609085030569,-0.9817495912611918],[-80.68679707856117,-0.9814668295845052],[-80.68724132007254,-0.9820638969727754],[-80.6875532675653,-0.9824715152375915],[-80.6876414925678,-0.9825867977601916],[-80.68770619617094,-0.9826714072388826],[-80.68786319438219,-0.982877620690985],[-80.68829081408035,-0.983455506818629],[-80.68839705683662,-0.9835990835126722],[-80.68850700000168,-0.9836800421050924],[-80.68979057986316,-0.9842412196171466],[-80.68958431336515,-0.9847279610448113],[-80.6892333883886,-0.9855538020162271],[-80.68964770848433,-0.9858004246796668],[-80.69004338203031,-0.9860658894473033],[-80.69045793909542,-0.9863217694184102],[-80.69088602533735,-0.9865434803246272],[-80.69129461532324,-0.9867812785634982],[-80.69155501798816,-0.9869141782648684],[-80.69160446169977,-0.9869394124221174],[-80.69202381996122,-0.9871534369392663],[-80.6921745669127,-0.9867655386954937],[-80.69233400982498,-0.9863477995998408],[-80.6923714645222,-0.9863069741762872],[-80.69252106087143,-0.9859230222781293],[-80.69269787992303,-0.9854572852140535],[-80.69465918163621,-0.986262724561101]]]}},{"type":"Feature","properties":{"name":"SAN MATEO","clave_catastral":"03","clave_parroquia":"03","descripcion":"SAN MATEO","layer":"parroquias"},"geometry":{"type":"Polygon","coordinates":[[[-80.81908099843157,-0.9622874648324853],[-80.81906386726241,-0.9622213982377303],[-80.81889905673167,-0.9618478785482694],[-80.81882050223768,-0.9617232684891519],[-80.81873219669943,-0.9616329668612025],[-80.81865653065354,-0.9615820304598515],[-80.81857994886344,-0.9615457252087225],[-80.8185107627448,-0.9615193071784205],[-80.81838255104226,-0.9614902342403724],[-80.81806507209807,-0.9614555617657317],[-80.81728848819994,-0.9612357037146637],[-80.8170524686594,-0.961122366151642],[-80.81696010890181,-0.9610624412892719],[-80.81589837411292,-0.9602228315412447],[-80.815717627159,-0.959955854844239],[-80.81566817825345,-0.9598864742981449],[-80.81544975929499,-0.9596685415480408],[-80.81542868277683,-0.9595300660471366],[-80.81514518733006,-0.9592480825232883],[-80.8149976469116,-0.9589179356385955],[-80.81437353931678,-0.9575213877085389],[-80.81437182674954,-0.9575175555439159],[-80.81417463165738,-0.9570762974573057],[-80.81375210306147,-0.9563994041743201],[-80.8136170177163,-0.95618299660552],[-80.8133532800352,-0.9557604871117178],[-80.81286338438669,-0.954761117659089],[-80.81126340387713,-0.9556033881609238],[-80.8105571602905,-0.9559751723754886],[-80.80961412181688,-0.9564716105951447],[-80.80844061994745,-0.9545461181086665],[-80.80830020069813,-0.9544293800603185],[-80.80726115535957,-0.9535655701342591],[-80.80720027739478,-0.9535655667031193],[-80.80715842200978,-0.9535885443253419],[-80.80712417542799,-0.9536345023579713],[-80.80713178295262,-0.953680463655445],[-80.80716602441956,-0.9537264255502151],[-80.80805423424422,-0.954508897802782],[-80.80575812570842,-0.9552511978146185],[-80.80570581090848,-0.9552123840044829],[-80.80564303060454,-0.9552047210413264],[-80.8055754931859,-0.9552095040887565],[-80.80554219958859,-0.9552181196850994],[-80.80550034449752,-0.9552353522856265],[-80.80547504115142,-0.9552603736893275],[-80.80544459929538,-0.9553032685193728],[-80.80542785384715,-0.9553676115071283],[-80.8054415471536,-0.95544421252022],[-80.80548111437886,-0.9555146864102967],[-80.80553590191315,-0.9555667771839893],[-80.80559069082709,-0.9555943571853476],[-80.80565917882205,-0.9555958927828954],[-80.80569418508787,-0.9555790424893615],[-80.80574288965796,-0.9555499375890832],[-80.80578398482929,-0.9555085759641742],[-80.80582812524601,-0.9554488305278568],[-80.80643996362517,-0.9552588968329445],[-80.80647039758507,-0.9553569461744758],[-80.8072861815007,-0.9551134045158989],[-80.80726031386091,-0.9550230148257697],[-80.80805673020487,-0.9547842587556374],[-80.80841286101867,-0.9549302016433785],[-80.80849389570726,-0.9551025569693508],[-80.80867879784577,-0.9554024561219023],[-80.80890136324903,-0.9557804902299267],[-80.80906229728083,-0.9560321309702999],[-80.80907827847301,-0.9560206418726125],[-80.80914965134725,-0.9561379767256711],[-80.8095245530764,-0.9567543037362611],[-80.80807768755037,-0.9576619337079392],[-80.80775810586806,-0.9571305026896794],[-80.80771530159292,-0.9571161377856329],[-80.80766108077275,-0.9571190072233405],[-80.80761827329721,-0.9571620922731655],[-80.80759829519427,-0.9572051786114314],[-80.80763538796451,-0.9572942290409969],[-80.8079150243999,-0.9577308653891237],[-80.80791787599325,-0.9577682080212782],[-80.80713308801167,-0.9582392541837521],[-80.80643685404378,-0.9571160654044634],[-80.80643685629826,-0.9570758504388124],[-80.80643685967982,-0.9570155279902508],[-80.80641974103332,-0.9569552045692262],[-80.80639120689703,-0.9569092429875781],[-80.80633698785522,-0.9568805149317825],[-80.80625137820212,-0.9568718925738295],[-80.80617718194488,-0.9568862508429987],[-80.80612581328307,-0.9569322078815645],[-80.80609441902841,-0.9570011460355943],[-80.80608299982633,-0.9570815753157547],[-80.80611153282976,-0.9571476443818625],[-80.80616574887733,-0.9572137149091589],[-80.80622282117818,-0.9572338265428327],[-80.80626277193441,-0.9572453188048513],[-80.806608034736,-0.9578227113380251],[-80.80719584005229,-0.958753435725427],[-80.80737562370274,-0.9590507797292674],[-80.80739557959437,-0.9590837851794447],[-80.80735552592489,-0.959095954158272],[-80.80725416262764,-0.9591267515412909],[-80.80715973799852,-0.9591419536878477],[-80.80703467947235,-0.9591620875514195],[-80.80682179445196,-0.9591798849486537],[-80.80658778977124,-0.959225832511521],[-80.80618541739936,-0.9592890045433222],[-80.80592858422459,-0.9593349498513248],[-80.80577162924006,-0.9593794645976601],[-80.80561467425282,-0.959423979335952],[-80.8053920830372,-0.9595072690230495],[-80.80512382986656,-0.9596307710376522],[-80.8048462297954,-0.9597652016076524],[-80.80482716283733,-0.9597744349686934],[-80.80475561231553,-0.9598090835792448],[-80.80457876237799,-0.9598950103865462],[-80.80439897654662,-0.9599725574646385],[-80.80426199670914,-0.960018509529661],[-80.80416211683057,-0.9600414837504162],[-80.80403370021651,-0.9600644563219021],[-80.80381967348146,-0.9600701889628311],[-80.80376602025609,-0.9600620337726724],[-80.8036684301007,-0.9600472002489226],[-80.80338020966852,-0.9600213311068018],[-80.8033683409764,-0.9600201713805916],[-80.80299781868624,-0.9599839664940362],[-80.80245376292385,-0.9599506433898596],[-80.80205896172784,-0.9599264619882177],[-80.80154244751188,-0.9599005793872237],[-80.80129320794374,-0.9598781393904829],[-80.8010316418275,-0.9598545895675699],[-80.80054366472176,-0.959822963496535],[-80.8005258302512,-0.9598231227359831],[-80.80033132940869,-0.9598248593789975],[-80.79990444082456,-0.9598286709073278],[-80.79978743784793,-0.9598545164825653],[-80.79961050964863,-0.9598631235417088],[-80.79935938473163,-0.9598774712034838],[-80.79923324794808,-0.9598887777470538],[-80.79907116230254,-0.9599033066375426],[-80.79897984237526,-0.9599291537018503],[-80.7989142050559,-0.9599779822531643],[-80.7988907397356,-0.9599956951614245],[-80.79885712908812,-0.9600210663173527],[-80.79876295671927,-0.9600411682135501],[-80.79862170953437,-0.9600382954899375],[-80.79846475889083,-0.9599999865359052],[-80.79829041655562,-0.9599798040536882],[-80.79825786859327,-0.9599760361860206],[-80.7981413426457,-0.9599903917449099],[-80.79798439010351,-0.9599999580056248],[-80.79777987718177,-0.9599903702487325],[-80.79759914484791,-0.9599759970063815],[-80.79738987466814,-0.9599807723274552],[-80.7972495691257,-0.9599831578545376],[-80.79712590841,-0.959999906849177],[-80.79702603044758,-0.9599903252940862],[-80.79695770045959,-0.9599774822657423],[-80.79684767746532,-0.9599568027855271],[-80.79658133526827,-0.9599376365756312],[-80.79632212827448,-0.959908896089047],[-80.79605578538371,-0.9599016984206088],[-80.7958917006436,-0.9598705706184346],[-80.7956538990286,-0.9597867744488724],[-80.79545652561904,-0.9596957999120832],[-80.7951354563411,-0.9595636456619873],[-80.79502610631094,-0.959518636453808],[-80.79487335943449,-0.9594623411015561],[-80.79475976889495,-0.9594204769378649],[-80.79452196735313,-0.9593366807015684],[-80.79447466006786,-0.9593125873050354],[-80.79431983830726,-0.9592337372431814],[-80.79382045328701,-0.9590948700256092],[-80.79343521443113,-0.9589679773526711],[-80.79313320493287,-0.9588841780374793],[-80.79267662423726,-0.9587596748466325],[-80.79249827284836,-0.9587022140706267],[-80.7922874715624,-0.9586752278522966],[-80.79221766350281,-0.9586662912078481],[-80.79187284862911,-0.9586040324382878],[-80.79181467605116,-0.9585917784507103],[-80.79166534668241,-0.9585603223837609],[-80.79130449827352,-0.9584843100359564],[-80.79102864815158,-0.9584029051503364],[-80.79085315061191,-0.9583435300799437],[-80.79064197835737,-0.9583550070745162],[-80.79053353766221,-0.9583607453911044],[-80.79037373320966,-0.9583435005830836],[-80.79030524845781,-0.9582889185127925],[-80.7902502375869,-0.9582450750690868],[-80.79023676370831,-0.9582343364416062],[-80.79014712454976,-0.9581967341647301],[-80.79009979017047,-0.9581768781043678],[-80.78991715392814,-0.9581998467937751],[-80.78985359037644,-0.9582217793925167],[-80.78971739286662,-0.9582687743278767],[-80.78928933488814,-0.9583779035485378],[-80.78898585360315,-0.9584131324933907],[-80.78884415839542,-0.9584295808543288],[-80.78852719396079,-0.958473873940406],[-80.78843322558194,-0.9584870052167532],[-80.78823705830222,-0.9585304337823429],[-80.78814785386447,-0.9585501823353582],[-80.7879595159266,-0.958481230741782],[-80.78785664590069,-0.9584467074884202],[-80.78761850602494,-0.9583667875642448],[-80.78758283847283,-0.9583548175048833],[-80.7871662128807,-0.9581766959362453],[-80.78681807254848,-0.9580445394244776],[-80.78668625812445,-0.9579980046929535],[-80.78637861627973,-0.9578893972032887],[-80.78619642330979,-0.957817815147223],[-80.78619026170882,-0.9578153943068344],[-80.78567663007426,-0.9576135927761982],[-80.78541410028164,-0.9574756965442646],[-80.78533771635,-0.9575479953396808],[-80.785229919876,-0.9576158029191361],[-80.78514621168054,-0.95761579763942],[-80.7848716280138,-0.9574953834660107],[-80.78452602998358,-0.9573438278578267],[-80.78439666257907,-0.9573667996216386],[-80.78406873729033,-0.957181922747779],[-80.78392106688554,-0.9570986694926233],[-80.78359004945476,-0.9569569391120183],[-80.7828770193198,-0.9565607279478173],[-80.78241818241364,-0.9563057648299917],[-80.78209858415775,-0.9560950943232314],[-80.78164696658312,-0.9557315987169801],[-80.7812968516634,-0.9555505703331448],[-80.78130801414731,-0.9555161011321189],[-80.78077915119431,-0.9552479672635315],[-80.78048768655168,-0.955102886379379],[-80.78026740857692,-0.9549932397013094],[-80.78006359090845,-0.9548693036443154],[-80.78001429291353,-0.9548393268531613],[-80.77979181585843,-0.9547040444972339],[-80.7793059909737,-0.9544244195412261],[-80.77882350556249,-0.954146716575849],[-80.7783595802996,-0.9538860333915835],[-80.7783327316792,-0.9538706486621891],[-80.77832151606874,-0.9538642216944027],[-80.77833326468532,-0.9538422006169186],[-80.77834204591228,-0.9537995534939655],[-80.7783325570941,-0.9537476471659971],[-80.77829688999621,-0.9536968971852247],[-80.77826669014699,-0.9536758305840891],[-80.77821675067872,-0.9536743906471941],[-80.77817370685732,-0.9536851603806439],[-80.77814612208898,-0.9536844402419433],[-80.7772368076921,-0.9531347761026154],[-80.77721376388085,-0.9531440534309468],[-80.77721248266742,-0.9531508324292872],[-80.77719367715012,-0.953250343383985],[-80.77718877831776,-0.9532256459029894],[-80.77707030844579,-0.9531336741645616],[-80.77705699006538,-0.9531210786623773],[-80.77704890413061,-0.9531134314254928],[-80.77704825973677,-0.9531128152678717],[-80.77702008345844,-0.95308588709689],[-80.77701792828906,-0.9530838278092659],[-80.77695710993329,-0.953025400520488],[-80.77695283643446,-0.9530214475117306],[-80.77695149822662,-0.9530200089165818],[-80.7768967247703,-0.9529673894314213],[-80.77686868960488,-0.9529404567453241],[-80.77674085792007,-0.9528176504990994],[-80.77670469022436,-0.9527829046107854],[-80.77665042892806,-0.9527307768178163],[-80.77661852470933,-0.9527001272803375],[-80.77656725473693,-0.9526616904419143],[-80.77645915873663,-0.9525806510609698],[-80.77640414009086,-0.9525394039098102],[-80.77639499802807,-0.9525325500442108],[-80.77631172709,-0.9524725633511365],[-80.77624675019995,-0.9524257560315447],[-80.77613077827007,-0.9523422118588059],[-80.7760887689258,-0.9523119497834358],[-80.77599319771551,-0.952243102339267],[-80.77591155442742,-0.9521842882656983],[-80.77585996082476,-0.9521471216285704],[-80.77580915226721,-0.9521037739823868],[-80.77574276672266,-0.9520471358561764],[-80.77571966277414,-0.9520274249773166],[-80.77561852049112,-0.9519644886142798],[-80.77559635899303,-0.9519506982965851],[-80.77554998754302,-0.9519218430167911],[-80.77545051804168,-0.9518599469467687],[-80.77533888011108,-0.9517904796075102],[-80.77528849894665,-0.9517591293263478],[-80.77524644857466,-0.9517329630916861],[-80.77523490603883,-0.9517231307222147],[-80.77518932277432,-0.9516842997842332],[-80.77512279703983,-0.9516276299757465],[-80.77509168216315,-0.9515942174607801],[-80.77504661273132,-0.9515458200265813],[-80.77498012300906,-0.9514744204424801],[-80.77490599197094,-0.9514137838317254],[-80.77490086733714,-0.9514095919189316],[-80.77487359227825,-0.951387281496693],[-80.77484685237579,-0.9513730448472018],[-80.77478031628785,-0.9513376197121204],[-80.77474070527566,-0.9513022307246928],[-80.77473606059374,-0.9512980822699291],[-80.77462317901009,-0.9511972336520244],[-80.77460587617838,-0.9511866219371115],[-80.77459915798464,-0.9511825013922817],[-80.77453311027676,-0.9511419935587782],[-80.77449077442313,-0.95111602887755],[-80.77445942833694,-0.9510861773291595],[-80.77443446596725,-0.9510624050263773],[-80.77439641845022,-0.9510332949086973],[-80.77434467296888,-0.9510240995306135],[-80.7743246481963,-0.9510197157405003],[-80.77430966826432,-0.9510164369475831],[-80.77429873737438,-0.9510068523439231],[-80.77427542449091,-0.9509864105960872],[-80.77426249073054,-0.9509750699617142],[-80.77420418750046,-0.9509270462047397],[-80.77414530638056,-0.9508785465254305],[-80.77405551388954,-0.9508325798398829],[-80.77404420727296,-0.9508299671632869],[-80.77396267560317,-0.9508111263886008],[-80.77391816780629,-0.9507924554261535],[-80.77390788682071,-0.950788142844516],[-80.77388006646835,-0.9507618326061191],[-80.77381009183553,-0.950695656642182],[-80.77380744416138,-0.9506931521977152],[-80.77371888104175,-0.9506362185493487],[-80.77368524970572,-0.9506145980043499],[-80.77368112712588,-0.9506119478023436],[-80.77359001099018,-0.950575809012875],[-80.77358068088635,-0.9505721089899026],[-80.77354981466905,-0.9505575735024933],[-80.77348632245746,-0.9505276745904611],[-80.77342633643359,-0.9504839137623122],[-80.77341023626559,-0.950472168506124],[-80.773394833526,-0.9504609317495607],[-80.77333581134117,-0.9504258481703118],[-80.77327041248631,-0.9503869742896426],[-80.773160465013,-0.950321619877414],[-80.77313486845314,-0.9503064052895098],[-80.7731256337393,-0.9503009157322707],[-80.77302713394255,-0.9502527554054724],[-80.77298340109442,-0.9502313721292666],[-80.77297364144059,-0.9502266008860829],[-80.7728996329057,-0.9501904152636769],[-80.77283845329715,-0.9501605020199975],[-80.77278092176351,-0.9501323731281985],[-80.77272701885488,-0.9501010743310019],[-80.7726929218393,-0.9500812749529501],[-80.7726449561163,-0.9500534235376676],[-80.77248104544947,-0.9499582477172197],[-80.77246272520318,-0.9499476096901418],[-80.7724141447352,-0.9499194008667189],[-80.7723283797844,-0.9498733502750838],[-80.77223367038978,-0.9498224968259023],[-80.77220868849336,-0.9498090835745358],[-80.77217393076454,-0.9497909497414412],[-80.77209178414158,-0.949748091243535],[-80.77202864521337,-0.9497315025996045],[-80.7718084646589,-0.9495992466209344],[-80.7717698305045,-0.9495666206957907],[-80.77173921850762,-0.9495407689544919],[-80.77166173929093,-0.9494845778762482],[-80.77156189395772,-0.9493968322376389],[-80.7714483626437,-0.9492970601269092],[-80.7713442350592,-0.9492158082914983],[-80.7710505264404,-0.9490108292540924],[-80.77049823239277,-0.9485879364036123],[-80.77042352017155,-0.9485305116827618],[-80.77022889772256,-0.9483714748691908],[-80.7700799466276,-0.9482497581519312],[-80.77001160727175,-0.9481939145596385],[-80.76994994565081,-0.9481435273838201],[-80.76992707433561,-0.9481248384541487],[-80.76983759925692,-0.9480517228257952],[-80.76930892612151,-0.9476391941195743],[-80.76870538535923,-0.9471619552117829],[-80.76854247926576,-0.9470647183728573],[-80.76842659032134,-0.9469834684968674],[-80.7682315998644,-0.9468364793185913],[-80.76791090246319,-0.946538663732909],[-80.76785721253063,-0.9464888045797721],[-80.76754914154559,-0.9461996966766719],[-80.76725666124078,-0.9459004585925329],[-80.76706880753909,-0.9457161274071808],[-80.76673114372475,-0.9454264612336232],[-80.76660939580677,-0.9453029356702842],[-80.76656849667143,-0.9452531429725753],[-80.76647432985864,-0.9451937716833356],[-80.76641155317951,-0.9451363175146383],[-80.7663364094918,-0.945096097483713],[-80.76627267865294,-0.9450826881867442],[-80.76622544862333,-0.9450787774222817],[-80.76620323998327,-0.9450769384911696],[-80.76615187538883,-0.9450577850380597],[-80.7658251438269,-0.9448715294011408],[-80.76572681790623,-0.9448057972912949],[-80.76522352428763,-0.9444693391294123],[-80.76490725806077,-0.944256274182905],[-80.76469120243665,-0.9441001109842659],[-80.76462903985247,-0.9440551805411416],[-80.76451128557984,-0.9439513867303049],[-80.7645125330845,-0.9439638741290537],[-80.76451354941842,-0.9439740475313982],[-80.76451603049941,-0.943998882907664],[-80.76451986556654,-0.9440372715519487],[-80.76452523736933,-0.9440910427691449],[-80.7645275407779,-0.9441140996623291],[-80.76452957177233,-0.944134429716911],[-80.76453662040835,-0.9442049858706838],[-80.76453829467974,-0.9442217451630909],[-80.76454860129586,-0.944324913378921],[-80.7645501420623,-0.9443403362999305],[-80.76455962562532,-0.9444352658366597],[-80.76456146414505,-0.9444536692391806],[-80.76457004772546,-0.9445395900392412],[-80.76457031515938,-0.9445422670267476],[-80.76457179861079,-0.9445571162302996],[-80.76457250926394,-0.9445642297990134],[-80.7645786132987,-0.9446253305904975],[-80.76458315523806,-0.9446707949599329],[-80.76458486516057,-0.9446952284098842],[-80.76458762371958,-0.9447346460520976],[-80.76458892187098,-0.9447531956117956],[-80.76459099526573,-0.944782822869101],[-80.76459288455129,-0.9448132841187373],[-80.76460441402678,-0.9449991756844015],[-80.76461665035593,-0.9451964639860506],[-80.76464368058208,-0.9455582429141458],[-80.7646654136394,-0.9458491233206416],[-80.76470923157574,-0.9464355930953445],[-80.76475835951008,-0.9467092814478661],[-80.76480494907454,-0.9467749976039813],[-80.7648680366751,-0.9468639847938505],[-80.76487427563133,-0.9469148523298543],[-80.764926587307,-0.9469956448404133],[-80.76497506642782,-0.9470151683146355],[-80.76499049569114,-0.94702138197556],[-80.76500842164496,-0.9470445099004934],[-80.76523541367382,-0.947337373206949],[-80.76535073828535,-0.9474989589533749],[-80.76543871692554,-0.9476366053703913],[-80.76545806659506,-0.9476681105872445],[-80.76553501746444,-0.9477934023254448],[-80.76560804566364,-0.947933920125891],[-80.765675032621,-0.9480628136136175],[-80.76592384835772,-0.9485415743251622],[-80.76592399719246,-0.9485418607066975],[-80.76599035550836,-0.948669544551322],[-80.76608431596847,-0.9488621709551949],[-80.7662851934173,-0.9492739856170119],[-80.76644624272708,-0.9496370352890864],[-80.76645931032262,-0.9496664932598264],[-80.7664681183196,-0.9496887584201517],[-80.76658735720925,-0.9499901746018935],[-80.76671460014826,-0.9503118236539337],[-80.7667052226927,-0.9503165518020752],[-80.76623313392058,-0.9505545806715786],[-80.76561508650813,-0.950866202253195],[-80.76550460545337,-0.9509219071526758],[-80.76530326737456,-0.9508813113193924],[-80.76521507439594,-0.9508635289493412],[-80.76504057346686,-0.9508283442809926],[-80.76482860529558,-0.9507856050704078],[-80.76470416354198,-0.9507605138333018],[-80.76470962434446,-0.9507467744521136],[-80.76462211228039,-0.9507265599303878],[-80.76460588317097,-0.9507878645337939],[-80.76459266786894,-0.9508600006657986],[-80.7645839043878,-0.9509702475782831],[-80.76458629638368,-0.9510451912263704],[-80.76459503990259,-0.9511234782552974],[-80.76460933890165,-0.9512009052757975],[-80.76481087016008,-0.9520497059120174],[-80.76483664957253,-0.9521247742086842],[-80.76486670731217,-0.9521853364994683],[-80.764920945999,-0.9522608156836867],[-80.76495457185219,-0.9522961211174702],[-80.76654553066322,-0.9535934211459107],[-80.766662013188,-0.9536850276033277],[-80.76676344492456,-0.9537579550602402],[-80.76695892442143,-0.9538833609535119],[-80.76706841654443,-0.9539426928015757],[-80.7672068204639,-0.9540097348416907],[-80.7678028809048,-0.9542751346814669],[-80.76792459168523,-0.9543544481104362],[-80.76797022154182,-0.9543943005669604],[-80.76866203569058,-0.9552389049224247],[-80.76868178297717,-0.9552666938741936],[-80.76870115759243,-0.9553030360371082],[-80.76882793933713,-0.9558801124002656],[-80.76937740454635,-0.9556966304694329],[-80.76959529450166,-0.9556432575846543],[-80.76974184661705,-0.9556254411034928],[-80.76991665914832,-0.95561498231325],[-80.77004386029249,-0.9556200755352933],[-80.7701532503874,-0.955628461019046],[-80.77027334098793,-0.9556482175187995],[-80.77039343103444,-0.9556763521296716],[-80.77055216301375,-0.9557272299336006],[-80.77066036194478,-0.9557679309096443],[-80.77087319078625,-0.9558786560174184],[-80.77092788362114,-0.9559163612092333],[-80.77101943465222,-0.9559798016576765],[-80.7713433710812,-0.956223695414252],[-80.77142249531252,-0.9562850314727881],[-80.77155506613038,-0.9563748058814099],[-80.77164661766177,-0.9564310650764725],[-80.77174887081561,-0.9564819390545125],[-80.77185171864578,-0.9565304193226041],[-80.77197121316622,-0.9565747116436256],[-80.77205503803478,-0.9566004500338322],[-80.77217274984658,-0.9566321750557023],[-80.77229343526052,-0.9566483409139153],[-80.7724105533913,-0.9566674987144239],[-80.77253480652823,-0.9566740898127506],[-80.77271494507252,-0.9566651252739717],[-80.77283622705583,-0.9566501724352321],[-80.77298069570254,-0.9566262445824664],[-80.77303152775188,-0.956610389389013],[-80.77308004303042,-0.9566805183551425],[-80.77327771152088,-0.9568795258791168],[-80.77379844567493,-0.9574037874181585],[-80.77509813442302,-0.9597345567344462],[-80.77488007351496,-0.960718719541191],[-80.77438220192384,-0.9615552291159588],[-80.77383417015274,-0.9622206507187769],[-80.7749515783068,-0.962408660225222],[-80.77731205660389,-0.9624088161602202],[-80.77764064387851,-0.9624088377365609],[-80.77952050178962,-0.9624089605630104],[-80.77964986880572,-0.9624089689772575],[-80.77998779281592,-0.9624089909331275],[-80.7825627606897,-0.9624091571292439],[-80.78375155447158,-0.9624092331973912],[-80.78381768325899,-0.9624092374165657],[-80.78437008971963,-0.9624092726110831],[-80.78734331379954,-0.9624094604923243],[-80.78782843901935,-0.9624094909003418],[-80.78844663348065,-0.962409529548637],[-80.78948292957573,-0.9624095940828566],[-80.79312201323698,-0.9624098181925405],[-80.79355719979881,-0.9624098447315106],[-80.79829430762032,-0.9624101299993271],[-80.79896492291995,-0.9624101698486243],[-80.79950651350526,-0.9624102019341194],[-80.80156028342054,-0.9624103228193803],[-80.80156774290491,-0.9624103232561652],[-80.80264420321384,-0.9624103861172983],[-80.80269837710442,-0.962474683440874],[-80.80279748405027,-0.9625933011636647],[-80.80283534500121,-0.9626386155346154],[-80.80295368037928,-0.9627799718828243],[-80.80297334916898,-0.9628034668847077],[-80.80303927399292,-0.9628822160360359],[-80.80304661812731,-0.962891070933054],[-80.80317015383174,-0.9630400191720554],[-80.80335886444163,-0.9632682990967112],[-80.80347640946957,-0.9634157731290998],[-80.80354047820943,-0.9634961542885777],[-80.80379868044241,-0.96381371634304],[-80.8039310813092,-0.9639837767450672],[-80.80401478143746,-0.9641293217454319],[-80.80407717355482,-0.9642794615060809],[-80.80409974537186,-0.9643538360696056],[-80.80411065009311,-0.9643897673313263],[-80.80413499626718,-0.964475560954611],[-80.80415629876858,-0.9645674820936705],[-80.8041607828956,-0.9645983361381667],[-80.80417455512186,-0.9646931076248677],[-80.8041770028337,-0.9647980828317343],[-80.8041775918994,-0.9648233273650391],[-80.80416692811009,-0.964988783481303],[-80.80415474741068,-0.9650868303725986],[-80.80409994180977,-0.9653487998289592],[-80.80403498529938,-0.9656873680102223],[-80.8039786524572,-0.9660305335875562],[-80.80395733380415,-0.9662204998483475],[-80.80395428568303,-0.9662963340438752],[-80.80395123756149,-0.9663721682393316],[-80.8039679679367,-0.9665728613014579],[-80.80399687534215,-0.966739851408164],[-80.80403491708995,-0.966877733473197],[-80.80406454488508,-0.9669602064567044],[-80.80407449467444,-0.9669879030432611],[-80.8041250729507,-0.9671144306722538],[-80.8041807117426,-0.9672551865379688],[-80.80424473842626,-0.9673860097972238],[-80.80432655381591,-0.9673807808100605],[-80.80582124435453,-0.9672852517525287],[-80.80682964717874,-0.9672208020620444],[-80.80883636727911,-0.9670919292126001],[-80.80888222022165,-0.9671529173256063],[-80.80888886843026,-0.9670891908314162],[-80.8088945767154,-0.9670344739824515],[-80.80890178043862,-0.9669654225859432],[-80.80890354392436,-0.9669485206373594],[-80.80892380785446,-0.9668742901088335],[-80.8089586923013,-0.9668038177255909],[-80.80901420937683,-0.9667199285521519],[-80.80905417954804,-0.9666595314585038],[-80.8092749848989,-0.9664043990180033],[-80.80947325795503,-0.9661753017616519],[-80.80967599145458,-0.965948805651763],[-80.80985207362849,-0.9657579297128082],[-80.8099542116195,-0.9656506441907169],[-80.8099878906151,-0.9656152678450098],[-80.81015342665525,-0.965449956974865],[-80.81067074676467,-0.9649175307063445],[-80.81089876630676,-0.9646985422783558],[-80.81099190914084,-0.9646090885155161],[-80.81105418796903,-0.9645379191809553],[-80.81110156767743,-0.9644788904064967],[-80.8111503808539,-0.9644055553128511],[-80.81119631612138,-0.9643315125633336],[-80.81122130847267,-0.9642912284146092],[-80.81129783750954,-0.9641583052273716],[-80.8113134841659,-0.9641345100531993],[-80.81135122148736,-0.9640771209996473],[-80.81140353082458,-0.9639900750046876],[-80.81146801674039,-0.9638923096137546],[-80.8115320663282,-0.9638019656464252],[-80.81161360187447,-0.9636973913439562],[-80.81169634821639,-0.9636069561306755],[-80.81173224424755,-0.9635737242467854],[-80.8117905009958,-0.9635197912208469],[-80.8118475704432,-0.9634799458297323],[-80.8118564832121,-0.9634743542267614],[-80.81190543602837,-0.9634436442851068],[-80.81200819808792,-0.9633943533974758],[-80.81204461898858,-0.9633800399734582],[-80.81204711769553,-0.9633790575820029],[-80.8121340696012,-0.9633521586334696],[-80.81221700690251,-0.9633358564909429],[-80.81228546775088,-0.9633276462990494],[-80.81228787743902,-0.963327356920999],[-80.81230705248058,-0.9633250572711773],[-80.81246883443295,-0.9633187035260279],[-80.81248296433036,-0.9633181485949933],[-80.81257554311539,-0.9633177589638252],[-80.81263424612911,-0.9633175119024173],[-80.81268440920188,-0.9633248596628476],[-80.81277927339559,-0.9633387551286745],[-80.8129858487646,-0.9633690137541464],[-80.81317576616885,-0.9634023361762162],[-80.81331108549685,-0.9634241919541892],[-80.81374969703938,-0.963495033211629],[-80.81377839832163,-0.9634996688261594],[-80.81379092473449,-0.9635016924781468],[-80.81385869403937,-0.9635139767039789],[-80.81403687880034,-0.9635462754179258],[-80.81434891397613,-0.9635945224796814],[-80.81437851946941,-0.9635991002402449],[-80.81443555810988,-0.9636079198608201],[-80.81444665725022,-0.9636096720150533],[-80.81445775639057,-0.9636114241692012],[-80.81447473360839,-0.9636141039877089],[-80.81454114295747,-0.9636245876909157],[-80.81459338050469,-0.9636328341635759],[-80.81470106827415,-0.9636498342747188],[-80.81485968118058,-0.9636748736675003],[-80.81487516897421,-0.963675612991409],[-80.8148943040761,-0.9636765264227876],[-80.81489827417116,-0.9636767159388455],[-80.81493335891956,-0.9636783907406823],[-80.81503407529105,-0.9636792684006253],[-80.81509365275114,-0.963665434806387],[-80.81510095106863,-0.9636637397522634],[-80.81511927129092,-0.9636538346011037],[-80.81514699161964,-0.9636388471162859],[-80.81517328920326,-0.9636246288633572],[-80.8152124718543,-0.9635936997252087],[-80.81521776713176,-0.9635895198556597],[-80.81522991248596,-0.9635762888152613],[-80.81524746651222,-0.963557165615569],[-80.81525614528981,-0.9635477110325326],[-80.81528520415674,-0.9634998020506345],[-80.81530043122395,-0.963456034140421],[-80.81530321342908,-0.9634480365314033],[-80.81530517394874,-0.9634252705752573],[-80.81530987677688,-0.9633706603687103],[-80.81530436544082,-0.9632856585272975],[-80.81528580348964,-0.9632357918380308],[-80.81526994853265,-0.9632130165101955],[-80.81523169295323,-0.9631580631361771],[-80.81519886875955,-0.9631109116501904],[-80.81514327905212,-0.9630310568756499],[-80.81509625934513,-0.9629635129282832],[-80.81509139230451,-0.9629570406482628],[-80.8150226995889,-0.9628656918104213],[-80.81487726308151,-0.962672287647834],[-80.81469392262801,-0.9624284780812503],[-80.81467050771849,-0.9623973404936095],[-80.81456818951915,-0.9622506085612202],[-80.8145251351363,-0.9621888651229398],[-80.8144674606159,-0.9620849604253722],[-80.81445569822633,-0.9620637696540087],[-80.81444884877695,-0.9620481559175289],[-80.81443219491243,-0.9620101924197256],[-80.81442917429773,-0.9619987831931809],[-80.81441597675432,-0.9619489344771212],[-80.81440750018895,-0.961882789639006],[-80.81440798397945,-0.9618118231122709],[-80.81441504940317,-0.9616788824445734],[-80.81444137577729,-0.9615670428044041],[-80.81448339692841,-0.9614383897257142],[-80.81452522837117,-0.961344136957706],[-80.81457034179438,-0.9612576450908819],[-80.81462893003426,-0.9611697624935829],[-80.81469853604112,-0.9610923698669183],[-80.8147632245817,-0.9610344891535334],[-80.81482145770507,-0.9609982210393042],[-80.81484664868461,-0.9609901414183923],[-80.8148900271072,-0.9609762273190938],[-80.8149422719818,-0.9609654042401132],[-80.81495873814032,-0.9609654893308459],[-80.81502035875836,-0.9609658077616386],[-80.81507090937102,-0.9609660689861812],[-80.81512049609086,-0.9609797004511762],[-80.81512831060596,-0.9609834639592236],[-80.81517352635602,-0.9610052400813771],[-80.8152466832408,-0.9610495918298056],[-80.81535441502938,-0.9611603241599056],[-80.81545084218646,-0.9612723362360215],[-80.81555419407253,-0.9613923922321277],[-80.81557136804358,-0.9614112125914859],[-80.81561953722499,-0.961463999525705],[-80.8158532660783,-0.9617201348362272],[-80.81591574168417,-0.9617859663777324],[-80.81602070409568,-0.961896566936275],[-80.81608473619754,-0.9619612357083156],[-80.81611384554961,-0.9619906344931337],[-80.81613635849638,-0.9620133712845131],[-80.81620010891979,-0.9620706062434009],[-80.81621325925698,-0.9620827974600985],[-80.81621784748943,-0.9620869397263334],[-80.81628542705829,-0.9621373681887349],[-80.81630832475753,-0.9621476585453054],[-80.81632412098632,-0.9621547574604676],[-80.81638130111973,-0.962180454537176],[-80.8164974585582,-0.9622189631726883],[-80.81671362991048,-0.962250245022048],[-80.81678531643313,-0.9622606186738523],[-80.81681526561377,-0.9622641619559857],[-80.81706662793512,-0.9622939005763982],[-80.81722191303557,-0.9623098009124931],[-80.81722208416403,-0.9623098184351022],[-80.81728925401359,-0.9623166962542768],[-80.81738241844099,-0.9623262357714708],[-80.81751188009777,-0.9623394919181293],[-80.81776397720989,-0.9623548161308406],[-80.81789262491607,-0.9623656914980501],[-80.81790394026831,-0.9623677578464225],[-80.81803404192715,-0.9623915163043364],[-80.81810470205399,-0.962401501920013],[-80.81814700234786,-0.9624150648783427],[-80.81821876497656,-0.9624380741675651],[-80.81822217451338,-0.962439167369098],[-80.81830951468476,-0.9624796620812646],[-80.81847162171636,-0.9625473627281167],[-80.8186632260156,-0.9626273822857457],[-80.81872593305225,-0.9626535705747727],[-80.81882539418301,-0.9626969577111311],[-80.81894967244342,-0.9627511706209333],[-80.81897996028235,-0.9627643821184648],[-80.8189812814856,-0.9627648987865882],[-80.81908913121933,-0.9628071099349853],[-80.81909925079489,-0.9627724703926788],[-80.81909385928996,-0.9623560101438215],[-80.81908099843157,-0.9622874648324853]]]}},{"type":"Feature","properties":{"name":"TARQUI","clave_catastral":"04","clave_parroquia":"04","descripcion":"TARQUI","layer":"parroquias"},"geometry":{"type":"Polygon","coordinates":[[[-80.7191801381683,-0.98063392915995],[-80.7202878186684,-0.9802178732653317],[-80.7203848108073,-0.9801791667305935],[-80.72076177327378,-0.9800175162509249],[-80.72108185805551,-0.9798140765548311],[-80.721364070109,-0.9795367507604738],[-80.72158592501918,-0.9791983251836456],[-80.7216278826564,-0.9790905896886244],[-80.7216966016405,-0.9788981105621702],[-80.72198493129119,-0.9790667291915583],[-80.72313092414818,-0.9800608386473328],[-80.7240190289316,-0.9805789427540788],[-80.72552210787478,-0.9815626717411875],[-80.72579282231014,-0.9817366077048035],[-80.72592993871181,-0.9814769331118924],[-80.7261484942703,-0.9810784547746749],[-80.7262762030797,-0.9808474219486101],[-80.7263901824902,-0.9806421824057735],[-80.7265413611785,-0.9803709666137763],[-80.7267169085173,-0.9800597380207705],[-80.72688202143028,-0.9797519265786718],[-80.72706611274319,-0.9794171904463127],[-80.72714189971688,-0.9794547334969081],[-80.7275812852869,-0.9785461636692644],[-80.727652687279,-0.9782263673524199],[-80.7278846359455,-0.9777781310716733],[-80.7279363192672,-0.9776080740779349],[-80.7279041979222,-0.9773350784640938],[-80.72812437592607,-0.9768205584295799],[-80.7281095073785,-0.97642818269847],[-80.72810502352779,-0.9754032188016168],[-80.7281968944231,-0.9745647736750271],[-80.72691292170829,-0.9740627524148521],[-80.72695337276629,-0.974041433646363],[-80.7274596852689,-0.9738023491454301],[-80.727510825211,-0.9737782004815757],[-80.7276768083017,-0.9737045457430044],[-80.72807746194708,-0.9735474946026557],[-80.7300076984612,-0.9729559026786206],[-80.73031514425259,-0.9728616741574143],[-80.730583397933,-0.9727577663404219],[-80.7309373138196,-0.9725929406580462],[-80.73142568217429,-0.9722867995835855],[-80.73200707742679,-0.9718931910226587],[-80.73272402345589,-0.9713883267938713],[-80.7328631741268,-0.9712569437540424],[-80.7330369437257,-0.971051112676875],[-80.7331615676348,-0.9708387108082803],[-80.7332568072499,-0.9706267455552506],[-80.73331921919191,-0.97042412945234],[-80.73336100669269,-0.9701867592589508],[-80.7333660436616,-0.9698975958382335],[-80.7332847357132,-0.969199950553147],[-80.73305157237428,-0.9671993469138158],[-80.7330290694418,-0.966921628095207],[-80.73303717044658,-0.966700527198114],[-80.733063728352,-0.9664997251291396],[-80.7331233681419,-0.9662751550901446],[-80.73312584234439,-0.9662658366809893],[-80.7331878981648,-0.9661092501227984],[-80.7332955544832,-0.9658911435629706],[-80.73344869334089,-0.9656964582380283],[-80.7335123637606,-0.9656323779686034],[-80.73765654933668,-0.9688606654141978],[-80.73855009791373,-0.9682390328070198],[-80.7387806485076,-0.9680786410303739],[-80.7394433861839,-0.9677127673621015],[-80.73978534161272,-0.9675239859597013],[-80.7398024305503,-0.9675145517647508],[-80.73986594849922,-0.9674794857619844],[-80.74088066171078,-0.966919298358789],[-80.74153130456251,-0.9665601010814128],[-80.74146811368742,-0.966510415407285],[-80.7413682359793,-0.9664996359155253],[-80.74126478941638,-0.9665121951298943],[-80.74116134285354,-0.9665247543409238],[-80.74103233223684,-0.9665361072353846],[-80.74087597374802,-0.9665498667272628],[-80.74060487382177,-0.966564208347819],[-80.74045861904666,-0.9666180562884819],[-80.74036045619411,-0.9666551014873477],[-80.7403159313584,-0.9666719044960814],[-80.7401946472985,-0.9667113918951742],[-80.74013149952631,-0.9667143434949992],[-80.74006830230654,-0.966717297404827],[-80.74004126188467,-0.9667185613045177],[-80.73996774309589,-0.966710555184136],[-80.73990928065065,-0.9667041886829537],[-80.73978086787554,-0.9666718632703208],[-80.73972219110422,-0.9666491412654921],[-80.7396417554756,-0.966617993354447],[-80.73958945372358,-0.9666091774260082],[-80.73947410441265,-0.9665897342643035],[-80.73941519872176,-0.9665477274212293],[-80.7393911045732,-0.9665305453946473],[-80.73936798614095,-0.9665140591708905],[-80.73935996374927,-0.9665083382403026],[-80.73927911629133,-0.966422157303299],[-80.73926010057544,-0.9663072562457273],[-80.73930766578027,-0.9662545976083123],[-80.73931091467772,-0.9662480582186532],[-80.7393242731758,-0.9662211701967748],[-80.73934096372142,-0.9661875754194256],[-80.73932676643173,-0.9661160923397318],[-80.73932670083767,-0.9661157620748354],[-80.73927915716374,-0.9658859592255596],[-80.73927879330273,-0.9658818352079096],[-80.73927213093339,-0.9658063236047241],[-80.73926760025128,-0.9657549726446604],[-80.73926014910664,-0.9656705210286987],[-80.73926710661186,-0.965627354426644],[-80.7392886993096,-0.9654933863659778],[-80.73939335103488,-0.9652683827435595],[-80.73946044877312,-0.9651658387574003],[-80.73952178114507,-0.9650721058445555],[-80.73958219670476,-0.9649302365372562],[-80.73959313564849,-0.9649045494379322],[-80.73960266098604,-0.964732200782791],[-80.7395693765385,-0.9646220861094434],[-80.73948853019772,-0.9645215427383818],[-80.73941055744744,-0.9644601084596047],[-80.73926976194855,-0.9643491764920782],[-80.7391405645674,-0.9642797054645486],[-80.73895160032417,-0.9641780970447513],[-80.73885124086489,-0.9641241325114294],[-80.73876863970801,-0.9641035535575782],[-80.73850223006389,-0.9640371812066917],[-80.73838990640495,-0.9640091972833034],[-80.73823751921401,-0.9640091854963231],[-80.73813898116079,-0.9640091778708211],[-80.73790002651629,-0.964009159367194],[-80.73763844530548,-0.9639421143399005],[-80.73743869873728,-0.9638080493427736],[-80.7374163665363,-0.9637855663913939],[-80.73736736251486,-0.9637362315739467],[-80.73735310003775,-0.9636596307519483],[-80.73735441109994,-0.9636545420610645],[-80.73738640273862,-0.9635303713165372],[-80.73741936943728,-0.9634483084491166],[-80.73755435693852,-0.96311228865072],[-80.73761830747273,-0.9629530987255919],[-80.73770155867226,-0.9627017623504344],[-80.73769875488536,-0.9626763440242456],[-80.73768967661968,-0.9625940430774875],[-80.73763617766254,-0.9624982892884617],[-80.73746991346987,-0.9623257743017036],[-80.73728543135073,-0.9621343564510596],[-80.73720251027014,-0.9620956839619624],[-80.73690162630807,-0.9619553585650777],[-80.73687868263413,-0.9619446581589983],[-80.73681584192539,-0.9619153506851319],[-80.73675196740042,-0.9619296471899901],[-80.73653052175368,-0.9619792115207276],[-80.73624520157762,-0.9620430723293651],[-80.73600692332549,-0.9621415482970974],[-80.73590294185628,-0.9621845218957219],[-80.73564929173044,-0.9622893507343093],[-80.73523920406217,-0.9624588322152903],[-80.73510594024408,-0.9625299113245519],[-80.73497267642153,-0.9626009904270347],[-80.73480504663202,-0.9626903993379301],[-80.734666794311,-0.9627641391407877],[-80.73453863740275,-0.9628324943326163],[-80.73448372371166,-0.9628617837060887],[-80.73441539056506,-0.9628982306265926],[-80.73436146440419,-0.9629269932766249],[-80.73410631505247,-0.9630630825195396],[-80.73395550154609,-0.9631435220414204],[-80.73380150041739,-0.9631487060195099],[-80.73363624665495,-0.9631542687753695],[-80.73331699177021,-0.9631650154785802],[-80.733180090152,-0.9630866417659547],[-80.73311214663816,-0.9630477453240899],[-80.73294765312853,-0.9629535757349145],[-80.73277125221215,-0.962852589355677],[-80.73276419618024,-0.9628380853985874],[-80.73264285775126,-0.9625886693672925],[-80.73253872028282,-0.962374610581321],[-80.73251446330582,-0.9623247493792064],[-80.73246497359581,-0.9621356021660006],[-80.73245150791242,-0.9620841369913222],[-80.73239155430387,-0.9618549972611277],[-80.73237767653372,-0.9618019571071272],[-80.73231070968325,-0.9615460130917625],[-80.73224504378923,-0.9612950412504944],[-80.73219695938774,-0.9611112650041918],[-80.73211425945972,-0.9610149229615246],[-80.73211047430355,-0.9610105134088228],[-80.73209670993026,-0.9609944784748309],[-80.73206767759675,-0.9609606569886608],[-80.73205747114727,-0.9609487668905673],[-80.73200269044453,-0.9608849496004551],[-80.7319098177749,-0.9607767567126757],[-80.73184651626512,-0.960703013020634],[-80.7316996575434,-0.9605319285517027],[-80.73168910914764,-0.9605196400967628],[-80.73166696523359,-0.9604938433309371],[-80.73153022395134,-0.9604250317710381],[-80.73148964801265,-0.9604046129642398],[-80.73136889429206,-0.9603438467286481],[-80.73129576224063,-0.9603070448829243],[-80.73117234398586,-0.9602449377789384],[-80.7309863013669,-0.9601513165420386],[-80.73091730815098,-0.960116597449769],[-80.73088756444372,-0.9601016296802384],[-80.73082523377245,-0.9600702633428996],[-80.73058987258496,-0.9599564336046882],[-80.73054826499447,-0.9599363105687075],[-80.73047822820821,-0.9599024380752894],[-80.73046471915862,-0.9598959045772233],[-80.73017731390533,-0.9597569042811784],[-80.73012209878793,-0.9597302001113377],[-80.72999987826392,-0.9596710895268501],[-80.72991814566919,-0.9596461516070748],[-80.72970442450018,-0.9595809418555774],[-80.72965791564222,-0.9595667512561903],[-80.7295162175582,-0.9595235168911954],[-80.72941132423497,-0.9594915122466858],[-80.72921845052237,-0.9595306296702972],[-80.72915852640638,-0.9595427830971203],[-80.72881230323787,-0.9596130018468898],[-80.72872048207356,-0.9596316244164456],[-80.72849740802482,-0.9596768668279481],[-80.72844025645688,-0.9596781893566657],[-80.72841878952983,-0.9596786861167033],[-80.72835956493209,-0.9596800566153973],[-80.72831628904038,-0.9596810580492559],[-80.72794069243167,-0.9596897495892448],[-80.72786174286529,-0.9596915765261258],[-80.72775245788381,-0.9596941054383734],[-80.72764624414934,-0.9596911296196566],[-80.72759042810378,-0.9596733583339727],[-80.72755033545987,-0.9596605932257631],[-80.72748370838677,-0.9596309776644035],[-80.72747570157445,-0.9596274186569218],[-80.72746176742251,-0.9596212249623335],[-80.72743857091781,-0.9596109141755135],[-80.72741534372095,-0.9596097597526096],[-80.72735415038314,-0.959606718360675],[-80.72731567928139,-0.9596120361909612],[-80.72730988892465,-0.9596128365873966],[-80.7272762683089,-0.9596174839383451],[-80.72719363031925,-0.9596258553931847],[-80.72709969714931,-0.9596270447214863],[-80.72704262369909,-0.9596294338773106],[-80.72697663426025,-0.9596102786638454],[-80.72691361734059,-0.9595917221229513],[-80.72689889747713,-0.9595842133758622],[-80.72686903066054,-0.9595689780187797],[-80.72685465868595,-0.95955670119001],[-80.72682979545357,-0.9595354625183886],[-80.72679867002164,-0.959504696505931],[-80.72679709979651,-0.9595031444129063],[-80.72676559383088,-0.959462448316188],[-80.72673706138086,-0.9594097837629647],[-80.7267329151895,-0.9594022913836397],[-80.72672101192974,-0.9593807815858213],[-80.72670496654179,-0.9593517867506307],[-80.72669716193464,-0.959337683426952],[-80.72669069600867,-0.9593259991684135],[-80.72667044120443,-0.9592894510998063],[-80.72665695199176,-0.9592651109644095],[-80.72662670033588,-0.959196142289116],[-80.72661053132471,-0.9591592747128885],[-80.72660842901254,-0.9591544811510461],[-80.7265741905333,-0.959085538713623],[-80.72655850234233,-0.9589979266032884],[-80.72653109850378,-0.9589118389595939],[-80.72652284045297,-0.9588858967489672],[-80.72651817274107,-0.9588733999724752],[-80.72646007321964,-0.9587178512221328],[-80.72643154548916,-0.9586058219420152],[-80.72641300489244,-0.9585024109255471],[-80.72640017503858,-0.958355913066157],[-80.72635310147176,-0.958206539967108],[-80.72633326497491,-0.9581020500919379],[-80.72627893726818,-0.9578158757991134],[-80.72612344862199,-0.9573635663173832],[-80.7260635389901,-0.9571462100023781],[-80.72603088888376,-0.9568771918077489],[-80.72602357445642,-0.9568169251126903],[-80.72601600904916,-0.9567545904870514],[-80.72600365040299,-0.9566636274131639],[-80.72598082666502,-0.9565937284011738],[-80.72595547636558,-0.9565703335699993],[-80.7259308896091,-0.9565476433832599],[-80.72591234383295,-0.9565305281882671],[-80.72578868948138,-0.9564768984940883],[-80.72548620919703,-0.9563801671057632],[-80.72527028561183,-0.9563380199142131],[-80.72474891593502,-0.9562851501038665],[-80.72469385098523,-0.9562795662044437],[-80.72457875383643,-0.9562738119387718],[-80.72443226353188,-0.9563044399604478],[-80.72433381462868,-0.9563127429170777],[-80.72426541225828,-0.9563185051756449],[-80.72416984624988,-0.9563265716308109],[-80.7241345297065,-0.9563295501453268],[-80.72411320963323,-0.9563278089985516],[-80.7237312402364,-0.9562966146752956],[-80.72370469833955,-0.9562948018519962],[-80.72346344690874,-0.9562945472134885],[-80.72333598207638,-0.9563117717923575],[-80.72306056265924,-0.9563668356061186],[-80.72289674929951,-0.9563995863290415],[-80.7227749040734,-0.9564235252774865],[-80.7226958009522,-0.956439066676012],[-80.72260781302701,-0.9564402563886746],[-80.72257483919348,-0.9564326358725167],[-80.72253528386533,-0.9564234943199779],[-80.72229511011271,-0.9563085753347879],[-80.72221716489604,-0.9562668518360908],[-80.72186351276807,-0.9560775444336826],[-80.72174937200354,-0.956008116720156],[-80.72153456613023,-0.9558671989048689],[-80.72149344299098,-0.9558402211347783],[-80.72147176741393,-0.9558260014337066],[-80.72124727032983,-0.9556787259218141],[-80.72117383230673,-0.9556305487990358],[-80.72056846775342,-0.9552572677910547],[-80.72042749790519,-0.9551703426798355],[-80.72042212623529,-0.9551670303897736],[-80.72036711039455,-0.955129832172048],[-80.71994004462144,-0.9548410773680729],[-80.71986819955316,-0.954792500278657],[-80.71985485286494,-0.9547834760922881],[-80.71976093471847,-0.9547199745796888],[-80.71963270624458,-0.9546332745862571],[-80.71960585220415,-0.9546112861629865],[-80.71941399404247,-0.9544541902950102],[-80.7193991201767,-0.9544420113864192],[-80.7191137342671,-0.9541817310883828],[-80.71906410051777,-0.9541364636517642],[-80.71903759921423,-0.9541122936841903],[-80.71873697148565,-0.9540244625686398],[-80.71857864702423,-0.9539782066308788],[-80.71846302361023,-0.9539490999392086],[-80.71819816731329,-0.9538824257934237],[-80.71795799297145,-0.9537794752832838],[-80.71790156595345,-0.9536702239269061],[-80.71767055740575,-0.9537640712816114],[-80.71764104338858,-0.9537816420832144],[-80.71760969874126,-0.9537967573291581],[-80.71758369898946,-0.9538032184858025],[-80.71757634855659,-0.9538050454086288],[-80.71755518014314,-0.9538071426054415],[-80.71754651755957,-0.9538080004670775],[-80.71751668704489,-0.9538050404803329],[-80.71751503635534,-0.9538045362777581],[-80.71758683798778,-0.9536691997748079],[-80.71765312670254,-0.9535439922033931],[-80.71781216255847,-0.9532458642489132],[-80.71775664978078,-0.9531045709502024],[-80.71769392288283,-0.9529400833757505],[-80.71765848507924,-0.952834841868011],[-80.71764163915937,-0.9527848134910499],[-80.71740679206619,-0.9520873758316384],[-80.71736413336713,-0.9519606892042133],[-80.71734086849924,-0.9518915976065186],[-80.71731128946271,-0.9518022514612879],[-80.71696404113364,-0.9507533443205602],[-80.7168993396085,-0.9506162623299019],[-80.7168499212939,-0.9505115606049088],[-80.71641718540967,-0.9495947304036463],[-80.71632128208444,-0.9496015683976679],[-80.71613914925946,-0.9496145546256543],[-80.71603464201745,-0.9496216705300781],[-80.71583583844658,-0.949635207376616],[-80.71555565664656,-0.949654285224355],[-80.7152366257705,-0.9496760083143699],[-80.71391565045836,-0.949639368420236],[-80.71350541433782,-0.949627989597687],[-80.71301439085352,-0.9496949126383498],[-80.7120310112048,-0.9498289401268637],[-80.71082918041749,-0.9498933860014348],[-80.70856348933323,-0.9500148788827261],[-80.70811533811892,-0.9500355320798377],[-80.70809420717235,-0.9504685209825539],[-80.70808905561344,-0.9505740802098472],[-80.70804918700868,-0.9513604133619964],[-80.70802785658219,-0.9521063446683372],[-80.70800919912156,-0.9531363485541817],[-80.70798820319938,-0.9539061247180028],[-80.70797924600264,-0.9541088323769173],[-80.70796941179074,-0.9547437066482872],[-80.70764627257417,-0.9548636995582171],[-80.70704811403324,-0.9550901150088008],[-80.70703303359336,-0.9550957914197227],[-80.706548706782,-0.955282508363041],[-80.70607286608335,-0.9554504502816741],[-80.70565191650606,-0.9556051320870864],[-80.7052288803398,-0.9557655758637935],[-80.70488079070039,-0.9558990900529523],[-80.70433266840685,-0.9561109514545761],[-80.70398350674306,-0.9562270305056445],[-80.70379936670825,-0.9562721969415264],[-80.70335116755959,-0.9563528953238745],[-80.70319401483972,-0.9563770848583033],[-80.70288339322633,-0.9564275466194089],[-80.70246786928988,-0.9564892286966256],[-80.70212038759209,-0.9565140716025837],[-80.70166246918801,-0.9564922426662434],[-80.70136407525368,-0.9564770616902365],[-80.70092902942226,-0.956453308228717],[-80.70027438909366,-0.956438791068635],[-80.69995669848312,-0.956412218350806],[-80.69988197601938,-0.9564595443450372],[-80.69981061099011,-0.956551501675392],[-80.69977456238851,-0.9566772181636195],[-80.69979129421694,-0.9566977449367187],[-80.69980372689693,-0.9567211637093607],[-80.69981138235212,-0.956746573341988],[-80.69981396496644,-0.9567729976196374],[-80.69981137686005,-0.9567994223466059],[-80.70009881376566,-0.9570794470868123],[-80.70122474909917,-0.958585897738871],[-80.7014265179929,-0.9588622243508098],[-80.70182128754288,-0.9593835245858742],[-80.70224887850907,-0.9599568734507641],[-80.70269087535047,-0.960537344480457],[-80.70326440716207,-0.9613026178985534],[-80.70368997269956,-0.9618606026320293],[-80.70412756779378,-0.9624419606138304],[-80.70455235326202,-0.9630067144300085],[-80.70562659528674,-0.9644396431674238],[-80.70510757868196,-0.9650556452045153],[-80.70457842104732,-0.9656992801886304],[-80.70446548714622,-0.9658372487208027],[-80.7042545485587,-0.966089887880301],[-80.70401657601086,-0.9663745189007357],[-80.70374040077789,-0.966712304500618],[-80.70369715805842,-0.9667660070424375],[-80.70284321529151,-0.9678097869833096],[-80.70263859388427,-0.9680611071286053],[-80.7022975576527,-0.9684739472410655],[-80.70163633932354,-0.9692778050934266],[-80.70157159534725,-0.969358514624787],[-80.70130899249627,-0.9697038957380073],[-80.7011942108602,-0.9699004970959635],[-80.70110421753381,-0.9700853459595037],[-80.70057923864749,-0.971360253506191],[-80.7001522133349,-0.9724625369409097],[-80.69975110651578,-0.973451065815155],[-80.6994933921596,-0.9741330408905213],[-80.69915836713228,-0.9749644704947684],[-80.6989620382341,-0.975503949229278],[-80.69863539160184,-0.9764015185477319],[-80.6992296034337,-0.9756526181185734],[-80.6993298742691,-0.9755262441562849],[-80.70011023489208,-0.9745408800005323],[-80.70015573307492,-0.9744834292529133],[-80.70067361283199,-0.9738299438216131],[-80.70071356806667,-0.9737795263794737],[-80.70129234497104,-0.9730555201308279],[-80.70176017071745,-0.9724716583673826],[-80.70212591661966,-0.9720171901249302],[-80.7021588472938,-0.9719762711450386],[-80.70243711916405,-0.9716304961649342],[-80.7031833016464,-0.9707033043779772],[-80.70422905859405,-0.9693755077885841],[-80.70448982730795,-0.9690446195932765],[-80.70497186599917,-0.9693883220366502],[-80.70569935033859,-0.9699194891349378],[-80.7062992529535,-0.9703547067509106],[-80.70684383511723,-0.9707607804531192],[-80.70738299834991,-0.9711542334091378],[-80.70783084711533,-0.9714824003750948],[-80.708163619186,-0.9717446335378525],[-80.70861765892259,-0.9720708975088428],[-80.70910567573857,-0.9724678803344062],[-80.70958734738815,-0.9728547673311425],[-80.7100527916527,-0.9732289416117936],[-80.71021998366746,-0.9733706107404317],[-80.71053142120752,-0.973627330367492],[-80.71100131866328,-0.9739954130765653],[-80.71150988746761,-0.9744003352612935],[-80.71203437121414,-0.9748261039801491],[-80.71245306663067,-0.9751640491798099],[-80.71295042326629,-0.9755693717852836],[-80.71343277589186,-0.9759603741031384],[-80.71391397423187,-0.9763449292686062],[-80.71429533413288,-0.976651475643763],[-80.71434055554926,-0.97668892486152],[-80.71442435796652,-0.9767582627128775],[-80.71491175629792,-0.977151481526718],[-80.71539865939643,-0.9775496141583773],[-80.71589044004754,-0.9779471829516382],[-80.71637346423364,-0.9783402486646081],[-80.71686598826743,-0.978740869406721],[-80.71735520614136,-0.979141921595172],[-80.71783814483643,-0.9795344770182908],[-80.71811277165507,-0.979746829380943],[-80.71834368232035,-0.9799344186217525],[-80.71859377120134,-0.9801405023002445],[-80.71861073676938,-0.9801542196484121],[-80.7191801381683,-0.98063392915995]]]}},{"type":"Feature","properties":{"name":"SAN LORENZO","clave_catastral":"","clave_parroquia":"","descripcion":"SAN LORENZO","layer":"parroquias"},"geometry":{"type":"Polygon","coordinates":[[[-80.76211673720842,-1.009905627268637],[-80.76116307666439,-1.009905556881762],[-80.75847911190503,-1.009905357274661],[-80.75512222224197,-1.009905104482428],[-80.75505527946179,-1.009905099405799],[-80.75503803434596,-1.009946603042962],[-80.75499938506404,-1.010015420369058],[-80.75500829494287,-1.010123138844506],[-80.75498152564406,-1.010341566130691],[-80.75490421383093,-1.010655738832099],[-80.75486555264348,-1.01088314184436],[-80.7547763592525,-1.011080619201977],[-80.75465446955012,-1.01124817225616],[-80.75464441862088,-1.011283009656267],[-80.75462770874003,-1.01134092756277],[-80.75461283463062,-1.011493527395018],[-80.75454775902031,-1.011652880760124],[-80.75448201300732,-1.011834625895617],[-80.75431551909281,-1.012205643473806],[-80.75411037985094,-1.012579649992858],[-80.75385615373737,-1.013005665094568],[-80.75376848129028,-1.013210973766093],[-80.75363766557352,-1.013483251941096],[-80.75349793006608,-1.013779467410643],[-80.75338792346301,-1.014039778616009],[-80.75330170674317,-1.014177412499251],[-80.75319765817599,-1.014273153755838],[-80.75304307354013,-1.01437786866363],[-80.75295389079722,-1.014431720702419],[-80.7528617352453,-1.014491557232617],[-80.75270418028273,-1.014569341993607],[-80.75254365568973,-1.014611219987756],[-80.75230881532123,-1.014650100338073],[-80.75206208531395,-1.014691971661776],[-80.75188669555877,-1.014754793645224],[-80.75172319518099,-1.014841554521652],[-80.75140808495617,-1.015000115809059],[-80.75106621921844,-1.015191588695757],[-80.75063516837504,-1.015454866755064],[-80.7504032917959,-1.015616426286101],[-80.75029924379902,-1.015703191689738],[-80.75019816792002,-1.015792949228356],[-80.75008817039962,-1.015930580223767],[-80.74998114016184,-1.016134040669527],[-80.7498919453661,-1.01634348541053],[-80.74971355826658,-1.016729462978134],[-80.74945786933691,-1.017288980552365],[-80.7491932600004,-1.017890387719447],[-80.74913617341011,-1.018050164905645],[-80.74908383624684,-1.018289535183214],[-80.74906195347204,-1.018341430004313],[-80.74899060865992,-1.018367276780879],[-80.74890499439533,-1.018404612377751],[-80.74871236023216,-1.018509443430403],[-80.74861247461692,-1.018582684414667],[-80.74851686800376,-1.018670287251751],[-80.7484012825632,-1.018806003318772],[-80.74835490059132,-1.018920899982035],[-80.74826926907471,-1.019168645313371],[-80.74819791425739,-1.019323035545554],[-80.74813369862831,-1.019419977540252],[-80.74799100341411,-1.019531274871625],[-80.7478697154619,-1.019603078343934],[-80.74773415859845,-1.019667698115512],[-80.74751655545718,-1.019761037157934],[-80.74740240210393,-1.019811297081972],[-80.74731678594132,-1.019872329943297],[-80.7472311680949,-1.019954907794698],[-80.74711701450988,-1.020019530129716],[-80.74700999615767,-1.020066198863248],[-80.74687801055897,-1.020080550840945],[-80.7466960862088,-1.020073355673873],[-80.74635364812777,-1.019965609900012],[-80.74608968679519,-1.01986864282263],[-80.74583285768044,-1.019803991066567],[-80.74566877042116,-1.019782434840579],[-80.74550824968615,-1.019771649576313],[-80.74519790095363,-1.019857799397798],[-80.74409583521366,-1.020421318118636],[-80.74409107177364,-1.020520657737748],[-80.74409938877051,-1.020596061338097],[-80.74411721760958,-1.020685828120847],[-80.74413742667993,-1.020750461084333],[-80.74415882567683,-1.020793550059821],[-80.74416952318911,-1.020840229009735],[-80.74416714045164,-1.020908450090914],[-80.74416119058324,-1.020962308465712],[-80.74414810744705,-1.021008985511131],[-80.74412432263516,-1.021061646418019],[-80.74409459126427,-1.021126274476416],[-80.7440850751621,-1.021165771048985],[-80.74407731061414,-1.021208066058961],[-80.74405058346473,-1.02129024229454],[-80.74401728358566,-1.021369233390345],[-80.7439792277831,-1.021441042441452],[-80.7439233367497,-1.02151524394877],[-80.7438615009541,-1.021578673388447],[-80.7437949104181,-1.021631329951063],[-80.74374901522363,-1.021668886597169],[-80.74365102704743,-1.021739037003073],[-80.74359513823367,-1.02177374207281],[-80.7435463823954,-1.021841959424236],[-80.74348097731976,-1.021929325630936],[-80.74342270811569,-1.02200232998932],[-80.74337038547186,-1.022063366291917],[-80.74331330747579,-1.022110039791045],[-80.7432502837699,-1.022157909753957],[-80.74316585575045,-1.022229715056355],[-80.74305526669053,-1.022317077611646],[-80.74293516430473,-1.022419998757712],[-80.74283527695636,-1.022512149939047],[-80.74274252305908,-1.022609088560955],[-80.74264976795774,-1.022732359033682],[-80.74256176872748,-1.022852039054897],[-80.74251658036845,-1.022907091193474],[-80.74246663599341,-1.022956159133557],[-80.74240718010539,-1.022998044642364],[-80.74236793907431,-1.023031554082834],[-80.7423370207175,-1.023068654121388],[-80.74231442446197,-1.023116527324476],[-80.74227042206577,-1.023211076882234],[-80.74220739349019,-1.023330758905544],[-80.74214317641663,-1.02343129063776],[-80.74207539497182,-1.023505491130095],[-80.74199572143254,-1.023590462244542],[-80.74187323775233,-1.023730486576682],[-80.74175313202015,-1.02387410101997],[-80.7416306497917,-1.024006943676127],[-80.7415474083789,-1.024097899201067],[-80.74146178740783,-1.024216382420462],[-80.74134762667826,-1.024367178982402],[-80.74123346536119,-1.024525156293436],[-80.74115973393174,-1.024653215108103],[-80.74105627476642,-1.024799225652856],[-80.74095281559099,-1.02494523528695],[-80.74086362739375,-1.025061324301006],[-80.74080535710578,-1.025146297110112],[-80.74074351954005,-1.025230073587878],[-80.74068168081533,-1.025328211575086],[-80.74061984102673,-1.025439515032801],[-80.74058535229777,-1.025524490678464],[-80.74056275560758,-1.025577150726207],[-80.74053778050767,-1.025642976956959],[-80.74050210367886,-1.025704014540281],[-80.74046524006998,-1.02574709877976],[-80.74043551059286,-1.025786592770757],[-80.74040577957172,-1.025845236950701],[-80.74035820796094,-1.02596132933661],[-80.74032847481311,-1.026046305364446],[-80.74031003784202,-1.026131879429144],[-80.74027138101498,-1.02628746986187],[-80.74024461500579,-1.026437076548248],[-80.74021487711487,-1.026580698273833],[-80.74018787955058,-1.02665921120807],[-80.74014030404776,-1.026823177700066],[-80.74010224452778,-1.026950043343732],[-80.74008321402687,-1.027017066090366],[-80.74007131488536,-1.027125980628071],[-80.74005346828353,-1.027257634792647],[-80.7400391874072,-1.027409636380753],[-80.7400308560194,-1.027513763436147],[-80.74003322543554,-1.027611906651089],[-80.7400510557902,-1.027681327206452],[-80.74009266577156,-1.027763914276875],[-80.74013071266609,-1.027804610752455],[-80.74018313106357,-1.027862067420912],[-80.74024627578726,-1.027964809776535],[-80.74028336709496,-1.028051944499424],[-80.74032426259929,-1.02814482540478],[-80.74036515900431,-1.028237705405488],[-80.74038132685122,-1.028270262140893],[-80.74038893382033,-1.028310477527498],[-80.74040319599702,-1.028389951030093],[-80.74041935963831,-1.028485701489757],[-80.74042886694109,-1.028545067221259],[-80.74044598307019,-1.028621668474514],[-80.74047070794875,-1.028716462442446],[-80.740485922537,-1.028777743931656],[-80.74050304060138,-1.028830407222557],[-80.74052111135616,-1.028872538756346],[-80.74055820723986,-1.028903181914629],[-80.74063810691361,-1.028958722826431],[-80.74070754272778,-1.02901330568811],[-80.74077412518203,-1.029074591379398],[-80.74081217177944,-1.029108106192197],[-80.74085116990778,-1.029145451663311],[-80.74089016865514,-1.029175137782047],[-80.74092345960474,-1.029198120369799],[-80.74096531300091,-1.029216315883573],[-80.7410005082481,-1.029231639274215],[-80.74105282507361,-1.029245047868557],[-80.74109182575482,-1.029250796021856],[-80.7411308268995,-1.029250799208228],[-80.74119741364045,-1.029247932163855],[-80.74126875734481,-1.029239320539787],[-80.74137624978512,-1.029214435061974],[-80.74147042394638,-1.029197207846082],[-80.74155223259356,-1.029176149037738],[-80.74167779906519,-1.029141689474599],[-80.74180336697302,-1.029100527746095],[-80.7419289337491,-1.029062237590466],[-80.74204023199829,-1.029022989979637],[-80.74213916388553,-1.028990442613448],[-80.7422323882538,-1.028958852877167],[-80.74232656302367,-1.028933965375018],[-80.74243215336517,-1.028900462251258],[-80.74253203639594,-1.028876532398982],[-80.74260528348945,-1.028860261543159],[-80.74268566408904,-1.028848298632937],[-80.74274416632379,-1.028841840971339],[-80.74278768528809,-1.028836816977645],[-80.7428476157525,-1.028818868590392],[-80.74288542819559,-1.0288023551023],[-80.74292110210385,-1.028777942336205],[-80.74294607492062,-1.028740602072872],[-80.74297532991591,-1.028688898833011],[-80.74299602254277,-1.028652276569034],[-80.74301600013567,-1.028632889149279],[-80.74305095998429,-1.028613502943472],[-80.74309019961898,-1.028598425357202],[-80.74313157981581,-1.028588374564123],[-80.74318152015955,-1.028579761158042],[-80.7432293216809,-1.028566839304574],[-80.74327640859111,-1.028554634834848],[-80.74333562527987,-1.028538123072835],[-80.74336844330158,-1.028529508277515],[-80.74339626725082,-1.028524483003949],[-80.7434383606426,-1.028520178136503],[-80.74348188015853,-1.02851946331009],[-80.74351826492448,-1.028518747906006],[-80.74357248520839,-1.028523779816268],[-80.74360530263881,-1.028533835711016],[-80.74364239991405,-1.028547482782599],[-80.74366879561933,-1.028565438166865],[-80.74369376252577,-1.028602065033127],[-80.74372300966083,-1.028648744581858],[-80.74375225673924,-1.028696143382362],[-80.74377793524016,-1.028758621756353],[-80.74379433972716,-1.028811046139566],[-80.74381787908001,-1.028862035309828],[-80.74383643411312,-1.02892956777518],[-80.7438797905794,-1.029046216743893],[-80.7439016562978,-1.029109140836582],[-80.74392281307708,-1.029169291002546],[-80.7439988187978,-1.029376306882966],[-80.74405767342512,-1.029527093974934],[-80.74411071753867,-1.029662993440638],[-80.74416587163019,-1.029804299679782],[-80.74422513065088,-1.029956122708526],[-80.7443002957044,-1.030144439782447],[-80.74438529638459,-1.030356050555895],[-80.74443537101554,-1.030489868023238],[-80.74446601322465,-1.030580434716569],[-80.74449311854245,-1.030649376521779],[-80.74451879672212,-1.03071616407496],[-80.74454019455611,-1.030774333830479],[-80.74455874053966,-1.030820295072402],[-80.74457229235,-1.030859792595905],[-80.74458299139388,-1.030898572446603],[-80.74459796864382,-1.030950278368593],[-80.74461437599183,-1.030978286186439],[-80.74463720365651,-1.031004858732913],[-80.74466859208941,-1.031036458591245],[-80.7446901669574,-1.031061222502331],[-80.74472352241635,-1.03108744939064],[-80.74476133133908,-1.031115459840009],[-80.74481269541816,-1.031163577866664],[-80.7448533573796,-1.031200205093157],[-80.7448868874118,-1.031223906017928],[-80.74492184437109,-1.031241143742079],[-80.74495680043205,-1.031258381465932],[-80.74500602549313,-1.031282083655412],[-80.74506666567603,-1.031302914280403],[-80.74512445259379,-1.031317999706147],[-80.7452036414155,-1.031340267613444],[-80.74526214210488,-1.031353916400036],[-80.74533205717411,-1.031374029420562],[-80.74539127067895,-1.031386960819958],[-80.74544691816102,-1.031394146058119],[-80.74548829624253,-1.031399894357179],[-80.74555321849377,-1.031407799592046],[-80.74560815249278,-1.031412830633116],[-80.74565666544707,-1.031417142809545],[-80.74571516649686,-1.031414993377396],[-80.74575797228991,-1.03141571516656],[-80.74579150427034,-1.031414999515135],[-80.74582717507798,-1.03141859321407],[-80.7458649864537,-1.031427213706081],[-80.74590208411722,-1.031436552487591],[-80.74595273752753,-1.03144732814765],[-80.7459762796161,-1.031453075007647],[-80.74601337722359,-1.0314631321353],[-80.74607187780845,-1.031478216698147],[-80.74612467111773,-1.031491147569426],[-80.74616604926075,-1.031496177512921],[-80.74621884376575,-1.031494027613633],[-80.74626664360905,-1.031491518138964],[-80.74632942492023,-1.031499182531576],[-80.74639315716276,-1.031518337841845],[-80.74647876644548,-1.031548984843027],[-80.74654059530246,-1.031575799353575],[-80.74659671648602,-1.031605486794902],[-80.74664047101129,-1.031634215146454],[-80.74667756639093,-1.031672517610801],[-80.74670705304618,-1.031703160109743],[-80.74674605031079,-1.031741462726046],[-80.74677458580817,-1.031763487694903],[-80.74684307297714,-1.031802750770623],[-80.746893485519,-1.031836266524238],[-80.74693724049528,-1.031870740746996],[-80.74697813994193,-1.031916703774272],[-80.7469943092264,-1.031943514623038],[-80.74701047775457,-1.031979901023433],[-80.74702474281982,-1.032024904725162],[-80.74703710411954,-1.032082355406089],[-80.74703900251433,-1.032137889958221],[-80.74703519112394,-1.032211617058707],[-80.74701901524637,-1.032279598199935],[-80.74698000829497,-1.032352364383684],[-80.74694671060728,-1.032402152052086],[-80.74690865738584,-1.032450981240885],[-80.74687821531353,-1.032476831162583],[-80.74685062704103,-1.0325017241193],[-80.74683445358056,-1.032539065121867],[-80.74682969396783,-1.032578321425689],[-80.74682778618563,-1.032641516836861],[-80.74683348840806,-1.032707584437816],[-80.7468372873828,-1.03279088679335],[-80.74683538020581,-1.032846421039508],[-80.74682776512401,-1.032907700701728],[-80.74681729539685,-1.032991959106269],[-80.74680468604595,-1.033059222182672],[-80.74677613899001,-1.033171726289879],[-80.74674759226136,-1.033291411155105],[-80.74670953217885,-1.033426654622318],[-80.74668693477719,-1.033499661864312],[-80.74666699563707,-1.033566633030688],[-80.746652723292,-1.033613548829479],[-80.74664606247063,-1.033644188430472],[-80.74664606064951,-1.033667168305982],[-80.7466460576901,-1.033704510603712],[-80.74665366383866,-1.033744725996854],[-80.74666902983034,-1.033768482450995],[-80.74669932048964,-1.033782071960786],[-80.7467373700058,-1.033791649662092],[-80.74678401786913,-1.033797207479594],[-80.7468210784621,-1.033798359447715],[-80.74684486026055,-1.033796446064841],[-80.74686959172337,-1.033799320533788],[-80.74688290895472,-1.033805066571276],[-80.74689432309948,-1.033814642133777],[-80.74690002948948,-1.033828047820876],[-80.74690002782151,-1.033849112405591],[-80.74689526979586,-1.033868262222171],[-80.74689336647054,-1.03388645507448],[-80.7468971693948,-1.033908477157709],[-80.74690858073443,-1.033953480632178],[-80.74691999305999,-1.033986036070729],[-80.74692760170298,-1.034006144977496],[-80.7469295010856,-1.034037742459546],[-80.74692949843178,-1.034071254175515],[-80.74692759396882,-1.034103809450329],[-80.74692089273417,-1.034145382584498],[-80.7469076108339,-1.034192854866546],[-80.74689048430585,-1.03424551540634],[-80.74686669825577,-1.034301048800515],[-80.74683720458889,-1.03436998606054],[-80.74681342042193,-1.034413071418072],[-80.74679534455353,-1.034434134551105],[-80.74678392759921,-1.034459986899222],[-80.74677536292887,-1.034504030671698],[-80.74676679787859,-1.034552862219726],[-80.74675157283824,-1.034621800623881],[-80.74673349134925,-1.034713718673927],[-80.74671350759368,-1.034810424346318],[-80.74670113680794,-1.034872660816816],[-80.74669352246895,-1.034924364924834],[-80.7466878092423,-1.034997134674683],[-80.74668019321805,-1.035081393304452],[-80.74667257766164,-1.03514841793222],[-80.7466611569791,-1.035221186318012],[-80.74664497841627,-1.03531119013229],[-80.74662880053609,-1.035392575588276],[-80.74660691663126,-1.035467258422813],[-80.74658598276893,-1.035541942238098],[-80.74656505170536,-1.035592687175253],[-80.74654466593654,-1.03563568142404],[-80.7465288939255,-1.035721946967939],[-80.7465165225199,-1.035791842790715],[-80.74650510258883,-1.035855036527906],[-80.74649558799828,-1.035886058593221],[-80.74649406445234,-1.035898122904953],[-80.74649177979629,-1.03591918820959],[-80.74648930491263,-1.035947529253093],[-80.74648682960172,-1.035969935336681],[-80.74648087882458,-1.036034565303623],[-80.74647433202942,-1.036123133195403],[-80.74646897517017,-1.036201527612306],[-80.7464665909667,-1.036276332341586],[-80.7464671815552,-1.036331987113101],[-80.74646836621064,-1.036388239952032],[-80.74647371207973,-1.036448083957865],[-80.74647608424506,-1.036524684033679],[-80.74647881429081,-1.036576748145919],[-80.74647974908035,-1.036610339551032],[-80.74647738205088,-1.036649995929494],[-80.74649061615776,-1.036650014185554],[-80.74651441551828,-1.036687485060682],[-80.74652193134233,-1.036699319397144],[-80.74654375805804,-1.036733683306593],[-80.74660893624429,-1.036836304556175],[-80.74662576169827,-1.036862795193528],[-80.74667430271535,-1.03689960309228],[-80.74671475980456,-1.036936571379684],[-80.74677128594864,-1.036949779407493],[-80.74679974641019,-1.036955124972124],[-80.7468331894693,-1.036965721024856],[-80.74686136956078,-1.036992954445523],[-80.74687304033006,-1.037019443762688],[-80.74688823976918,-1.037069405406825],[-80.74691309311905,-1.037144910773975],[-80.74692729703122,-1.037167756989518],[-80.74696023865363,-1.037199756855514],[-80.74697836155185,-1.037209218061079],[-80.7469979952145,-1.037209111979195],[-80.74701381351709,-1.037196454416346],[-80.74702831572205,-1.037175454328803],[-80.74703393799847,-1.037150218534748],[-80.7470342864504,-1.037063265969564],[-80.74704401255923,-1.037039838135101],[-80.7470624789517,-1.037024782373237],[-80.74707801153563,-1.037022128270578],[-80.74709936282184,-1.037022091084594],[-80.74717297254492,-1.037025847969957],[-80.74722671915035,-1.037010317350919],[-80.7472973161644,-1.03699003378361],[-80.74733175403897,-1.036980138918565],[-80.74738251905046,-1.036990224286228],[-80.74741130094452,-1.037011261327308],[-80.74744096477433,-1.03705244835291],[-80.74746526222873,-1.037088188535748],[-80.74748716558467,-1.037096995025223],[-80.74751779868515,-1.037088401744214],[-80.74758553509938,-1.037041411524029],[-80.74760907532773,-1.037025816952706],[-80.74765211543922,-1.036996948090859],[-80.74773681591023,-1.03694013397282],[-80.74777639861321,-1.036907170070592],[-80.74779483539706,-1.036868697444248],[-80.7478436405162,-1.036839450868214],[-80.7478978301352,-1.036859235095903],[-80.74791180153274,-1.036878663259259],[-80.74792263768555,-1.036911831147634],[-80.74793309923311,-1.036942479361983],[-80.74795378892864,-1.036966001919822],[-80.74804447067362,-1.03700414311615],[-80.74815533614678,-1.037019571131722],[-80.7482179584044,-1.037028284976515],[-80.74835799665682,-1.03704338057446],[-80.74836460835415,-1.037042946838056],[-80.74851661267762,-1.037032982653031],[-80.7486704577161,-1.037012298584543],[-80.74870586605745,-1.037016973386073],[-80.7487975960875,-1.037029084958078],[-80.74889162196698,-1.037049030678403],[-80.74894508171467,-1.03704663201097],[-80.74897477228677,-1.037045299919413],[-80.74901179766236,-1.037026273001104],[-80.74904439178752,-1.037008583809026],[-80.74906353844648,-1.037006563288273],[-80.7490832819217,-1.037004480389342],[-80.74914060681166,-1.037010330355926],[-80.7491418372974,-1.037010182080039],[-80.7492645819128,-1.036974534151227],[-80.74928651389531,-1.036973730699017],[-80.74931915345991,-1.036972534547061],[-80.74935394284618,-1.036984513094097],[-80.74936527027114,-1.036988413338605],[-80.74941815867044,-1.037039404840229],[-80.74949967686528,-1.037102799614829],[-80.74959024405366,-1.03714654188262],[-80.74970772637329,-1.037153531147936],[-80.7497436676894,-1.037147104165385],[-80.74981457599527,-1.037134423827609],[-80.7498797149733,-1.03711984311785],[-80.7499504806085,-1.037104092146635],[-80.75000000603664,-1.037093068455306],[-80.75001017257449,-1.03709216635319],[-80.75004925950144,-1.037088698050368],[-80.75007270428735,-1.037086617248818],[-80.7501617981865,-1.03710931017541],[-80.75024611815657,-1.037159249260483],[-80.75033687017415,-1.037172958447414],[-80.7504166348636,-1.037166861539731],[-80.75048048878139,-1.037137731011782],[-80.75049396365738,-1.037127788306023],[-80.75054973819144,-1.037086634314349],[-80.75055974266783,-1.037077768854175],[-80.75060971830786,-1.037033480451768],[-80.75067052191139,-1.036989553889796],[-80.75073552876349,-1.036951962507231],[-80.75082111837368,-1.036926437191951],[-80.75092378917034,-1.036933412571003],[-80.7510217077291,-1.036954680334119],[-80.75107816343508,-1.036972594635799],[-80.75111953654412,-1.036985721775423],[-80.75113013335928,-1.036988072171283],[-80.75122942884471,-1.037010090050288],[-80.75127518249163,-1.037015233382235],[-80.75134695023995,-1.037023301015353],[-80.75144455817079,-1.037051571273551],[-80.751452335144,-1.037057356666764],[-80.75146262864614,-1.037065014124138],[-80.75151156524853,-1.037101419393593],[-80.75156575508359,-1.037165082476776],[-80.75160746390074,-1.037230142365758],[-80.75165244377355,-1.037303202045791],[-80.75166544157315,-1.037325351518845],[-80.75169665678295,-1.037378546082692],[-80.75171977989248,-1.037444442274023],[-80.75172482650322,-1.037458823194498],[-80.7517436213858,-1.037541958480773],[-80.75177201305532,-1.037611464015754],[-80.75181155994768,-1.037680229466062],[-80.75183159712452,-1.037715528693212],[-80.7518516343017,-1.037750828825025],[-80.75186840713272,-1.0378189184608],[-80.75186888687922,-1.037890936008409],[-80.7518641903603,-1.037951451443789],[-80.75186228620642,-1.037957461347418],[-80.75184753575701,-1.038004009828342],[-80.75184007342398,-1.038055125005826],[-80.75183518936389,-1.038088576636497],[-80.7518342077931,-1.038170140672264],[-80.7518432417469,-1.038216434091169],[-80.75184996847132,-1.038250902639376],[-80.75188330091116,-1.038332055024085],[-80.75191412148308,-1.038409193873136],[-80.7519181851332,-1.038419223013705],[-80.75193157127474,-1.038452261725894],[-80.75198106297606,-1.038574416386069],[-80.75203737230932,-1.038648740855109],[-80.75210021412154,-1.038701233139705],[-80.75212522513314,-1.038716076138897],[-80.75218604050383,-1.038752166595927],[-80.7522823218057,-1.038804086115235],[-80.7523515455079,-1.038841056621038],[-80.75237019779973,-1.038851018153451],[-80.75247274401369,-1.038900651030659],[-80.75249675043823,-1.038911867831089],[-80.75255771741011,-1.038940355028785],[-80.75263886182206,-1.038969057329425],[-80.75265336826665,-1.038974188234278],[-80.75273874399178,-1.038995204365833],[-80.75281966922199,-1.039022303481573],[-80.75291030885585,-1.039060593840901],[-80.75293970127032,-1.039079543703778],[-80.75297721315678,-1.039103728010204],[-80.75303857410395,-1.039163262505141],[-80.75304837883438,-1.039180279248953],[-80.75308165560509,-1.039238030140169],[-80.75313089556096,-1.039315571226169],[-80.75317432412271,-1.039365702459676],[-80.75321860266362,-1.039396533369299],[-80.75327584028935,-1.039404278654061],[-80.75334186613479,-1.039405298940594],[-80.75340909189485,-1.039406338319154],[-80.75347958209099,-1.039408076396569],[-80.75355124556775,-1.039428762114667],[-80.75358889799823,-1.039448827236896],[-80.75360973342784,-1.03945993069172],[-80.75366084725552,-1.039493282683011],[-80.75379258206283,-1.03959473836909],[-80.75385782118629,-1.039622420681823],[-80.75388836381218,-1.039633402759662],[-80.75391890643833,-1.039644384837317],[-80.75397266916184,-1.039676628750783],[-80.75407994919375,-1.03976490074038],[-80.75410730192237,-1.039776023702871],[-80.75413180550231,-1.039785987495506],[-80.75420568076092,-1.039797816166228],[-80.75427679569509,-1.039798915544523],[-80.75435075300666,-1.03979576115033],[-80.75442391602976,-1.039777579292689],[-80.75449790373176,-1.039753346730208],[-80.75455899135414,-1.039721465557946],[-80.75457097321377,-1.039712706996113],[-80.7546207208515,-1.039676345666237],[-80.75468515901778,-1.039635802058598],[-80.75475337057723,-1.039616278104901],[-80.75480886954438,-1.039617136498663],[-80.7548571549797,-1.039613525915414],[-80.7548865098427,-1.039583538548868],[-80.75491993935977,-1.039537569620435],[-80.75497120657185,-1.039505271499806],[-80.75502548376085,-1.039486562508401],[-80.7550657527763,-1.03944667563988],[-80.75509321821295,-1.039394873512819],[-80.7551123205016,-1.03933902572922],[-80.75513723628784,-1.039295192176738],[-80.75516697451187,-1.039270745341796],[-80.75519908534048,-1.039261379470361],[-80.75523364826854,-1.039261914141633],[-80.75530285227174,-1.039263632173402],[-80.75537018585388,-1.039265232444251],[-80.755453142635,-1.039266515469635],[-80.75553108500374,-1.039255237873206],[-80.75559827746794,-1.039233518967563],[-80.75567062420308,-1.039205610366565],[-80.75572878268322,-1.039160612305949],[-80.75577540871927,-1.039100892645592],[-80.75582627384378,-1.039037440438662],[-80.75589111187452,-1.038974557481211],[-80.75595667886839,-1.03893473770394],[-80.75602810154379,-1.038919473389001],[-80.75611573663808,-1.038920829135989],[-80.75621147182936,-1.038922308551534],[-80.756301826731,-1.038923706121707],[-80.75639759473869,-1.038919210762216],[-80.75647479399767,-1.038893377943836],[-80.75654218926375,-1.038864096474484],[-80.75661552901872,-1.038838234401709],[-80.75669477486836,-1.038812462351942],[-80.7567682075235,-1.038782361668183],[-80.75682584501106,-1.038744686346405],[-80.75689652003919,-1.038703679948199],[-80.75696801420004,-1.038670311259281],[-80.75704304066271,-1.038637378916803],[-80.75711178806444,-1.038603791069036],[-80.75717781023035,-1.038570631846113],[-80.75725197751693,-1.038536479868242],[-80.7573243659316,-1.038503890202591],[-80.75739279982716,-1.03846788310122],[-80.75745115101873,-1.038429453283257],[-80.75752096688338,-1.038398737088954],[-80.75759877385947,-1.038382924061295],[-80.75767678139587,-1.038365465360869],[-80.75774609660166,-1.038334977111603],[-80.75781261490219,-1.03830182514838],[-80.75788043490108,-1.038265808939443],[-80.75790091877481,-1.038255051584812],[-80.7579434424298,-1.038232720937316],[-80.75800450997603,-1.038204136481696],[-80.75808933939189,-1.038188107752958],[-80.7581557750958,-1.038189135201947],[-80.75822304030991,-1.038191411227373],[-80.75829013975621,-1.03819877809967],[-80.7583650343959,-1.038208974630564],[-80.75843951434159,-1.038211833846262],[-80.7585259504133,-1.03821322923713],[-80.7586003105122,-1.038220119873557],[-80.75866903014533,-1.038232457396035],[-80.75873612461565,-1.038234377842571],[-80.75880679188745,-1.038236059715842],[-80.75888312331858,-1.038251753425982],[-80.75893640877591,-1.038284608815388],[-80.75898598427432,-1.038324824724114],[-80.75903237092172,-1.038363225518722],[-80.75908072767997,-1.038402804409927],[-80.75913869343725,-1.038445241144345],[-80.75920197655007,-1.038488024793665],[-80.7592588027682,-1.038528441198707],[-80.75932008113077,-1.038564628376633],[-80.75938582157818,-1.038595879741251],[-80.75945885126272,-1.038617116408773],[-80.7595230288743,-1.03863385955556],[-80.75959140477963,-1.038651462506976],[-80.75966251645993,-1.038671903774301],[-80.75973407398801,-1.038691880952769],[-80.75980400967426,-1.038705032795207],[-80.75987687974197,-1.038721439139849],[-80.75995283714369,-1.038727147400294],[-80.76002387021167,-1.038741258325715],[-80.76008710573329,-1.038771793852803],[-80.76012886047577,-1.038814715169678],[-80.76017289763499,-1.038865209170439],[-80.7602265205404,-1.038893211648812],[-80.76028336113556,-1.038898211855667],[-80.76034731511784,-1.038900878425821],[-80.76040301439775,-1.038915458628011],[-80.76045866938291,-1.038921471123473],[-80.76052035904938,-1.038926870677912],[-80.76057288682172,-1.03894802614353],[-80.76060678083903,-1.038975164008491],[-80.76064526541568,-1.039010027631079],[-80.76069171109786,-1.039040744621801],[-80.76074686806422,-1.039071714693065],[-80.76080376838507,-1.039107275448018],[-80.76085516120176,-1.039149138970004],[-80.76090035732635,-1.039194616377586],[-80.76094561443868,-1.039241860708515],[-80.76099243465625,-1.039288216722667],[-80.76103726716877,-1.039340283180579],[-80.76107933517862,-1.03940102117339],[-80.76110418270778,-1.039463199979366],[-80.76110629602535,-1.039520258146013],[-80.76110538311748,-1.039576239464836],[-80.76110278726443,-1.039637081718553],[-80.76108870518267,-1.039689767947209],[-80.76107396268087,-1.039739676633531],[-80.76107123762314,-1.039797513395811],[-80.76107057134011,-1.039848817328348],[-80.76108167840552,-1.039902982883859],[-80.76110905765086,-1.039956457567797],[-80.7611440807496,-1.040005428230643],[-80.76119110005567,-1.040057911027063],[-80.76123609141054,-1.040101471315438],[-80.76128398568484,-1.040148373861825],[-80.76131726770998,-1.040198347726275],[-80.76134276616442,-1.040258181546619],[-80.7613693257329,-1.040323155164785],[-80.7613977117546,-1.040387302007474],[-80.76142919463808,-1.040457473619469],[-80.76145808778459,-1.040519067379492],[-80.76151835116951,-1.040642824157075],[-80.76155626144792,-1.040713389811458],[-80.76159128173927,-1.040775990991335],[-80.76162231394457,-1.040839236933493],[-80.76165396621926,-1.040903994710675],[-80.76168621446132,-1.040968054088935],[-80.76172343508959,-1.041030189504838],[-80.76176701113503,-1.041093658961898],[-80.7618123350165,-1.041149942356668],[-80.76185881860715,-1.041203064745858],[-80.76190418086459,-1.04125104733221],[-80.76194950305448,-1.041293994240831],[-80.76199587319776,-1.04132582945131],[-80.76204192283373,-1.041328778720228],[-80.7620875097488,-1.041329483341698],[-80.76218023313373,-1.041330917127851],[-80.76222616863448,-1.041333688155504],[-80.76226637471197,-1.041353534443004],[-80.76229477162838,-1.041380557886555],[-80.7623233132842,-1.041419182572398],[-80.76234971773125,-1.041467520175615],[-80.76237504347729,-1.041517517859177],[-80.76240037359011,-1.041569223655387],[-80.76243677097268,-1.041666724530955],[-80.76254609706807,-1.041766942386175],[-80.76273420674923,-1.041954171378265],[-80.76279988508698,-1.042024200822908],[-80.76286410842833,-1.042103820194612],[-80.76294014050063,-1.042194119781882],[-80.76309605339307,-1.042314438617424],[-80.76344539222379,-1.042554113772951],[-80.76348400636364,-1.042588168566695],[-80.76351936558252,-1.042626421017758],[-80.76354668896327,-1.042670489309927],[-80.7635648733694,-1.042712218208507],[-80.76356975485429,-1.042844453446719],[-80.763569021007,-1.042958417427641],[-80.76356867363552,-1.043012344178052],[-80.7635719355146,-1.043059455940991],[-80.76358459145477,-1.04309925827171],[-80.76361038247249,-1.043141812850905],[-80.76363959368162,-1.04316964697955],[-80.7636670814367,-1.043203192478913],[-80.76367959413967,-1.043235330910491],[-80.76368241244693,-1.043276523053137],[-80.76369703433677,-1.043325164652884],[-80.76371574120931,-1.043375578004415],[-80.76373469568121,-1.043432346132278],[-80.7637549549342,-1.043481073201932],[-80.76378085973698,-1.043528574801798],[-80.76381764711222,-1.043591909834944],[-80.76390299634916,-1.043730587337976],[-80.76399332824963,-1.043814010308665],[-80.76409087766473,-1.04392124335584],[-80.76412434440074,-1.043954100812698],[-80.76413184509332,-1.044001288893469],[-80.76413145498424,-1.044061907861078],[-80.76413132906255,-1.044111325502399],[-80.76414711193435,-1.044151875368499],[-80.76418136441073,-1.044182409562126],[-80.7642244208495,-1.044200004200718],[-80.76426901022353,-1.044211498423181],[-80.76431717736853,-1.044228544280955],[-80.76435667560939,-1.044267453868144],[-80.76438251733929,-1.044317235357639],[-80.76442123257688,-1.044357983277706],[-80.76447514304468,-1.044388597662774],[-80.76453544230147,-1.044407032274492],[-80.76459731665841,-1.044420433138171],[-80.76465004602473,-1.044439788183013],[-80.76469797788658,-1.044478316610849],[-80.7647321439824,-1.044522332941412],[-80.76475922776712,-1.044573674261585],[-80.76477204458497,-1.044625940940804],[-80.76479395968558,-1.044671865308828],[-80.76483284782273,-1.044708346576229],[-80.76489129164969,-1.044730599869169],[-80.76495376248293,-1.044748660988716],[-80.76495597351416,-1.044749402121411],[-80.76500932425303,-1.044777054402161],[-80.76505482637515,-1.044818961775519],[-80.76510107059919,-1.044865191055095],[-80.76515521231906,-1.044904681663965],[-80.76525933446706,-1.044956477518937],[-80.76534302323347,-1.045016481270778],[-80.76538214898854,-1.045060772100697],[-80.76539393612065,-1.045108375772045],[-80.76539352785295,-1.045171710715096],[-80.76539317504609,-1.045226510527115],[-80.76539292044113,-1.045266082087366],[-80.76540672305748,-1.04528489226881],[-80.76543224477078,-1.045287047422832],[-80.76546006242185,-1.045284319066809],[-80.7654967325631,-1.045268747960449],[-80.76553728628357,-1.045255918449229],[-80.76557555167375,-1.045254471056936],[-80.76561768153843,-1.045258868450361],[-80.76566990188911,-1.045282390587914],[-80.76572631557038,-1.045313263895636],[-80.76578547514102,-1.045344057793272],[-80.76584659939047,-1.045376658564805],[-80.76602790639916,-1.045465960867446],[-80.76609945896553,-1.045495186904091],[-80.76617981674926,-1.045518796188105],[-80.76626607370784,-1.045539097348495],[-80.76656420242324,-1.045593516914408],[-80.76700507175843,-1.04562840243598],[-80.76626493428279,-1.047975503947015],[-80.7662645769272,-1.048031093582324],[-80.76627523162084,-1.04809007584285],[-80.76628184404785,-1.048104450542894],[-80.76628659526718,-1.048115567203681],[-80.76628981337132,-1.048123096531526],[-80.76629671328689,-1.04813926350495],[-80.76630335509039,-1.048157477842068],[-80.76631294772831,-1.048187556004123],[-80.76631755339827,-1.048210006090926],[-80.76632525083825,-1.048258856161667],[-80.76633369753937,-1.048312456072679],[-80.76635771517759,-1.048416760418732],[-80.766376004983,-1.048553050737198],[-80.76638116044437,-1.048591468282041],[-80.76638900813191,-1.048662617921565],[-80.76639760134707,-1.048691884474209],[-80.76640399712255,-1.048718895392909],[-80.76641119540633,-1.04874772938426],[-80.76641915152312,-1.048774804655366],[-80.76642563274198,-1.048801065567005],[-80.76642846023796,-1.048827765898537],[-80.76643104415865,-1.048854411023797],[-80.76643748402302,-1.048880794069646],[-80.76644698640105,-1.048928126154792],[-80.76644725594663,-1.048929467875965],[-80.7664509698863,-1.048953332879194],[-80.76645667100674,-1.04897859130169],[-80.7664599677751,-1.04900407934268],[-80.76646029926894,-1.049030613922852],[-80.76646013286613,-1.049056502494963],[-80.76645942133544,-1.049076266971326],[-80.76645291060804,-1.04909643632692],[-80.76645216441857,-1.049098748737137],[-80.7664420996087,-1.049121080108307],[-80.76644190543226,-1.049121511645524],[-80.76643103401132,-1.049148861442092],[-80.7664295878037,-1.049173253509863],[-80.76642956456543,-1.049195727676491],[-80.7664301164603,-1.049219681104859],[-80.76643053185283,-1.049302641315577],[-80.76643037423065,-1.049331317332914],[-80.76643157397642,-1.049357912594544],[-80.76643455249634,-1.049384299904034],[-80.76643940564763,-1.049414744122302],[-80.76644803416295,-1.049440703923494],[-80.76645537030775,-1.04946493470618],[-80.76645651371187,-1.049487702994767],[-80.76645626002151,-1.049527076423189],[-80.7664562910169,-1.049545438638063],[-80.76645932393104,-1.049565555332123],[-80.76646601132398,-1.049587172327819],[-80.76647773553438,-1.049610856988977],[-80.76648092053807,-1.049628420572461],[-80.7664836391624,-1.049717249879961],[-80.76648511145329,-1.049765332280188],[-80.76648635868519,-1.049806079187533],[-80.76648590834878,-1.049854933170053],[-80.76648496458475,-1.049879245660094],[-80.76648353534607,-1.04990508528229],[-80.76648085234314,-1.049929769481778],[-80.7664754873451,-1.049953438382971],[-80.7664681072759,-1.049976069417951],[-80.76646795385011,-1.049984517688856],[-80.76646772822481,-1.049996929535965],[-80.76646760273835,-1.05001646606658],[-80.76646526543324,-1.050033706249607],[-80.76646115010736,-1.050053106772125],[-80.76646104886345,-1.050072985288992],[-80.7664631517251,-1.050090090097754],[-80.76647307191135,-1.05010299758996],[-80.76648309887847,-1.050118309837956],[-80.7664872465057,-1.050136002868953],[-80.76648712102524,-1.050155457070005],[-80.76648353889928,-1.050172142565629],[-80.76647684139012,-1.050189941538221],[-80.76647013917585,-1.050210583143055],[-80.7664690232052,-1.05022994860694],[-80.7664688986315,-1.050249293336762],[-80.76647143744249,-1.050266087859114],[-80.76647976668994,-1.050279435830788],[-80.76648948010727,-1.050292901520251],[-80.76650028202731,-1.050305896836747],[-80.76650838193376,-1.050321169132204],[-80.76650919743649,-1.050329568621024],[-80.76650979469379,-1.05033571533879],[-80.76650955464011,-1.050372984387678],[-80.76650918550385,-1.050417684803136],[-80.76650857264639,-1.050512730196303],[-80.76650579693714,-1.05063598642937],[-80.76650373330038,-1.050659556059315],[-80.76650317466148,-1.050665931584462],[-80.76649908293275,-1.050694349460372],[-80.7664922177246,-1.050719115674639],[-80.76648213563935,-1.050744011021919],[-80.76647153581915,-1.05076912074901],[-80.76646245952688,-1.050793790896336],[-80.76645465501888,-1.050819028399232],[-80.76644595695166,-1.050846077990499],[-80.76643840933853,-1.050873558315374],[-80.76643193218577,-1.050901455796989],[-80.76642418037538,-1.050931161719419],[-80.76641638934676,-1.050956426364692],[-80.76640936294427,-1.050985290046597],[-80.7663895477446,-1.05104403207315],[-80.76638101054475,-1.051071342235602],[-80.76637030908068,-1.051097462527281],[-80.76635832143964,-1.051123164741043],[-80.76632630811929,-1.051185488542316],[-80.7662938901661,-1.051262100567072],[-80.7662862260704,-1.051284647439999],[-80.7662815677115,-1.051293881573656],[-80.76627689047449,-1.051303153704126],[-80.7662639884098,-1.051321131342632],[-80.76624912247436,-1.051338494527641],[-80.76624295789145,-1.051345113904745],[-80.76621681189765,-1.051373190847244],[-80.76619970230786,-1.05139331326103],[-80.76618353276365,-1.051415012673843],[-80.76616767677017,-1.051438545074276],[-80.76615430617251,-1.051459852953712],[-80.76614149013056,-1.051481355389782],[-80.76612907852558,-1.051503271313635],[-80.76610426605923,-1.05154766227929],[-80.76607824981352,-1.051595569803226],[-80.7660648951063,-1.0516207308887],[-80.76605416319919,-1.051645211821949],[-80.76604336387857,-1.051669719891649],[-80.76603307774977,-1.051694668598955],[-80.76602345310448,-1.051720236185076],[-80.76602275637495,-1.051722194852871],[-80.76601392813718,-1.051747019723294],[-80.76600476169894,-1.051775132323243],[-80.76599689598031,-1.051801489863081],[-80.76598954345965,-1.05182820661571],[-80.76598129829326,-1.051856529180171],[-80.76597368160141,-1.051882151200715],[-80.76596762102052,-1.051904312781915],[-80.765965452541,-1.051911444531626],[-80.76595998009698,-1.051929442632456],[-80.76595114993113,-1.051955999137704],[-80.76594427229243,-1.051978592208883],[-80.76594011561156,-1.051998007201576],[-80.76593285975491,-1.052018124928281],[-80.76592161142885,-1.052049242852576],[-80.76591061529963,-1.052085334950334],[-80.76588418279108,-1.052146660352179],[-80.76585855103383,-1.05219719159129],[-80.76571600903235,-1.052478205163581],[-80.76561956362276,-1.052749228666016],[-80.76560518491208,-1.052789635118231],[-80.76555131582866,-1.052997267152676],[-80.76554798384983,-1.05301010941055],[-80.76550165908947,-1.053198302280109],[-80.76546573942946,-1.053357228221927],[-80.76546219601553,-1.053372904048643],[-80.76541466658335,-1.053576329604738],[-80.76541282160404,-1.053608447048688],[-80.76540520422077,-1.053643155175138],[-80.7653932618731,-1.053675874397712],[-80.76538069132106,-1.053707660805543],[-80.76537872523386,-1.053712632096577],[-80.76535183130513,-1.053777917415161],[-80.76534215861768,-1.053808690755218],[-80.76529332669085,-1.053953241510015],[-80.76528373714015,-1.053978044604264],[-80.765272599328,-1.054009476469233],[-80.76526097252857,-1.054041307278837],[-80.76525289253073,-1.054072268920876],[-80.7652436829589,-1.05410001509992],[-80.7652320907209,-1.054126409445459],[-80.76521864518377,-1.054151944165667],[-80.76520598963045,-1.054178509422556],[-80.76519872072853,-1.054192625227245],[-80.76519469163892,-1.05420044985037],[-80.76518204971764,-1.054225009342375],[-80.76517144907827,-1.054248691410223],[-80.76511008992476,-1.054434249480011],[-80.76508003201847,-1.054525146289649],[-80.7650571725807,-1.054594277876305],[-80.76498980546516,-1.054819008077757],[-80.7649780119405,-1.054904576563573],[-80.76497809255362,-1.054932275496569],[-80.76497811357225,-1.054939646257182],[-80.76498330240541,-1.054976197365193],[-80.7649886168124,-1.055016224419433],[-80.76500906427042,-1.055120897627503],[-80.76503244802112,-1.055239525469972],[-80.7650401676005,-1.055304396335742],[-80.76504501367127,-1.055345117275237],[-80.76504488424817,-1.055404917489881],[-80.76504494843762,-1.055579595526424],[-80.76504488074225,-1.055583379062966],[-80.76504067013289,-1.055818120272207],[-80.76505099675715,-1.055996430637506],[-80.7650677968122,-1.05613698297978],[-80.76506869506667,-1.056144499467081],[-80.76511165905451,-1.056318113196582],[-80.76517795644774,-1.056490887311085],[-80.76517867893861,-1.056493012554824],[-80.76519071326588,-1.056528390761244],[-80.76520665260766,-1.056568485573408],[-80.76523620777277,-1.0566376645708],[-80.76525066207365,-1.056668353794223],[-80.76526614620273,-1.056713929369351],[-80.76530007309775,-1.056796788075303],[-80.76538495908859,-1.057004101313922],[-80.76543586089122,-1.057137475483117],[-80.76548774760937,-1.057273429085797],[-80.76555977037013,-1.057496020269014],[-80.76558339485092,-1.057569032116973],[-80.76561373198065,-1.057686427356501],[-80.76561362026436,-1.057737851670197],[-80.76561351504711,-1.057786510253337],[-80.76561252756913,-1.057854062050865],[-80.76560447203852,-1.057894149610746],[-80.76559605796757,-1.057957006247989],[-80.7655956750233,-1.058113324758352],[-80.7656058946395,-1.058280449153685],[-80.7656358671972,-1.058524931381584],[-80.765643252769,-1.058609118009699],[-80.76565079370397,-1.058695069759651],[-80.7656699554187,-1.058913486163618],[-80.76571018429104,-1.059267253094831],[-80.76574411765067,-1.059563567976596],[-80.76576001071193,-1.059669556306204],[-80.76578618741367,-1.059844125053758],[-80.76585499488264,-1.060165826338505],[-80.76593391870342,-1.060497843114391],[-80.76599834831102,-1.060756036296127],[-80.76600907840377,-1.060792241319604],[-80.76604911968644,-1.060927340875566],[-80.76607961072929,-1.061030218078358],[-80.76611500828231,-1.061230848008805],[-80.76614145655775,-1.061511566751108],[-80.76616163201567,-1.061659999474031],[-80.76618513810386,-1.061801780039559],[-80.7662269468692,-1.061955617401352],[-80.76623214690653,-1.06197474992527],[-80.76626932063799,-1.062042421337409],[-80.76629905674838,-1.062096552133781],[-80.7663030242022,-1.062119691571795],[-80.76630342880341,-1.062141867211082],[-80.76630212154255,-1.062158834243149],[-80.76629438966414,-1.062173771497768],[-80.76628309810394,-1.062193393125085],[-80.7662741615462,-1.062211783606742],[-80.76626618106144,-1.062233795757962],[-80.7662610939053,-1.062255474287511],[-80.76625806312997,-1.062278760662167],[-80.76625602023552,-1.06232494468756],[-80.76625240427703,-1.062348905034554],[-80.76624677414436,-1.062371759659513],[-80.76624084125832,-1.062392627494773],[-80.76621748174794,-1.062453205812048],[-80.76621085844342,-1.062475719281494],[-80.76620675566379,-1.062495150559556],[-80.76620565750652,-1.062516381555852],[-80.7662056127956,-1.06253723355438],[-80.76620557650348,-1.062553703086664],[-80.76620426023464,-1.062594828873813],[-80.7662041350055,-1.062598727305613],[-80.76619957176737,-1.062621641723098],[-80.7661920883405,-1.062643491966597],[-80.76618178716937,-1.06266455669784],[-80.76616971337018,-1.062687660534337],[-80.76615647334803,-1.062716777055471],[-80.76614512097287,-1.062744250747556],[-80.7661380947042,-1.062770630961978],[-80.76613491460068,-1.062795534965275],[-80.76613270957597,-1.062822322671337],[-80.76612828358628,-1.062848826125773],[-80.76612383721681,-1.062871432042073],[-80.76611813521232,-1.062893800825819],[-80.76610951486195,-1.062914501082204],[-80.76610384573299,-1.062941929066312],[-80.76610009857032,-1.062965536561521],[-80.76609612276738,-1.062993658595374],[-80.76608983600985,-1.063022923115227],[-80.76608730271876,-1.063052312772655],[-80.76608658422407,-1.06308067751992],[-80.76608656840446,-1.063087848334646],[-80.76608652648983,-1.063107352299369],[-80.76608784402329,-1.063133073608114],[-80.76609024936107,-1.063155725282584],[-80.76609022875618,-1.063178708804614],[-80.76609369915005,-1.063201980293925],[-80.76609681527367,-1.063227044007917],[-80.76610222519447,-1.063252025567181],[-80.76610897791495,-1.063277523824368],[-80.76611129049056,-1.063302615523412],[-80.76611123277824,-1.063328996268666],[-80.76611114989795,-1.063367331990719],[-80.76611061972558,-1.063389462322306],[-80.76610860672683,-1.063408559917136],[-80.76610520878785,-1.063425757492951],[-80.76610314803419,-1.063446413013097],[-80.76610183548019,-1.063485893112983],[-80.76609459876121,-1.063501964923503],[-80.76608296875074,-1.06351610029671],[-80.76607042303216,-1.063527704191571],[-80.76605759767715,-1.06354067600266],[-80.76603555430462,-1.06357365500763],[-80.76602905993249,-1.063590771826838],[-80.76602211255123,-1.063607932038067],[-80.76601452251954,-1.063625002632847],[-80.76599805526897,-1.06366014163099],[-80.76599031871152,-1.063677446537085],[-80.7659809059758,-1.063693116485098],[-80.76596156310339,-1.063720205059042],[-80.76594281231662,-1.063750441201122],[-80.7659334283172,-1.063766449516535],[-80.76592494665411,-1.063783518233379],[-80.7659177836643,-1.063799221827409],[-80.76591179736586,-1.063813139592725],[-80.76591124988789,-1.063814412492874],[-80.7659039394469,-1.063830705048716],[-80.76589689052732,-1.063847468079231],[-80.76586907395034,-1.063881403835651],[-80.7658530672808,-1.063899471693745],[-80.76583127145761,-1.063939348305126],[-80.76581942998726,-1.063956585947551],[-80.76581674580714,-1.063960567418007],[-80.7658124840897,-1.064013638909543],[-80.7658060342454,-1.064095796097476],[-80.76581021909992,-1.064108468839166],[-80.76581927585794,-1.064129178586427],[-80.76582393187189,-1.064151422403654],[-80.76582635718715,-1.064171339109024],[-80.76582692823246,-1.064191280100104],[-80.76582691799642,-1.064195907745386],[-80.76582684071137,-1.064231483164249],[-80.76582963184791,-1.064251385421997],[-80.76583575121688,-1.064272647729183],[-80.76583902226294,-1.064293359748618],[-80.76584006071181,-1.064313080928315],[-80.76583993497354,-1.064371386544678],[-80.76583888922582,-1.064388853906038],[-80.76583640101433,-1.06440440676829],[-80.76583524377573,-1.06441044749954],[-80.76583291401298,-1.064422603147932],[-80.7658279724449,-1.064444430060249],[-80.76582288207072,-1.064460976106872],[-80.76581674753028,-1.064474020804795],[-80.76580930775397,-1.064489018694758],[-80.76580365060651,-1.064524313223629],[-80.76580361054381,-1.064543047270618],[-80.76580356305087,-1.064564957791205],[-80.76580468959692,-1.06458450346183],[-80.76580739638048,-1.064602596271897],[-80.7658123413108,-1.064619606302458],[-80.7658212771004,-1.064635389836923],[-80.76583195678515,-1.064648765138344],[-80.76584351561581,-1.06466083409039],[-80.76584678343369,-1.064676678712573],[-80.7658467327483,-1.064693250476523],[-80.76584303761354,-1.064706227506804],[-80.76583706863751,-1.064716861136873],[-80.76583130367612,-1.064727730009864],[-80.7658272454697,-1.064740013996342],[-80.76582649744861,-1.064754599845173],[-80.76582743805622,-1.064772586667914],[-80.76583201338084,-1.064780206574838],[-80.76583390066855,-1.064783349718581],[-80.76584312111088,-1.064802765728189],[-80.76585260212595,-1.064823315372649],[-80.76586078628084,-1.064842022906802],[-80.76586562593295,-1.064860577287448],[-80.76586577741901,-1.064877987742904],[-80.76586573456984,-1.064897913306837],[-80.76586506093693,-1.064939159468935],[-80.76586502926415,-1.06495390822225],[-80.76586813993812,-1.064967767875416],[-80.76587943259013,-1.064981541300881],[-80.76589066869516,-1.064994271579124],[-80.76590104470492,-1.065005984885616],[-80.76590613893464,-1.065021744603769],[-80.76590639381173,-1.06503880313079],[-80.76590636627914,-1.065058243765648],[-80.76590861817633,-1.065077438490775],[-80.76591503710563,-1.065095363306639],[-80.76592133549086,-1.065114640670672],[-80.76592714054082,-1.065132358258595],[-80.7659286922895,-1.065151110521825],[-80.76592912242118,-1.065168375338573],[-80.76593207029906,-1.065183689770095],[-80.76594058278431,-1.065198957581543],[-80.76595003371685,-1.065213197702036],[-80.76595227403374,-1.065231010917898],[-80.76595223212007,-1.065250450647],[-80.76595106073965,-1.065265226454855],[-80.76594714720493,-1.065278011667729],[-80.76594238795693,-1.065289765434358],[-80.765937366252,-1.065301532751775],[-80.76593323432132,-1.065314081815785],[-80.7659328530524,-1.065328227093758],[-80.765932884479,-1.065340564771461],[-80.76593532653122,-1.065353084482282],[-80.76594291540232,-1.065363394354122],[-80.76596034846736,-1.065381637569047],[-80.7659654613286,-1.065388721922474],[-80.76596815107615,-1.065394359442394],[-80.76596806444999,-1.065434592362422],[-80.76596582617385,-1.065449292996917],[-80.76596043582641,-1.0654627213532],[-80.7659560047277,-1.065485328173637],[-80.7659401971812,-1.065544496599145],[-80.7659361321755,-1.065563486374373],[-80.76593355187643,-1.065584418698322],[-80.76592825605641,-1.065607745610151],[-80.76592683820024,-1.065613237155929],[-80.76592309621077,-1.065627728684831],[-80.76591731260913,-1.065647363394376],[-80.76591136918525,-1.065664771574163],[-80.76590606710668,-1.065687653362815],[-80.76590312195243,-1.065707699032558],[-80.76590186653402,-1.065728391706756],[-80.76590087984997,-1.065749259917325],[-80.76589736418553,-1.065766103737062],[-80.76589046547441,-1.065781383940731],[-80.76588034978319,-1.065797952220464],[-80.76587208365316,-1.065817349703011],[-80.76587346674178,-1.065938992211258],[-80.76587267704738,-1.065957897193059],[-80.76586655717033,-1.065979050902456],[-80.76585908623493,-1.066001914430387],[-80.76585386152428,-1.066023859838751],[-80.76584915283532,-1.066044506107801],[-80.76584922820854,-1.066058096826751],[-80.76584093582966,-1.066068002882915],[-80.76583007970919,-1.066081905798569],[-80.76582041723843,-1.066095616099986],[-80.76581052554441,-1.066097742340986],[-80.76577002045521,-1.06620064668688],[-80.7657642202024,-1.066226495015513],[-80.76573855558746,-1.066340874163473],[-80.76572536252993,-1.066509309513307],[-80.76568718018761,-1.066692729644657],[-80.76568500574479,-1.066707159771724],[-80.76568397427832,-1.066714004808802],[-80.76567146286467,-1.066735291021189],[-80.76565931547744,-1.066756528406472],[-80.76565818297611,-1.0667801017198],[-80.76565938206329,-1.066803087143498],[-80.76566468178368,-1.066823330673287],[-80.76566397737226,-1.066843590027858],[-80.76565969741702,-1.066864245375982],[-80.76564829262531,-1.066907003407053],[-80.7656441978606,-1.066927216360938],[-80.76563629377354,-1.066948945334431],[-80.76562422732128,-1.066969622703468],[-80.76561849232367,-1.066988282126189],[-80.76561880198777,-1.067029587169074],[-80.76561901054933,-1.067052879217002],[-80.76561928387615,-1.067075509014444],[-80.76561953040638,-1.067095917720707],[-80.76561863446368,-1.067117252773244],[-80.76561574854827,-1.067138332542015],[-80.76561220013573,-1.067160273553938],[-80.76560621035094,-1.067184479798982],[-80.76560017205861,-1.067208303343477],[-80.76559210529538,-1.067229873073316],[-80.76558319031406,-1.067247875424755],[-80.76558148049311,-1.06725132770741],[-80.7655695282963,-1.067270591911011],[-80.76555404263264,-1.067292458724594],[-80.76554441371238,-1.067314076284561],[-80.76553953862172,-1.067336225280144],[-80.76553975656692,-1.067354281710536],[-80.76553999773677,-1.067374248912614],[-80.76553864887754,-1.067394384270713],[-80.76553661430219,-1.067413394103738],[-80.76553339946199,-1.067433874921917],[-80.76553007519475,-1.067451327631801],[-80.7655243221463,-1.067470942437566],[-80.76551653856193,-1.067491832743471],[-80.76551524960819,-1.067504263505526],[-80.76551431414963,-1.067513287116924],[-80.76551455264155,-1.067533004615839],[-80.76551503554752,-1.067553587046433],[-80.76551931231738,-1.06757502020551],[-80.76552510551193,-1.067594978786474],[-80.76552730148917,-1.067604802411196],[-80.76552977061567,-1.067615849239175],[-80.76553166283159,-1.06763700265661],[-80.7655319200783,-1.067658308846333],[-80.76553180972763,-1.067679339972827],[-80.76553043334643,-1.067694958963486],[-80.76552992057724,-1.067700774468136],[-80.76552732927765,-1.06772443904579],[-80.76552832878187,-1.067819163368625],[-80.7655316679144,-1.067842784974928],[-80.7655375090662,-1.067870390258065],[-80.765540663584,-1.067898712778373],[-80.76553158663789,-1.068037621976586],[-80.76554037439317,-1.068038021633086],[-80.76553932439975,-1.068063973462671],[-80.76553938563508,-1.06809803257876],[-80.7655385892911,-1.06812158691821],[-80.76553810810859,-1.068149431466935],[-80.76552201343237,-1.068189805196852],[-80.76552158012655,-1.068190774119316],[-80.76551181366685,-1.068212592515764],[-80.76550997410203,-1.068232026677464],[-80.76551057563832,-1.068252784632875],[-80.76551224890515,-1.068269132157724],[-80.76551526627945,-1.068280625055081],[-80.76551568600301,-1.068280974309474],[-80.76552366344733,-1.06828761014296],[-80.76552963184331,-1.068296625237295],[-80.76553016558411,-1.068310589640589],[-80.76553059588112,-1.06832559898821],[-80.76553188367771,-1.068340304415599],[-80.76553265209722,-1.068353133412572],[-80.76554383429814,-1.068365629367477],[-80.76555166036124,-1.068377269198862],[-80.76556272053197,-1.068387001222945],[-80.76557580221753,-1.068395900154542],[-80.76560502430328,-1.06843713142058],[-80.76561904300699,-1.068392716144061],[-80.76567654961949,-1.068357716918655],[-80.7656907950393,-1.06834606792485],[-80.76581780650741,-1.068242204887682],[-80.7659471900979,-1.06812463279357],[-80.76602494711562,-1.068042807676889],[-80.76604250610826,-1.068024329198693],[-80.76606227098617,-1.068003529376213],[-80.7661889378305,-1.067916182871016],[-80.76626034815614,-1.06788323388767],[-80.76637226037995,-1.067861288499003],[-80.76645468754343,-1.067852484633136],[-80.76649177658123,-1.067852029680211],[-80.76650433041172,-1.067852302960873],[-80.76651648849604,-1.067856080194332],[-80.76654151655042,-1.067863391345639],[-80.76655535390609,-1.067863574252129],[-80.76656586568151,-1.067862930894435],[-80.76657836422,-1.06785743929052],[-80.76659102293303,-1.067849504952989],[-80.76660476909008,-1.067843306857455],[-80.76661808609138,-1.067842643810039],[-80.76663197284898,-1.067843268223641],[-80.76664706005845,-1.067848862359511],[-80.766659791387,-1.067855353798208],[-80.7666734496319,-1.067858789161278],[-80.76668685569334,-1.067857110119093],[-80.766702384037,-1.067853272575434],[-80.76671857040117,-1.067848339465201],[-80.76673544882813,-1.067843809008437],[-80.76675495247139,-1.067842511319],[-80.76679061148216,-1.067842074347652],[-80.76680807110075,-1.067842139915854],[-80.7668253022976,-1.067843810440991],[-80.76684252366941,-1.067844658574231],[-80.76686079219348,-1.067845184706727],[-80.7668809123188,-1.067845349996858],[-80.76690238700051,-1.067845101932889],[-80.76692364415382,-1.067845032082147],[-80.76694503789163,-1.067845447171962],[-80.76698819217818,-1.067845065053461],[-80.76700832222173,-1.067844818695619],[-80.76703042428329,-1.067844548060563],[-80.76705758042765,-1.067844214480402],[-80.76707975529398,-1.067843942945856],[-80.7671276985262,-1.067843297012104],[-80.76715240722274,-1.067842361605216],[-80.76717479272116,-1.06783800255792],[-80.76717513158216,-1.067837936539107],[-80.76719508930525,-1.067834323701163],[-80.76721777569057,-1.067832869734644],[-80.76725730325057,-1.067832208681864],[-80.76727837977288,-1.067831715405603],[-80.76729865185294,-1.06783117230826],[-80.76731796396771,-1.067830935837961],[-80.76733509913277,-1.067830726343303],[-80.76735134784703,-1.067833335890811],[-80.76736668501424,-1.067837824473727],[-80.76738197705903,-1.067844725943274],[-80.76739770764566,-1.067852738443165],[-80.76740909014359,-1.067855246291103],[-80.76742166371153,-1.067856018975306],[-80.76743646193658,-1.067855837348546],[-80.76745086120233,-1.067854087810318],[-80.7674675279158,-1.067844118152209],[-80.76748540981589,-1.067834429049924],[-80.76750494285969,-1.067824645077465],[-80.7675234421385,-1.067816447906367],[-80.7675400464969,-1.067810950277519],[-80.76755966537903,-1.067807135658555],[-80.76757794114204,-1.067807029387524],[-80.76758777103447,-1.067814056196639],[-80.76760032272038,-1.067818961642729],[-80.76761371520688,-1.067818518443815],[-80.76763037619779,-1.06781293125141],[-80.76764731072898,-1.067803370546272],[-80.76766492740282,-1.067794654902059],[-80.76768479820811,-1.067787470216658],[-80.76770499436198,-1.067780619397809],[-80.76772564718414,-1.067772881082462],[-80.76774637915453,-1.067764450661628],[-80.76776720555321,-1.067755327231751],[-80.76778710243948,-1.067747936271203],[-80.76780649924126,-1.067745066162061],[-80.76782259806323,-1.067744869251868],[-80.76783811809278,-1.067744017279836],[-80.76785382366931,-1.06773797222472],[-80.7678727471034,-1.067730945792079],[-80.76788873898862,-1.067730441268353],[-80.76790587362,-1.067725363468028],[-80.76792328357905,-1.067716444244184],[-80.76794153290763,-1.067709264862017],[-80.76795950003331,-1.067701720855808],[-80.76797751941633,-1.067692499501135],[-80.76799594955477,-1.067683362316586],[-80.76801148361436,-1.0676752011057],[-80.76802790099441,-1.06766999930332],[-80.76804481086776,-1.067665616310563],[-80.76806108620612,-1.067660784528016],[-80.76807826192729,-1.067659117526929],[-80.76809107473646,-1.067657828367828],[-80.76810199521353,-1.067648694231323],[-80.76811077215042,-1.067637542404725],[-80.76811822160583,-1.067625333763502],[-80.76813343585685,-1.067614867299071],[-80.76815092585525,-1.067605344630962],[-80.76816595402984,-1.067595145044805],[-80.76818101462801,-1.067584063358268],[-80.76820053614043,-1.067572192188848],[-80.76823420026486,-1.067553087944916],[-80.76826083704049,-1.067538732046827],[-80.76828252826535,-1.067527450919272],[-80.76830381767203,-1.067516763257885],[-80.7683243637397,-1.067506247436881],[-80.76834417191868,-1.067495136253527],[-80.76836073714908,-1.067483992254182],[-80.76837937694573,-1.067471719320466],[-80.76839604991144,-1.067462221016129],[-80.76841624177297,-1.067452635220477],[-80.76843723709538,-1.06744420119513],[-80.76845805884471,-1.067437107952642],[-80.76850098202873,-1.06742609622944],[-80.76852120497801,-1.067421466495787],[-80.76854304118513,-1.067418551330135],[-80.76856347602687,-1.067416992234612],[-80.76858363045778,-1.06741514270233],[-80.7686026741313,-1.067410791532836],[-80.7686215812991,-1.067404897803897],[-80.76863986115443,-1.067398126448168],[-80.76870778037993,-1.067389876012669],[-80.76875718877098,-1.067400188140994],[-80.76880739463657,-1.067407572652399],[-80.7688549784468,-1.067429553730207],[-80.76888149998152,-1.067441805656202],[-80.76894055906507,-1.067463690795748],[-80.76897675624619,-1.067478313821283],[-80.76900914657321,-1.067485472611864],[-80.769034891127,-1.06749103497225],[-80.76905935690465,-1.06749327419621],[-80.76910524271983,-1.067492809018773],[-80.76920648609165,-1.067516649728987],[-80.7692535721107,-1.067524550593618],[-80.76934786102296,-1.067540004012159],[-80.76937932343084,-1.067539618261989],[-80.76940251396871,-1.067539334120625],[-80.76941378251536,-1.067539196548822],[-80.76942495222417,-1.067538621084651],[-80.76943570765451,-1.067536989779896],[-80.76944733326447,-1.067533753566039],[-80.76945762772255,-1.067530462063687],[-80.76946805071627,-1.067527116287721],[-80.76947964380746,-1.067526043258823],[-80.76949122424583,-1.067525901186642],[-80.76950291074535,-1.067525758217698],[-80.7695409255747,-1.067525292439981],[-80.76955278285061,-1.067525147674317],[-80.76956516146306,-1.067524740578861],[-80.76958878896546,-1.067522619885693],[-80.76960085660886,-1.067521897019049],[-80.76961217011181,-1.067521556792386],[-80.76962358159618,-1.067521085388591],[-80.76963419680656,-1.067519502927482],[-80.7696445307871,-1.067516555221374],[-80.76965594870704,-1.067514151334152],[-80.76966896639648,-1.067513553390341],[-80.76968189685508,-1.06751356069816],[-80.76973185028152,-1.067519295870056],[-80.76974445166199,-1.067520771514793],[-80.76975605171948,-1.067522715729439],[-80.76976928217141,-1.067525593738793],[-80.76978201916143,-1.067528584801039],[-80.76979509241846,-1.067530131954058],[-80.76980825297598,-1.067530136564542],[-80.76981892650194,-1.067530006184143],[-80.76983138508962,-1.067529870509887],[-80.76984526741323,-1.067529718657866],[-80.76985654764496,-1.06752958018059],[-80.76986806415613,-1.067530932701032],[-80.76987842636237,-1.067535203764066],[-80.76988835431933,-1.067541062579537],[-80.7698974823916,-1.067546017518524],[-80.76990574239575,-1.067548358653525],[-80.76991575514933,-1.067550084710305],[-80.76992596666793,-1.067550126191733],[-80.7699479636659,-1.067548558157441],[-80.76997400347446,-1.067548238942152],[-80.76998753703458,-1.067548363907861],[-80.77001488794977,-1.06755175052767],[-80.77004189016208,-1.067554597002669],[-80.77005504957813,-1.067557873082734],[-80.77006655868642,-1.067562088138814],[-80.77007858813327,-1.067567376233001],[-80.770088961203,-1.067570609581367],[-80.77014292475359,-1.067569960433389],[-80.77015334571061,-1.067569832747026],[-80.7701644631747,-1.067570787159227],[-80.77017695123475,-1.067573200084553],[-80.77018887479946,-1.067576082517533],[-80.7702010652645,-1.067579638082904],[-80.77021325212517,-1.067583316689962],[-80.77022502374219,-1.067586829701881],[-80.77023797192642,-1.06759022699795],[-80.77025028836067,-1.067591978559136],[-80.77026169515979,-1.067594091035502],[-80.77027029839977,-1.067597981077597],[-80.77027261908148,-1.067599030728346],[-80.77028199515073,-1.067605050541516],[-80.77029002116501,-1.067611388714937],[-80.77029815334872,-1.067616267581499],[-80.77030811028622,-1.067619204149437],[-80.77031810510587,-1.067620367467256],[-80.77032899794013,-1.067620304955724],[-80.7703404605971,-1.067620656849158],[-80.77035072146188,-1.067621906135329],[-80.7703610855273,-1.067625364757717],[-80.77037089573992,-1.067631225372423],[-80.77037989702754,-1.067636881459379],[-80.77038787383593,-1.067640132721152],[-80.77039587601674,-1.067640615538849],[-80.77040375869719,-1.067640518421427],[-80.77041676284682,-1.067640709390119],[-80.77045242918942,-1.067650573528226],[-80.77046407395181,-1.067655723169892],[-80.77047512998227,-1.067660916193915],[-80.770497104468,-1.067672050435718],[-80.7705068292758,-1.067678142652213],[-80.77053665053388,-1.067688581752861],[-80.7705476781942,-1.067688488490205],[-80.77055753539771,-1.067690957309253],[-80.77056566315167,-1.067694977594741],[-80.77057149076369,-1.067699742292803],[-80.77057794681004,-1.067702383658016],[-80.77058659168152,-1.067702431352757],[-80.77059414821758,-1.067700608002866],[-80.77060226199724,-1.067699140250127],[-80.77060912366957,-1.067698314755205],[-80.77061867276873,-1.067698197858547],[-80.77062837628186,-1.067700556289878],[-80.77063549634613,-1.067706058432407],[-80.77064087170561,-1.067712779103047],[-80.77065173558769,-1.067727415589061],[-80.77065796482589,-1.06773417341735],[-80.77066498515875,-1.067739166194443],[-80.77067412592032,-1.067742723338654],[-80.77068306992318,-1.067745155899956],[-80.7706924345257,-1.067748253462668],[-80.77070197251334,-1.067752534413401],[-80.77073087292173,-1.067769143640064],[-80.77074081002661,-1.067772886311644],[-80.77075004084382,-1.067774106568265],[-80.77075976339682,-1.067774248434375],[-80.77076948220535,-1.067776405113747],[-80.77077881250136,-1.067781548247723],[-80.77078746315969,-1.067788417538168],[-80.77079535609668,-1.067795474953712],[-80.77081297091316,-1.067811772108911],[-80.77082205017471,-1.067820468063033],[-80.77083060180681,-1.067829443536311],[-80.77085593928925,-1.067858121472014],[-80.77086426804672,-1.067866649091684],[-80.77087351364975,-1.067874548903774],[-80.77089273027747,-1.067889379626209],[-80.7709022024763,-1.067896031845052],[-80.7709117915643,-1.067902114098473],[-80.7709227531167,-1.067908706717404],[-80.770934234214,-1.067914955581358],[-80.77095427442126,-1.067926308617984],[-80.77096635850248,-1.06793426292603],[-80.7709922406885,-1.067950595079893],[-80.77099918547961,-1.067956152396675],[-80.77100481787754,-1.067963225022623],[-80.77100868229986,-1.06797018352114],[-80.7710115787797,-1.067975932335202],[-80.77101632942444,-1.067983117080431],[-80.7710209248008,-1.067987221239207],[-80.77102653857791,-1.067990856828857],[-80.77103242204988,-1.067993842849091],[-80.77103893923979,-1.06799618113665],[-80.77104427904285,-1.06799756214113],[-80.7710564352055,-1.068003150609059],[-80.77109444749412,-1.068025010611933],[-80.77109683736236,-1.068026377824395],[-80.77112432184575,-1.068034683413302],[-80.77116763783779,-1.068047771638589],[-80.77123080437705,-1.068072364877466],[-80.77124647304711,-1.068079202122789],[-80.77125942377538,-1.068084715557745],[-80.77127141909945,-1.068089629995782],[-80.77128290298332,-1.068094681913053],[-80.77129190973957,-1.068099359995017],[-80.77130881051248,-1.068108678077266],[-80.77131781101208,-1.068112882084932],[-80.77132721446013,-1.068113354148736],[-80.77133794191865,-1.0681132219581],[-80.77134886891598,-1.068113087972904],[-80.77137770497153,-1.06811273548135],[-80.7713871020631,-1.068114084219161],[-80.77139651705318,-1.068116487862923],[-80.77140542686074,-1.068119489489376],[-80.77141446424335,-1.068123272804286],[-80.77142451370041,-1.068127056194939],[-80.77143239345716,-1.068130058648947],[-80.77144037559218,-1.06813424629506],[-80.77144789593031,-1.068135754123091],[-80.77145487799136,-1.068135668697209],[-80.7714641232765,-1.068135739052693],[-80.77147391487723,-1.068138091155319],[-80.77149357240508,-1.068146532768395],[-80.77151333963633,-1.068154339275438],[-80.77152299898019,-1.068158452859777],[-80.77153255858619,-1.068162141217769],[-80.77154291733342,-1.068164639927446],[-80.77155415789969,-1.068166138081651],[-80.77156573823703,-1.068167418223467],[-80.77157631375093,-1.068167881327085],[-80.77158628080423,-1.068167770792002],[-80.7715967044091,-1.068168342450662],[-80.7716289538155,-1.068173121789627],[-80.77163825102562,-1.068175994974069],[-80.77164706720552,-1.068181037643456],[-80.77165569728567,-1.068186669272265],[-80.77166138006878,-1.068193077835971],[-80.77166551772567,-1.068200163015419],[-80.77166992946121,-1.068208092320063],[-80.77167605707234,-1.068215710528989],[-80.77168470498037,-1.06822335697268],[-80.77169358581148,-1.068229269988379],[-80.7717022625961,-1.068235369361389],[-80.77170900959739,-1.068241616964272],[-80.7717133422896,-1.068248829723942],[-80.77171571199743,-1.068255438887917],[-80.77171818423506,-1.068261181336865],[-80.77172204965835,-1.06826678275354],[-80.77172634115162,-1.06827200512393],[-80.77173175084967,-1.068276289382297],[-80.77173943381473,-1.068278618708518],[-80.7717485279113,-1.06828122227067],[-80.77175779628354,-1.068285126834638],[-80.77176717060584,-1.068290535957516],[-80.77177541428641,-1.068294898233646],[-80.77178556612752,-1.068299805294458],[-80.7717950889653,-1.068302373604453],[-80.77180511344939,-1.068303543253236],[-80.77181637842597,-1.068303126114102],[-80.77182807408067,-1.068300783760861],[-80.77183919018779,-1.068295823101664],[-80.77184793697012,-1.068291241343474],[-80.7718559950105,-1.068289963574856],[-80.77186618762585,-1.068290436600847],[-80.77187448168618,-1.068294181860793],[-80.77188244849258,-1.068299045331443],[-80.77188861852274,-1.068304309459208],[-80.77189673005863,-1.068308915999864],[-80.7719041197849,-1.068314267071969],[-80.7719088462367,-1.068320467478102],[-80.77191579825045,-1.06832562762132],[-80.7719236043896,-1.068327481977832],[-80.77193267958376,-1.068330459187877],[-80.77194343276808,-1.068334955549815],[-80.77195281981257,-1.06833849190069],[-80.77196401164382,-1.068342698784605],[-80.77197658744491,-1.068349853352913],[-80.7719847744111,-1.0683554243316],[-80.77199249207636,-1.068362561347286],[-80.7720007337904,-1.068369222518854],[-80.77200928475705,-1.068375103844019],[-80.77201671404077,-1.068380335495661],[-80.77202583496907,-1.068384752120025],[-80.77203389361807,-1.068387415315755],[-80.77204124942992,-1.068389505770554],[-80.7720476138912,-1.068390904039745],[-80.77206309478159,-1.068396789501122],[-80.77207137069622,-1.068402839988408],[-80.77207897861624,-1.068411187512481],[-80.77208359719046,-1.068417650279443],[-80.77208773109129,-1.068426934835088],[-80.77209105699731,-1.068435582406806],[-80.77209235829089,-1.06843832199921],[-80.7720947604717,-1.068443378664242],[-80.7720995226953,-1.068452044437649],[-80.77210483419759,-1.068459382121574],[-80.77211655200868,-1.068473511119677],[-80.7721346129863,-1.068497483051146],[-80.77214144075226,-1.068505507531484],[-80.7721486515219,-1.068512105295383],[-80.77215554685522,-1.06851801816191],[-80.77216314588142,-1.068525090933292],[-80.7721760223239,-1.068538564999741],[-80.77218262746038,-1.068542810443731],[-80.77218961206022,-1.068544882776138],[-80.77219732483212,-1.068545250668507],[-80.77220627705968,-1.068545905449909],[-80.77221429346247,-1.06854859849787],[-80.77222113855653,-1.068553226656718],[-80.77222643934151,-1.068559639714863],[-80.77223142380157,-1.068565227643816],[-80.77223721096982,-1.06857001043096],[-80.77224383422524,-1.068572323392118],[-80.77225628652339,-1.068572241991646],[-80.7722640513246,-1.068574002253413],[-80.77227213423086,-1.068576825586035],[-80.77227878253426,-1.068580756190187],[-80.77228549012163,-1.068585207918034],[-80.77229180759768,-1.068589960888872],[-80.77229896894264,-1.068596422940644],[-80.77230577969665,-1.068603564411802],[-80.77231183634196,-1.06861065606698],[-80.77231698521861,-1.068617171347185],[-80.7723216999878,-1.068623360895415],[-80.77232634375346,-1.06862950339287],[-80.77233181620228,-1.068636074789865],[-80.77234209698055,-1.068647713887984],[-80.77234554635007,-1.06865196271518],[-80.77236105903533,-1.068665521116856],[-80.77237636139843,-1.068679048742226],[-80.7723842571299,-1.068684861258973],[-80.77239151113966,-1.068690159846298],[-80.77239788067459,-1.068695908013993],[-80.77240411174274,-1.068702309379987],[-80.77241617925655,-1.068715645867854],[-80.77242248221718,-1.068722229992815],[-80.77244224220792,-1.068743022860247],[-80.77244972163079,-1.068750926156156],[-80.77245648653845,-1.068758163524095],[-80.77248310484623,-1.068787128343118],[-80.77248968189255,-1.068794467930474],[-80.77250238663218,-1.068808353631326],[-80.77250949126761,-1.068815965579063],[-80.77251563421224,-1.068822901628451],[-80.77252188046575,-1.068830595841746],[-80.77253873436608,-1.068854067371191],[-80.77254992455495,-1.068868421604563],[-80.77255511031218,-1.068874556904447],[-80.77256705382494,-1.068887414785323],[-80.77258001735333,-1.068902292079514],[-80.77260353299727,-1.068930294043568],[-80.77265601550317,-1.06898826795522],[-80.77270635524975,-1.069045794774524],[-80.77275729999252,-1.069102145501077],[-80.77279199614553,-1.069141751344546],[-80.77279831529964,-1.069148158144941],[-80.77280359996719,-1.069153765094867],[-80.77280844066719,-1.069158678090702],[-80.77281395821728,-1.069163097159205],[-80.7728195485969,-1.069167177867499],[-80.77282523699544,-1.069170617135825],[-80.77283314902205,-1.069174876247018],[-80.77285414922136,-1.069185791460825],[-80.7728825976179,-1.069201468776029],[-80.77289222602418,-1.069210798976414],[-80.77291662257946,-1.069237990374575],[-80.77300117089499,-1.069292107129556],[-80.77308572011256,-1.069346224787637],[-80.77316680966884,-1.06940162508117],[-80.77323395956334,-1.069466764563771],[-80.77326746241762,-1.069514147297568],[-80.7732902766775,-1.069546412252123],[-80.77334447325349,-1.069604512040357],[-80.773400376859,-1.069648147274179],[-80.77345388378903,-1.069697432312481],[-80.77353994359919,-1.069793098485633],[-80.77357608375215,-1.069826267340503],[-80.77358609866671,-1.069835459145892],[-80.77383866093743,-1.070067256584323],[-80.77389759050182,-1.070116294126507],[-80.77406088534201,-1.070211917164301],[-80.77418599235062,-1.070264228365346],[-80.77429728204241,-1.07034943058045],[-80.7743506065223,-1.070374345121536],[-80.77441273426038,-1.070396804900454],[-80.77454159681302,-1.070433476453189],[-80.77457299466073,-1.070443826976856],[-80.77468144769837,-1.070479581436587],[-80.77476350474939,-1.070518586414295],[-80.77480608102584,-1.070544581295991],[-80.7748672925773,-1.070571068817955],[-80.77510989301248,-1.07065950785146],[-80.77522933775832,-1.070707931916871],[-80.77549641048023,-1.070821263419745],[-80.77564194144662,-1.070886950570369],[-80.77574706406202,-1.070939406811192],[-80.77580504420095,-1.070955727727238],[-80.77584195158931,-1.070957301040025],[-80.7758753864968,-1.070975717292029],[-80.77592507564523,-1.070995364255907],[-80.77601477370503,-1.07102099165526],[-80.77620487884953,-1.071115861131446],[-80.77640739490298,-1.071224029102723],[-80.7764461337434,-1.071242918003762],[-80.77659909379183,-1.071317502691514],[-80.77669509950414,-1.071372277942288],[-80.7768469499474,-1.071453368389555],[-80.77690950319564,-1.071483864796278],[-80.77695864878852,-1.071512961520426],[-80.77703239598935,-1.071543522075828],[-80.77715133369519,-1.071619319289965],[-80.77717580876005,-1.071630574910245],[-80.77720478408779,-1.071643900862171],[-80.77730721517226,-1.071691008150438],[-80.77736962625093,-1.071723806150274],[-80.77741663856703,-1.071758116621623],[-80.77747946486203,-1.071803967969387],[-80.77759605014262,-1.071857974785075],[-80.7776478146145,-1.071891351023979],[-80.77768706460488,-1.07192685606195],[-80.77769918176224,-1.071937816741553],[-80.77778991063764,-1.07202838507078],[-80.77785366683476,-1.072067214938599],[-80.77799472052128,-1.072137943684396],[-80.77806986901392,-1.072181047379047],[-80.77808020981966,-1.072183376886244],[-80.7782442722556,-1.072220334052389],[-80.77834853072208,-1.072254503930324],[-80.77839107495318,-1.072264512343907],[-80.77845244226752,-1.072275862020348],[-80.77860460591246,-1.072290127889815],[-80.77908542172402,-1.072283128639782],[-80.77919597184564,-1.072281519024898],[-80.77919660641629,-1.072281510023757],[-80.77922773841209,-1.072277122575116],[-80.779241330775,-1.072272369250527],[-80.77926762219342,-1.072261129090023],[-80.77931864591096,-1.072233879868364],[-80.7793327676555,-1.072229484851349],[-80.77943411212183,-1.072226417958078],[-80.77946327346828,-1.072227982526357],[-80.7794898468729,-1.072232712527125],[-80.77951940225054,-1.072242005254068],[-80.77956487185538,-1.072256301338982],[-80.77962960305756,-1.072273538258841],[-80.77965973758945,-1.072278491982431],[-80.77987246276287,-1.072272923443705],[-80.78013138757264,-1.072304336911031],[-80.78031685710641,-1.072307089808916],[-80.78042896011972,-1.072322115375727],[-80.78048704494158,-1.072320882813969],[-80.78056567707524,-1.072304443364914],[-80.78061622426151,-1.07230452662661],[-80.78065852850308,-1.072314786505416],[-80.78070034738823,-1.072324928734901],[-80.7807945875704,-1.072359579124836],[-80.78089600659293,-1.072369984397156],[-80.780930796138,-1.072375001774603],[-80.78096981164012,-1.072384465257656],[-80.78124150909531,-1.072512805088678],[-80.78130973886364,-1.072538210053722],[-80.78136355770974,-1.072551918645757],[-80.78143938507836,-1.072567000376736],[-80.78165502331717,-1.072625795628568],[-80.78172307153842,-1.072638403285737],[-80.78179103461054,-1.072647646275826],[-80.78194597600286,-1.072657510713825],[-80.78218325618704,-1.072690579010398],[-80.78222450925885,-1.072694608881235],[-80.78230802657397,-1.0727027673084],[-80.78236006335834,-1.072699551129375],[-80.78243347518644,-1.072695012871279],[-80.78253961497943,-1.072678314779338],[-80.7825887452833,-1.072670585636899],[-80.78263262949787,-1.072670626772734],[-80.78265408766909,-1.072675869359102],[-80.78270647151183,-1.072696555944518],[-80.78276702720696,-1.072695478224446],[-80.78288617134267,-1.072663954470698],[-80.7829486577922,-1.072649000263993],[-80.78303070569339,-1.072629365517159],[-80.7830761896872,-1.0726184804371],[-80.7831056189582,-1.072606394550235],[-80.78323232185076,-1.072554360375563],[-80.78333392735048,-1.072508101959414],[-80.7833514271288,-1.072500135322301],[-80.78336960104718,-1.072491861127745],[-80.78342877167198,-1.072464921825627],[-80.78344976169787,-1.072455365840412],[-80.78356035309456,-1.072416893185277],[-80.78356335793887,-1.072415848445573],[-80.78367397271852,-1.072364349604356],[-80.78378725107106,-1.072307741984176],[-80.78385665107639,-1.072269942215186],[-80.78391407445514,-1.072229098109617],[-80.78396003661574,-1.072179763280133],[-80.78401246469666,-1.072133605386639],[-80.78406088407812,-1.072099422104145],[-80.78411230593603,-1.072072314862339],[-80.78431884329301,-1.071994652817082],[-80.78451433726897,-1.071897195566336],[-80.78460407508055,-1.071844840243543],[-80.784807769004,-1.071696057779619],[-80.78482499012941,-1.071688236772758],[-80.7848785896346,-1.071663894498897],[-80.78497149393566,-1.071651035920496],[-80.78499826658211,-1.071647330262039],[-80.78508629456289,-1.071624399067758],[-80.78516720311094,-1.07158630784977],[-80.78526049174285,-1.071527047917272],[-80.78528466191,-1.071515908878055],[-80.78529652750547,-1.071512851755372],[-80.78533308183144,-1.071512403782066],[-80.78539679988698,-1.071519796233304],[-80.78547088039944,-1.071515587261104],[-80.78569103143879,-1.071448818918043],[-80.78584717488398,-1.071440966064614],[-80.78594840024869,-1.071444645450057],[-80.78606282059864,-1.071470781860555],[-80.78616718993348,-1.071502131473181],[-80.78629316988838,-1.071517947620862],[-80.78645187651954,-1.071526973407998],[-80.78660332195402,-1.071530149651011],[-80.78665311911702,-1.071523184973842],[-80.78661646284779,-1.07154201328558],[-80.78639491717014,-1.07165580632882],[-80.78620372103497,-1.071720010965876],[-80.78605206970862,-1.07178241073548],[-80.7859674846994,-1.071837323212719],[-80.78589230628512,-1.071899454219675],[-80.7857903594479,-1.071943226533762],[-80.78554033913375,-1.071989831950916],[-80.78528274978444,-1.07203685207908],[-80.78508148369981,-1.07205497301635],[-80.78501142256813,-1.072048465830875],[-80.78494790854523,-1.072053848055489],[-80.78489456768482,-1.072068314404618],[-80.78483542902835,-1.072113928103875],[-80.78477825263337,-1.072170567784582],[-80.78475736539838,-1.072239884279],[-80.78474267321793,-1.072329843343255],[-80.78470775267999,-1.072411302019148],[-80.78467315517005,-1.072500583846093],[-80.78466127270593,-1.072539173006604],[-80.78465651144327,-1.072580437933539],[-80.78465779558027,-1.072648791562713],[-80.78466980327202,-1.072696065934366],[-80.78466442901207,-1.072724446675295],[-80.78464920551744,-1.072751566441141],[-80.78459855208979,-1.072818025522366],[-80.78455906635642,-1.072900230266313],[-80.78454253117417,-1.072970183989511],[-80.78449530786037,-1.073187843123009],[-80.7844734153913,-1.073287558191581],[-80.78445327512968,-1.073343053299425],[-80.78441832728853,-1.073403334239131],[-80.78438049147034,-1.073451505272757],[-80.78435161714937,-1.07352230131815],[-80.78434615309354,-1.073562192825719],[-80.78434339698565,-1.073617935250198],[-80.7843424785041,-1.07369322250868],[-80.78433149320433,-1.073768172495917],[-80.78430348025967,-1.073834584319528],[-80.7842138954774,-1.073972421358064],[-80.78416945311935,-1.07402291976635],[-80.78412604414072,-1.074064428027441],[-80.78407107725626,-1.074091866138431],[-80.78398595631015,-1.074148787888433],[-80.78389158949507,-1.074239123968695],[-80.78382061091993,-1.074330693941292],[-80.78381073253306,-1.074398862208227],[-80.78378929661186,-1.074562751921249],[-80.78378199324993,-1.074696357986483],[-80.78378134646677,-1.074857236456438],[-80.78389412304738,-1.075061004101599],[-80.78395653904667,-1.075153930703365],[-80.7840782287169,-1.075404377192456],[-80.78414011130533,-1.075528847781925],[-80.78418006778011,-1.075655659135037],[-80.78420555084253,-1.075777123457456],[-80.78421904281626,-1.075909324163717],[-80.78423336847132,-1.07603483813125],[-80.78422286664319,-1.0761875905973],[-80.78418941819477,-1.076296194628398],[-80.78411797614733,-1.076459132632607],[-80.78405375632538,-1.076670784078601],[-80.78401762139832,-1.076803132334533],[-80.78400976712244,-1.076910041832249],[-80.78404954586973,-1.077135611691276],[-80.78406300572887,-1.077340786341722],[-80.78406863433268,-1.077427963916193],[-80.78408040573666,-1.077550286747751],[-80.784090320424,-1.077783819646882],[-80.78406152338665,-1.077917689260744],[-80.78399931820321,-1.07805956508507],[-80.78396184729914,-1.078145026038712],[-80.78391011004189,-1.07828400116432],[-80.78383176329649,-1.078444558331171],[-80.78371650553618,-1.078653152670057],[-80.78362283456076,-1.078840763527296],[-80.78354990595068,-1.078975289512002],[-80.7835215131874,-1.079085904176239],[-80.78346515291345,-1.079191106600618],[-80.78338017195553,-1.079312405588496],[-80.7833246542933,-1.079411657714473],[-80.78332637546204,-1.079514442358359],[-80.78332692637407,-1.09779872352712],[-80.82374789561749,-1.097800581230175],[-80.82369339861529,-1.097934870662925],[-80.82367683994775,-1.097971365330451],[-80.82367423759563,-1.097975231965151],[-80.82366064963206,-1.097995418259018],[-80.82362980645435,-1.098020546938741],[-80.82360306976386,-1.098035233540713],[-80.82348622638747,-1.098086243065268],[-80.82339767400958,-1.098134051544875],[-80.82321206718493,-1.098260027801913],[-80.82318028563725,-1.09828482891001],[-80.823163105229,-1.09830158789353],[-80.82307603135055,-1.098411770815176],[-80.82301604757937,-1.098473744432155],[-80.8229918974488,-1.098493178266835],[-80.8228877016129,-1.098558345633222],[-80.82286336994761,-1.098577248382952],[-80.82284103078626,-1.098599750242116],[-80.82280297839193,-1.098649489679005],[-80.82277787948158,-1.098692776494516],[-80.82274426771497,-1.098766447041257],[-80.82270668959966,-1.098867042831529],[-80.82267102829154,-1.098944008257931],[-80.82264941617707,-1.098983546105018],[-80.82258240086783,-1.099074860382629],[-80.8224710365076,-1.099205805234305],[-80.82236289109564,-1.09934805117598],[-80.82233969146615,-1.099375179734906],[-80.8222845213889,-1.099429222811906],[-80.82224405206357,-1.099462809157359],[-80.82216869737556,-1.099507971159497],[-80.82211968335781,-1.09953256584707],[-80.82201785091725,-1.099575594727952],[-80.82180326305486,-1.099682430608894],[-80.82176316295114,-1.099704088187565],[-80.82155453493009,-1.099831388348946],[-80.82151132352112,-1.099860358617235],[-80.82147223008143,-1.099897597401707],[-80.8214355058954,-1.099951205492275],[-80.82142381528365,-1.099972471221236],[-80.82141750281271,-1.099986809805429],[-80.8213702561323,-1.100143394710344],[-80.82135106977633,-1.100231130029741],[-80.82134107105239,-1.100292979046287],[-80.82134195047541,-1.100332215152136],[-80.8213457209309,-1.100349968770502],[-80.82137121065865,-1.100416027795333],[-80.82138754637973,-1.100441318518449],[-80.82147975347651,-1.10054538085852],[-80.82149342262555,-1.100566128803493],[-80.8215027331815,-1.10060438288761],[-80.82150491741398,-1.100663795313309],[-80.82149559735585,-1.100694651254983],[-80.82146990415576,-1.100755084338829],[-80.82144239773913,-1.100804858764221],[-80.82136493410711,-1.100914317507218],[-80.82133158929378,-1.100956699082516],[-80.82127102230847,-1.101045173777081],[-80.82122193625796,-1.101131697673921],[-80.82118749710612,-1.101241989542288],[-80.82117758312161,-1.101359820142847],[-80.82116850035743,-1.101405623035106],[-80.82115914541973,-1.101433429149353],[-80.82109524079428,-1.101541136249779],[-80.82102964813379,-1.101634067300594],[-80.82097625902122,-1.101740983399395],[-80.82094045181634,-1.10182127183144],[-80.82091291842376,-1.101870883396685],[-80.82082954782221,-1.102006612217721],[-80.82082844662168,-1.102008739156133],[-80.82080866007101,-1.102046944434136],[-80.82079509412561,-1.102089075684049],[-80.82075819594932,-1.102240771162101],[-80.82073510734813,-1.1023194861409],[-80.82071544658388,-1.10237350237405],[-80.82070449663186,-1.102424218703291],[-80.82069510752963,-1.102497100853995],[-80.82069600686802,-1.10260889216913],[-80.82070666594052,-1.102672655921495],[-80.82075133784166,-1.10287186337446],[-80.82075837489616,-1.102930799302442],[-80.8207598611231,-1.102998374099201],[-80.82074607531442,-1.103109618975807],[-80.82074399729814,-1.103168162605897],[-80.82074862695126,-1.103247442001603],[-80.82075647962954,-1.103300027724472],[-80.82076731842307,-1.103349566519512],[-80.82089238281203,-1.103809287659573],[-80.82093871081912,-1.103971216984121],[-80.82095044124944,-1.104005936461405],[-80.82095897957917,-1.104031210431302],[-80.82096298102837,-1.10407911578595],[-80.82096264525443,-1.104102634959077],[-80.82095237136453,-1.104165962270883],[-80.82094421716508,-1.104195309199199],[-80.82092664948962,-1.104239089516255],[-80.82089286628823,-1.104291575909357],[-80.82087193177209,-1.104316981086427],[-80.820790144848,-1.10439241921182],[-80.82068818508829,-1.104502033850451],[-80.82060044678994,-1.104610283215806],[-80.8205614325427,-1.104644591580339],[-80.82049143732347,-1.104691929698419],[-80.82047139927546,-1.10471175911502],[-80.8204595272049,-1.104730753063492],[-80.82045747986513,-1.104742241118288],[-80.82045862402818,-1.104773115782862],[-80.82046237318028,-1.104786324974285],[-80.82048381308448,-1.104831881821696],[-80.82057460008512,-1.104996022283515],[-80.82059501964058,-1.105059432882626],[-80.82065135670709,-1.105317507788882],[-80.82067523079014,-1.10548086521581],[-80.82067699560655,-1.105534122778423],[-80.82067430267763,-1.10554935001646],[-80.82066650811709,-1.105576815139571],[-80.8206523262306,-1.105607501594804],[-80.82063669852326,-1.105631398011965],[-80.8206293813975,-1.105641333240797],[-80.82062678984055,-1.105644851553052],[-80.82061469353522,-1.105655878492584],[-80.82058632340829,-1.105673329788758],[-80.82052916047567,-1.105697004735589],[-80.82047667316274,-1.105707837415338],[-80.8201855636281,-1.105748391105138],[-80.82018468273853,-1.105748885935171],[-80.82017201410804,-1.105755998099056],[-80.82016722384456,-1.105762037741115],[-80.82016183238744,-1.105780885517163],[-80.82016448475919,-1.105812335677285],[-80.82017802233494,-1.105853855168917],[-80.82019761516487,-1.105928711376677],[-80.82022068646486,-1.10604885282676],[-80.82032279351623,-1.106450554478002],[-80.82038759803275,-1.106686631551412],[-80.82041831687202,-1.106832899168481],[-80.82050251153345,-1.107166576281443],[-80.82053105850959,-1.107272656852501],[-80.8205672965049,-1.107384244039437],[-80.82062395854607,-1.107589392643177],[-80.82064532145894,-1.107645029916981],[-80.8206456776479,-1.107655831432709],[-80.82065139947899,-1.107673548981836],[-80.82065677352485,-1.107690189888771],[-80.82066593118623,-1.107714965395289],[-80.82067010743759,-1.107725694765819],[-80.82067447245373,-1.107736275773178],[-80.82067884561597,-1.107745915868605],[-80.82068380840838,-1.107755673613966],[-80.82068905703893,-1.107765300191829],[-80.82069490882144,-1.107774391210086],[-80.82070158843878,-1.107783387282822],[-80.82070988682338,-1.10779302490306],[-80.82071818794017,-1.107802069929548],[-80.8207502060239,-1.107836898306189],[-80.82075880563966,-1.107844532886816],[-80.8208012515658,-1.107872191963978],[-80.82081307264286,-1.107879353570155],[-80.82082368570929,-1.107886072692992],[-80.82083312667478,-1.107893078541821],[-80.82084921499771,-1.107907458291848],[-80.82086513515411,-1.107923237638872],[-80.82087346324668,-1.107932118911734],[-80.82092545357001,-1.10799568342614],[-80.820960676435,-1.108038457278184],[-80.82098594900332,-1.108069068326401],[-80.82100656678185,-1.108094878628378],[-80.82102941915699,-1.108119244222664],[-80.82105294754155,-1.108142220202581],[-80.82107857283799,-1.108166462922782],[-80.82110641742153,-1.108189751294404],[-80.82113445527511,-1.108212712167628],[-80.82116310973858,-1.108235557273531],[-80.82119105433232,-1.108254877533156],[-80.82122246613247,-1.108267689422107],[-80.82125414444008,-1.108272973122283],[-80.82128455750848,-1.10827285735526],[-80.82131312194403,-1.10826814276588],[-80.82134353913605,-1.108259210467466],[-80.8213730149281,-1.10825557164911],[-80.82140213831819,-1.108252896339607],[-80.82147769924381,-1.108250200324235],[-80.8215000700632,-1.108240934597788],[-80.82152583774689,-1.108229029998498],[-80.82155108120094,-1.108220588648962],[-80.82157826036803,-1.108218540193178],[-80.82160471495487,-1.108218453133901],[-80.82163327821459,-1.108218359869142],[-80.82165835488348,-1.108218278154212],[-80.82168484183053,-1.108218158526114],[-80.82171175122927,-1.108218070588705],[-80.82173576560994,-1.108215689906217],[-80.8217595608304,-1.108210697273265],[-80.82178517702052,-1.108206955983107],[-80.82180877337628,-1.108205670894904],[-80.82183405771872,-1.108204886220832],[-80.82185632644662,-1.10820435559134],[-80.82187958656496,-1.108204280097624],[-80.82190265574856,-1.108210587416963],[-80.82192635917811,-1.10822247782373],[-80.82194849582773,-1.108236152250399],[-80.82196963990455,-1.108254123149237],[-80.82198832906603,-1.108275286668942],[-80.82200489044338,-1.108300407320797],[-80.8220179534446,-1.10832722230829],[-80.8220332257168,-1.108355237092837],[-80.82205945468048,-1.108460848871985],[-80.82206927436856,-1.108492832349114],[-80.82207963238741,-1.10852603994978],[-80.82209174784951,-1.108555632381268],[-80.82210396742693,-1.108587739045888],[-80.82211069441682,-1.108616354050056],[-80.82211514004666,-1.108646820885497],[-80.82211594344288,-1.108679699493791],[-80.82211604053481,-1.108709527331413],[-80.82211612789344,-1.108736775801546],[-80.82211631146932,-1.108793444983604],[-80.82211648326661,-1.108851681146191],[-80.8221117102301,-1.108885295862194],[-80.82210388301377,-1.108917729729143],[-80.82209975833615,-1.108946363980962],[-80.82210652297728,-1.108991712754815],[-80.82211591138523,-1.109005950957638],[-80.82213255513504,-1.109021456212275],[-80.82215602117233,-1.109035126195252],[-80.82218572233687,-1.109050636762817],[-80.82222427885502,-1.109066069154494],[-80.82225717156567,-1.109070320629357],[-80.82229167165852,-1.109070207814426],[-80.82231163637596,-1.109074648499387],[-80.8223241613339,-1.109095505849027],[-80.82232475469387,-1.109123519746106],[-80.82232483589047,-1.109148613164521],[-80.82232754380577,-1.10916842496529],[-80.82234091451397,-1.109175156011887],[-80.82236323443857,-1.109175377208103],[-80.8223881098956,-1.109173304179507],[-80.82241425649134,-1.109168173261693],[-80.82243729567219,-1.109165273204368],[-80.82246023572202,-1.10916671671886],[-80.8224715618973,-1.10918312004145],[-80.82248084823787,-1.109205767643161],[-80.82248756580888,-1.109226593881203],[-80.82249807034937,-1.109244632894402],[-80.82251596170528,-1.109259872233935],[-80.82253880674676,-1.109271911865022],[-80.8225641078669,-1.109276334776155],[-80.82258652899564,-1.109282694526541],[-80.8226065572634,-1.109291657022254],[-80.82262918431569,-1.10929651403886],[-80.82264891223018,-1.109292759721214],[-80.82266822387889,-1.109275650753133],[-80.82268570395995,-1.109254108528788],[-80.82269984983317,-1.109239596710395],[-80.82271295461683,-1.109229039376061],[-80.82278538218921,-1.109211804233581],[-80.82281801507685,-1.109217103356841],[-80.8228622789998,-1.109236260832049],[-80.82286047118768,-1.116187322663208],[-80.83239567141504,-1.125027708111887],[-80.8324016635042,-1.125020666991617],[-80.8324288279338,-1.124996226538926],[-80.83245196953654,-1.124980624101937],[-80.8324834281911,-1.12496400433082],[-80.83253600558496,-1.124939949852774],[-80.83259950733601,-1.124919045348506],[-80.83268138826084,-1.124904576300409],[-80.83280441439284,-1.124878323783221],[-80.8329545186728,-1.124858996673339],[-80.8330269204523,-1.124843567156674],[-80.8332031679802,-1.124832995648262],[-80.83334973058264,-1.12483364461977],[-80.83344198830373,-1.124841077704758],[-80.83380030130283,-1.124840630521902],[-80.83389181861634,-1.124843897296117],[-80.8340692401306,-1.124863511919813],[-80.83415105556867,-1.124878556733265],[-80.8342268189366,-1.124896456507656],[-80.83428921197331,-1.12491510191343],[-80.83437478633144,-1.124946887045169],[-80.83449656533313,-1.124992120250695],[-80.83474659642808,-1.125121463915477],[-80.83497357246262,-1.125230490669964],[-80.8351805649695,-1.125315757313174],[-80.83528985496038,-1.125354143731826],[-80.83551486511648,-1.125449826561677],[-80.83572717747926,-1.125558905811232],[-80.83579651076917,-1.12560511128774],[-80.8358748909357,-1.125651030477826],[-80.83599091249577,-1.125703597900525],[-80.83607761683045,-1.125733898399574],[-80.8362013486084,-1.125755482163328],[-80.83630360189689,-1.125756107678384],[-80.83644563391263,-1.125749341125172],[-80.83659593149095,-1.125713904322367],[-80.83672462092584,-1.125645169730149],[-80.83686175080378,-1.125538518616281],[-80.83688203700595,-1.125518623968887],[-80.83702479907873,-1.125378615077153],[-80.83741872154707,-1.12502343886058],[-80.83744468772697,-1.125000026054209],[-80.83755527296408,-1.124924960951603],[-80.83759974446006,-1.124902736178385],[-80.83772086258261,-1.124871992288163],[-80.83782367492837,-1.124856346311319],[-80.83806988868507,-1.124824963426548],[-80.83824717446582,-1.124796914203728],[-80.83844455901367,-1.124757313665469],[-80.83849599774611,-1.124745793057869],[-80.83857693687462,-1.124727665080883],[-80.83869819698417,-1.124697255903186],[-80.83878699446782,-1.124666919103063],[-80.83888954706318,-1.124618070596028],[-80.83899133081471,-1.124558839426385],[-80.83908554323592,-1.124489964376409],[-80.83937372825987,-1.124313928239715],[-80.83949764979772,-1.124218133842206],[-80.83957480856905,-1.12414704306434],[-80.83963362761456,-1.124087461172991],[-80.8397353113352,-1.124015926620729],[-80.83981361659697,-1.123969086128739],[-80.83983344462199,-1.123977377212157],[-80.83984702396839,-1.123984239390836],[-80.83986725367352,-1.123994421369972],[-80.83989706562315,-1.124010499061399],[-80.83992595074379,-1.124028821322469],[-80.84014041401085,-1.124140518649753],[-80.84022629450662,-1.124180302299649],[-80.84028749467497,-1.124201630926535],[-80.84038947396887,-1.124231954755913],[-80.84049783159257,-1.124259765608457],[-80.8405843577022,-1.124278646533071],[-80.8406518363761,-1.124281909962079],[-80.84070146434546,-1.124279269987696],[-80.84078620892068,-1.124265518305862],[-80.8408688352126,-1.124246401489785],[-80.84092360103284,-1.124242583842175],[-80.84100538297736,-1.124246235269126],[-80.8410850735076,-1.124262937228337],[-80.84129629006937,-1.124327581395349],[-80.84144226644906,-1.124348834115594],[-80.84149794148665,-1.124369371687564],[-80.84154465101604,-1.124398198758442],[-80.84161473247013,-1.124456629687103],[-80.84167302467297,-1.124515543093779],[-80.84174472721745,-1.124598616991676],[-80.8419281089249,-1.124821383711705],[-80.84193504214943,-1.124829806169117],[-80.84199466111228,-1.124904435611143],[-80.8420649104697,-1.125000048904681],[-80.8421012298202,-1.125037501045185],[-80.84250131366585,-1.125396155570684],[-80.84273836380817,-1.125598903618268],[-80.84284889889898,-1.125686692313209],[-80.84292961581318,-1.125739813966717],[-80.84298245297674,-1.125782088270881],[-80.84303286308389,-1.125844535083786],[-80.84313938780053,-1.126011767406794],[-80.84319683223794,-1.126108386041238],[-80.84322416807373,-1.12613833028152],[-80.84327868387089,-1.126188431443907],[-80.84333085977153,-1.126225592205017],[-80.8433666366045,-1.126239598370105],[-80.84340737741036,-1.126243174234887],[-80.84344475133551,-1.126243221491706],[-80.84352009667396,-1.126231024449609],[-80.85950365070615,-1.126229304392979],[-80.8673986882389,-1.134247539483795],[-80.88179152561942,-1.134248165337738],[-80.88426162951566,-1.134248265815131],[-80.88429530944231,-1.134110006045418],[-80.88433167229603,-1.133997657734113],[-80.88436406218419,-1.133886704349678],[-80.88440241956538,-1.133774592250461],[-80.88444336729782,-1.133665619653385],[-80.8844561234481,-1.133605057809746],[-80.88447744952225,-1.133491280328798],[-80.88449038609355,-1.133436915864849],[-80.88452428595616,-1.133327861557362],[-80.8845568375141,-1.133219576212127],[-80.88458121752802,-1.133114285181506],[-80.8846079093279,-1.13301019752862],[-80.88463073510354,-1.132908109164717],[-80.88466457177675,-1.132805550783957],[-80.8846819755601,-1.132752498349845],[-80.88472611300043,-1.132650437979621],[-80.88475267830344,-1.132539981048126],[-80.8848088242697,-1.132439640135772],[-80.88484020110559,-1.132260614212896],[-80.88487186197071,-1.132149994632186],[-80.88493898888696,-1.131919255997815],[-80.88498812410772,-1.131811749369888],[-80.88500750451325,-1.131756896606376],[-80.88504422710427,-1.131637854225147],[-80.88505629194175,-1.13157917417827],[-80.88509252888814,-1.131466799607054],[-80.88511537979338,-1.13141051751353],[-80.88512730180531,-1.131349448983698],[-80.88516081435299,-1.131236748600969],[-80.8852286485229,-1.131076904311712],[-80.88526180210718,-1.130972237879519],[-80.88530637987165,-1.130871661262475],[-80.88535411460106,-1.130719696332491],[-80.88539173433027,-1.130620512714785],[-80.88542801657061,-1.130521382421975],[-80.88545757373768,-1.13041968424902],[-80.8854748075568,-1.13036789841594],[-80.8855051917453,-1.130264000885916],[-80.88553425640565,-1.130160582807733],[-80.88559306504365,-1.130004899885819],[-80.8856165350707,-1.129952707171711],[-80.88566411845869,-1.129785416167593],[-80.88567756749973,-1.129726645697545],[-80.88568831101327,-1.129667847978439],[-80.88572339969275,-1.129496304265146],[-80.88573967091274,-1.129442546088285],[-80.88577305840077,-1.12933158276131],[-80.88578727941963,-1.129276042192615],[-80.88579974056127,-1.129218845905527],[-80.88580928978604,-1.129106714538395],[-80.88582721796787,-1.128996809128282],[-80.88586003801711,-1.128892432182212],[-80.88586474734872,-1.128816191105074],[-80.88588493528523,-1.128704738701686],[-80.88588130675929,-1.128632577609494],[-80.88590633547005,-1.128508540657521],[-80.88592898137792,-1.128406533690125],[-80.88594325615314,-1.128355236286794],[-80.88596952305947,-1.128310941935965],[-80.88601761417428,-1.128214626697684],[-80.88603732877066,-1.128163130468323],[-80.88607379017778,-1.128054836197251],[-80.88610544276436,-1.12794632460168],[-80.88611663568122,-1.127887554038239],[-80.88614309221522,-1.127774419087089],[-80.88617432219287,-1.127669634944738],[-80.88619795759062,-1.12757074026959],[-80.88622781429041,-1.127415436168974],[-80.886243249506,-1.127363053137145],[-80.88625510727405,-1.127311719446723],[-80.88628686730684,-1.127213467444932],[-80.88633669966468,-1.127088539399651],[-80.88638040187621,-1.126963974812242],[-80.88641247569875,-1.126863099114686],[-80.88645108575705,-1.126766539216263],[-80.88649571717212,-1.126670160498307],[-80.88651222208632,-1.126615651399561],[-80.88656452062368,-1.126519933430515],[-80.88662132146797,-1.126424387534414],[-80.88671576705191,-1.126347059769245],[-80.88674629503488,-1.126264426901983],[-80.8867550985102,-1.126166536788858],[-80.88678943803563,-1.126072464713133],[-80.88682758813331,-1.125968820783612],[-80.88684349970764,-1.125916663946313],[-80.8868502732199,-1.125804921491849],[-80.8868731170916,-1.125695640519609],[-80.88689688450236,-1.125645266298775],[-80.88693188037718,-1.12554588350342],[-80.88696533013037,-1.12544923291982],[-80.88698836844107,-1.125402305675749],[-80.88701365559413,-1.125357133687729],[-80.88705860010155,-1.125275339153006],[-80.88709242717427,-1.125183565055366],[-80.88711141360726,-1.125133498252467],[-80.88712620070466,-1.125081621833644],[-80.88717685643539,-1.124930416931875],[-80.88721670719265,-1.124824773614989],[-80.88727062565522,-1.124675269722317],[-80.88734805788545,-1.124526038159175],[-80.88737400054448,-1.124474026462465],[-80.88739969068952,-1.124420386248588],[-80.88745189390907,-1.124253375833561],[-80.88746815600983,-1.124201219003737],[-80.88752354851741,-1.124052592744803],[-80.88757393130507,-1.1239627915825],[-80.8876027598126,-1.123919474412446],[-80.88764401098216,-1.123836195970043],[-80.8876685082,-1.123739391222855],[-80.88772190299196,-1.123649952063786],[-80.88778182297,-1.123571596050681],[-80.88782220260047,-1.123479116506104],[-80.887839893778,-1.123428904889252],[-80.88788109971111,-1.123329377558662],[-80.88793155637423,-1.123234455640272],[-80.8879806458341,-1.123141035513243],[-80.88802853908074,-1.123043616449323],[-80.88807958894405,-1.12294940023645],[-80.88815019795733,-1.122800050764056],[-80.88819720307528,-1.122704169696291],[-80.88824906896181,-1.12261299339032],[-80.8883168750354,-1.122472211560748],[-80.8883621885261,-1.122376086147938],[-80.88841445091346,-1.12228168902783],[-80.88849499849736,-1.122130091680077],[-80.88852230345415,-1.122062405639539],[-80.88856043588328,-1.121971065948102],[-80.88864286619089,-1.121780845906329],[-80.88867083325177,-1.12167450093969],[-80.88869979833602,-1.121583776108039],[-80.888735468094,-1.121487813167803],[-80.88876910613229,-1.12140058075677],[-80.88878877614997,-1.121312877353461],[-80.88884274217952,-1.121208722814984],[-80.88891962198448,-1.121044947694628],[-80.88893872421306,-1.120997314590355],[-80.88898367119666,-1.120870202276777],[-80.88903682511666,-1.120825433928815],[-80.88906040986788,-1.120754128833553],[-80.88908447465504,-1.120681371670713],[-80.88915086898474,-1.120576939846487],[-80.88918525124514,-1.120465670690649],[-80.88921309182149,-1.120375570068603],[-80.88924885101176,-1.120290726206505],[-80.88928144760511,-1.120194256491843],[-80.88929219073721,-1.120142298474732],[-80.88934260106228,-1.12005775372748],[-80.88938946017414,-1.119969978971582],[-80.88941852142217,-1.119926399413927],[-80.88945801121038,-1.119830626596993],[-80.88954738763279,-1.119712970344196],[-80.88960181568704,-1.119630723747619],[-80.88964632133695,-1.1195502862263],[-80.88968393772798,-1.119435654315836],[-80.88973224273583,-1.119284299971895],[-80.88977295069911,-1.119181492948044],[-80.88982776167379,-1.11907434377062],[-80.88987452156229,-1.118995109615085],[-80.88991591716427,-1.118891406935219],[-80.88994405335711,-1.118827086486519],[-80.88998339963094,-1.118746449722948],[-80.89003192775579,-1.118637115388836],[-80.89009215835125,-1.118540257669309],[-80.89016148678354,-1.118401763884691],[-80.89020915154316,-1.118304879451415],[-80.89027891129896,-1.118169331467556],[-80.89032880528055,-1.118069772744491],[-80.89036863544759,-1.118004263014214],[-80.89040706354271,-1.117935378601672],[-80.89048550752888,-1.117882654101408],[-80.890541643579,-1.117793459246798],[-80.89057058792488,-1.11772592251765],[-80.89062153843078,-1.117615493541209],[-80.89065701938584,-1.117517503969964],[-80.89068278397566,-1.11741602179076],[-80.89069781537654,-1.1173660000388],[-80.89072756184838,-1.117264210401004],[-80.89075019649623,-1.117215889818539],[-80.8907900449811,-1.117116199522542],[-80.89082282957746,-1.117013260994256],[-80.89084231928716,-1.116961782798413],[-80.89087425896005,-1.116859043277287],[-80.89089068179591,-1.116808116849313],[-80.89090590200598,-1.116756475642475],[-80.89091719331199,-1.116706517079606],[-80.89095160016922,-1.116582982515737],[-80.89096852617098,-1.116463817126601],[-80.89099828976529,-1.116384654688332],[-80.89102788787707,-1.116283620485675],[-80.89110468575997,-1.116140391608113],[-80.89114238522446,-1.116061301841285],[-80.89123127170456,-1.115842560429982],[-80.89130893774919,-1.115677486960593],[-80.89133352302221,-1.11560027853308],[-80.89139765803867,-1.115553506566883],[-80.89144032924155,-1.115467378208479],[-80.89149087438346,-1.115378979278347],[-80.89151149475875,-1.115328957726533],[-80.891580055752,-1.1151815713079],[-80.89159898638914,-1.115129134073285],[-80.89166937217308,-1.114977622167174],[-80.8917184157424,-1.114878031711328],[-80.89174269625005,-1.114826499399527],[-80.89178791166694,-1.114726320728195],[-80.89181489669602,-1.114677303654645],[-80.89187985185274,-1.114520308898648],[-80.89195096577866,-1.114365748081511],[-80.89202660913382,-1.114206446662905],[-80.89205179654745,-1.11415529436573],[-80.89210231521125,-1.114052311230992],[-80.89214305366085,-1.113946903068182],[-80.89218077297406,-1.113839386780924],[-80.89220077497104,-1.113788008109267],[-80.8922375223616,-1.113687928635414],[-80.89225573555704,-1.113639417879781],[-80.89231035463449,-1.113489244364928],[-80.89233737540485,-1.113445492792764],[-80.89239970332477,-1.113359093717889],[-80.89244463993599,-1.113262126799341],[-80.89249769373174,-1.113172099428539],[-80.89255639353365,-1.113021754158268],[-80.8925786865944,-1.112972320728218],[-80.89261273849074,-1.1128679075089],[-80.89265888852208,-1.112770949677014],[-80.89273672359762,-1.112624631133983],[-80.89278676574095,-1.112523882638143],[-80.89281498206664,-1.112477000750303],[-80.89283249413985,-1.112428698050437],[-80.8928751566501,-1.112331776275113],[-80.89289375549164,-1.112281501310932],[-80.89293618352468,-1.112181114423663],[-80.8929750179439,-1.112081921643124],[-80.89299945011643,-1.112035691017553],[-80.89303103821332,-1.111932589553547],[-80.89305249535532,-1.111882568015332],[-80.89311173328329,-1.111788361018],[-80.89315072779604,-1.111686055980911],[-80.89317687770105,-1.111638341664474],[-80.89319374180835,-1.111586962867904],[-80.89319521959344,-1.111484375998629],[-80.89320261005159,-1.111429151769997],[-80.89322044409032,-1.111375438814292],[-80.8932465773877,-1.111264429839125],[-80.89327652165207,-1.111156678016954],[-80.89328985431894,-1.111102195879397],[-80.89331457612498,-1.110999691279545],[-80.89333012701206,-1.110948493378942],[-80.8933748853737,-1.11083219695243],[-80.89341515664097,-1.1107180355162],[-80.89345234482145,-1.110630622202677],[-80.89349709847886,-1.110519898887475],[-80.89353886724334,-1.1104046699256],[-80.8935748950948,-1.110314940468015],[-80.8936291812291,-1.110171217599884],[-80.8936474025427,-1.110120535487084],[-80.89367702369296,-1.110024002253013],[-80.89370901661746,-1.10993486976615],[-80.89376487527964,-1.10980315266994],[-80.89380076910895,-1.10971564882999],[-80.89383505319883,-1.10962572026439],[-80.89389707795142,-1.109492420115799],[-80.89391612699959,-1.109444207933223],[-80.89395900507996,-1.10934913178221],[-80.89400494837385,-1.109249269738029],[-80.894024859513,-1.109198062941019],[-80.89407105442936,-1.109099548946674],[-80.89410748818143,-1.108994104395563],[-80.89412321982445,-1.108939640431856],[-80.89418919043749,-1.108781569006595],[-80.89422845566028,-1.108672388034677],[-80.89424398149784,-1.108616983146987],[-80.8942859517979,-1.108519853226937],[-80.89429922046928,-1.108469415205633],[-80.8943372725481,-1.10835178404291],[-80.89440068974406,-1.10823840600365],[-80.8944627669087,-1.108146343269127],[-80.89448598579246,-1.108094304237412],[-80.89450382963284,-1.108041649798793],[-80.89454137787602,-1.107937318092226],[-80.89455738811753,-1.107883614104736],[-80.89459560953327,-1.107780820456028],[-80.89461646534703,-1.107729170370462],[-80.89466029546404,-1.107627969239672],[-80.89468724533897,-1.107578355005799],[-80.89470622172284,-1.107525347762291],[-80.89473200133854,-1.107474819712266],[-80.89476579356321,-1.107363385764174],[-80.89478231520413,-1.107310604613801],[-80.89482349563778,-1.107206291125564],[-80.8948402420009,-1.107153102855733],[-80.89486346084503,-1.107101742364165],[-80.8948920576095,-1.106994723293141],[-80.89489983456899,-1.106938069600389],[-80.89491755247691,-1.106887658874612],[-80.89495044981315,-1.106765666733068],[-80.8949934217544,-1.10665751726448],[-80.89505516314746,-1.10655267523839],[-80.89507829732769,-1.106480392941776],[-80.89509588212023,-1.106381099839041],[-80.89512455037331,-1.106259903702707],[-80.89516403926358,-1.106152676927039],[-80.89520634422988,-1.106019403175736],[-80.89524597787948,-1.105885025562188],[-80.89526915314075,-1.105794354698887],[-80.89531161018776,-1.105655715922268],[-80.8953480171715,-1.105567578761423],[-80.89540354195637,-1.105442674193938],[-80.89543625464752,-1.105356164503348],[-80.89548094942948,-1.105227804399291],[-80.89552142791415,-1.105094801993303],[-80.89554832516673,-1.105006583066427],[-80.8956003544051,-1.104879959388924],[-80.89564913796781,-1.104752258970748],[-80.89568548356128,-1.104619627352548],[-80.89570835331128,-1.104525500416841],[-80.8957252818273,-1.104428668138738],[-80.89574888841626,-1.104340449092334],[-80.89578180876504,-1.10420086905134],[-80.89579798970694,-1.103993148943417],[-80.8958113820183,-1.10387522284104],[-80.89584442912043,-1.103734864737845],[-80.89586695696008,-1.103650436455197],[-80.89590747742962,-1.103497787904374],[-80.89594598385904,-1.103337584815279],[-80.8959777714436,-1.103203849262528],[-80.89600916471004,-1.103062179243793],[-80.89604619012012,-1.102971626469781],[-80.89610903341618,-1.102839420993732],[-80.89614520587385,-1.102747375389171],[-80.89620030910716,-1.102619611845512],[-80.89623481735354,-1.102540711857031],[-80.8962750360664,-1.102405610456969],[-80.89631548167017,-1.102233306709465],[-80.89634474169311,-1.102151439031914],[-80.89637428952989,-1.102064152052051],[-80.89641277089488,-1.101977580118316],[-80.89643659305023,-1.101892518564298],[-80.89648078426598,-1.101767333100867],[-80.89650817488273,-1.101680027948774],[-80.89653839697775,-1.10158867876757],[-80.89655879485585,-1.101494796008367],[-80.89660131039788,-1.101350113626523],[-80.8966165355469,-1.101279735481128],[-80.8966604352188,-1.101111105034562],[-80.8966949141251,-1.100995798840287],[-80.89674603027422,-1.100887676753786],[-80.89678754907479,-1.100740375148902],[-80.8968221537672,-1.100600103027446],[-80.89685959059476,-1.100488895343872],[-80.8968920382242,-1.100370277775554],[-80.8969388485222,-1.100273754128196],[-80.89696551010424,-1.10018780603292],[-80.8970076891502,-1.100051501396479],[-80.89703526578866,-1.099964269524861],[-80.89706884955595,-1.099818794279969],[-80.8971047759789,-1.099664897015998],[-80.8971346066689,-1.099584270629421],[-80.89714542689654,-1.099531179840753],[-80.89717457210712,-1.099388170723998],[-80.89720547871804,-1.09925446225661],[-80.89725278820447,-1.099120989585401],[-80.89728169000237,-1.099025243373674],[-80.89732060518809,-1.098893217972517],[-80.89733897983726,-1.098796277156424],[-80.89736396324383,-1.098710849214129],[-80.89737679978444,-1.098651042707999],[-80.89741480316907,-1.098477137479904],[-80.89744313389967,-1.098363604320966],[-80.89747902272117,-1.098177666154527],[-80.89753181765356,-1.097995057964013],[-80.89755009416307,-1.097902568396265],[-80.89758393923749,-1.097789324937168],[-80.89765955020174,-1.097634180504429],[-80.8976779204842,-1.097559283346698],[-80.89770562621774,-1.097454100787658],[-80.89775317979816,-1.097277472652237],[-80.89778678262255,-1.097150893510701],[-80.8978113452488,-1.096988758302658],[-80.89783234618311,-1.096867774460677],[-80.89785802960367,-1.096760117401899],[-80.89790498954751,-1.096594730468937],[-80.89792942518395,-1.096466228465204],[-80.89793906154236,-1.096415238404717],[-80.89795854245662,-1.096323047432477],[-80.8979706899725,-1.09622459550036],[-80.89800869736233,-1.09608943064903],[-80.89801527868987,-1.096034948238511],[-80.8980578248509,-1.095910097424792],[-80.89809944739234,-1.095720549578658],[-80.89812297322152,-1.095623572738702],[-80.89814453957582,-1.095526876296574],[-80.89817326074086,-1.095427990660397],[-80.89820653522293,-1.095307988860185],[-80.89824207479418,-1.095187263355371],[-80.89826427961614,-1.095081610139744],[-80.89829867155633,-1.094981955677341],[-80.89831902484691,-1.094874058675614],[-80.89833544180057,-1.094775986870317],[-80.8983539068888,-1.094687179535214],[-80.89840580949671,-1.094574235233779],[-80.89844459728093,-1.094485048605293],[-80.89847971722116,-1.094386669828523],[-80.89853577363576,-1.094238178955905],[-80.89857485039926,-1.094135240489777],[-80.89860391244957,-1.094028682775715],[-80.8986198055767,-1.093977882915766],[-80.89865647299769,-1.09388850621815],[-80.89867235001188,-1.093782083763614],[-80.89868106160368,-1.093726298615223],[-80.89870141495508,-1.093588997992157],[-80.89871991698449,-1.093470090398398],[-80.89873746824928,-1.093291389388341],[-80.89868571711023,-1.09320391865981],[-80.89864420138576,-1.093132271947169],[-80.89867552966271,-1.093044270250957],[-80.89872513800692,-1.092969785790601],[-80.89877379548847,-1.092892071422796],[-80.89877756416344,-1.092788950807673],[-80.89873428950006,-1.092688072318964],[-80.89877522116396,-1.092566193457202],[-80.89884628321784,-1.092455507084139],[-80.89886070219572,-1.092406028072176],[-80.89888135117513,-1.092297606329794],[-80.89887151333838,-1.09219247675982],[-80.89888639081829,-1.092140066448678],[-80.89890582529186,-1.092090705220414],[-80.89889358397025,-1.092039316332176],[-80.89888823057288,-1.091929708516986],[-80.89890628176721,-1.091879442515079],[-80.89891808153862,-1.091802912086692],[-80.89890808383714,-1.091720825899003],[-80.89891270723234,-1.091646493713426],[-80.89897716493633,-1.091580034673299],[-80.89899757989855,-1.091480832085352],[-80.8990076226312,-1.091425580767662],[-80.89901983951178,-1.091374355557051],[-80.8990426644495,-1.091269109475675],[-80.89905410920889,-1.091164559649172],[-80.89907508347522,-1.091058300210847],[-80.89910919834095,-1.090909157171652],[-80.89913203221049,-1.09080536769892],[-80.8991696265686,-1.090679973850683],[-80.89917904088225,-1.090547476947393],[-80.89918059764499,-1.090494034795455],[-80.8991808430735,-1.090438602200649],[-80.89920114245977,-1.090327629111329],[-80.89921485586335,-1.090250212112053],[-80.89923069231546,-1.090172758995053],[-80.89926707044935,-1.090077012996105],[-80.89929049745999,-1.089975503451697],[-80.89930619515928,-1.089880869569541],[-80.89933053849235,-1.089793989485642],[-80.89935484619323,-1.089670300595202],[-80.8993924310859,-1.089558464070024],[-80.8994188680258,-1.089464753368645],[-80.89945190417637,-1.089372010945993],[-80.89949293824368,-1.089276617942005],[-80.89954106192643,-1.089165849344937],[-80.89959235792992,-1.089044893630501],[-80.89961351715492,-1.088997848551884],[-80.8996229755235,-1.088945564713399],[-80.8996450185802,-1.088835731631534],[-80.89969783722294,-1.088714039517626],[-80.89973806594598,-1.088563321539084],[-80.89974885389783,-1.088504641326438],[-80.89976339887299,-1.088449118735582],[-80.89978193649365,-1.088365653793943],[-80.89979472883485,-1.088280026363179],[-80.89980358430984,-1.088220748965824],[-80.89982395485029,-1.088103985618588],[-80.89984279897685,-1.08799302151813],[-80.89984757360129,-1.087938005246784],[-80.89986433141053,-1.087830696172119],[-80.89987649439774,-1.087777317702688],[-80.89990099116326,-1.087670135547654],[-80.89992466101857,-1.087562365292186],[-80.89993874656612,-1.087510307787383],[-80.89996645287204,-1.087408934083712],[-80.89997967643271,-1.087356976069714],[-80.90001091603959,-1.087201346022127],[-80.90003777587005,-1.0870929063733],[-80.90005946810298,-1.086990501079043],[-80.90008824400486,-1.086889317401372],[-80.90010214257293,-1.086783003427527],[-80.90012831182742,-1.086682579632665],[-80.9001426669254,-1.086633290598584],[-80.90018977143399,-1.086489739176372],[-80.90022387672423,-1.086382068782754],[-80.90025509581291,-1.086275719193608],[-80.9002722203922,-1.086220974748258],[-80.90028745930057,-1.08610884342383],[-80.9002893396048,-1.086055699838298],[-80.90028182271051,-1.085971814231243],[-80.90030383555043,-1.085849820705192],[-80.9003204133333,-1.085749396588369],[-80.900335940553,-1.085643634548717],[-80.90035065622696,-1.085589659040011],[-80.90039103414283,-1.085491633237396],[-80.9004114401705,-1.085442543441175],[-80.90045728011984,-1.08532234296591],[-80.90048198687951,-1.085251386066176],[-80.90050757111614,-1.085146284808005],[-80.9005111054105,-1.085088780493422],[-80.9005569058135,-1.084968189172258],[-80.90059523373155,-1.084862266842279],[-80.9006011856866,-1.08481085141824],[-80.90059915462051,-1.084691549558983],[-80.90061764047182,-1.084622831650108],[-80.90066888139626,-1.084588142500749],[-80.90069229856012,-1.084482171725469],[-80.90072827801336,-1.084370145123529],[-80.90076427000538,-1.084259407756889],[-80.90079466311866,-1.084150009200442],[-80.9008357155479,-1.084066531416269],[-80.90087511588968,-1.083956323424857],[-80.90091234902366,-1.083849743315497],[-80.90096419501627,-1.083782143838746],[-80.90103491357891,-1.083721515901189],[-80.90107261858506,-1.083615125797039],[-80.90108920428048,-1.083546520911568],[-80.90115131604598,-1.083472434876967],[-80.90118177901921,-1.083425471510594],[-80.90122046629259,-1.083379153483833],[-80.90127181183833,-1.083249260831437],[-80.90133771067518,-1.083082548988884],[-80.90137464506698,-1.08301307622969],[-80.90140756275613,-1.082937930701434],[-80.90145108612613,-1.082879667721343],[-80.90147431488614,-1.082817106624489],[-80.9015066560057,-1.082754753912454],[-80.90155852144792,-1.0826683270583],[-80.90158977644813,-1.082616080107698],[-80.9016021556275,-1.082546226557014],[-80.90162284247872,-1.082400100285781],[-80.90166018351493,-1.082290679323322],[-80.90165482738163,-1.082234531804104],[-80.90165024630362,-1.082170268910858],[-80.90168171570883,-1.082102795413633],[-80.90168858573718,-1.082039175249861],[-80.9017142056104,-1.081941501780989],[-80.90172448947402,-1.081875692289429],[-80.90175273469853,-1.081782234932319],[-80.9017720089701,-1.081651602058514],[-80.9017846492027,-1.081597210295314],[-80.90180617874476,-1.081491339866744],[-80.90184333221798,-1.081344178215289],[-80.90186485180816,-1.081296165064288],[-80.90190437918021,-1.081146244071832],[-80.9019333328357,-1.081047638838996],[-80.90195780342012,-1.080939470497626],[-80.90199314792582,-1.080835969994638],[-80.90205157673546,-1.080716965032153],[-80.90210556337128,-1.080602337897034],[-80.9021790574262,-1.080457466375321],[-80.90220605983285,-1.080410928102907],[-80.90224539597949,-1.080309201893826],[-80.90226436306473,-1.080255144175908],[-80.9023153840346,-1.080153093546684],[-80.90235911544163,-1.080052018880792],[-80.90237126203075,-1.079946464795313],[-80.90239891076638,-1.079897519967901],[-80.90243552357968,-1.079791342410829],[-80.90247092439297,-1.079668621883883],[-80.90251182514629,-1.079546191046219],[-80.90258083283118,-1.079409235724668],[-80.90261489273819,-1.079309671634803],[-80.90265221540362,-1.07921006241304],[-80.90269461616741,-1.079119853465841],[-80.90271676403609,-1.079070998929666],[-80.90279014956646,-1.078944837133164],[-80.90287829494322,-1.078757651982926],[-80.90294510031694,-1.078625021172812],[-80.90298563174822,-1.078526751043455],[-80.90302429302108,-1.078418592188854],[-80.90305104370961,-1.078372442929904],[-80.90310521093957,-1.078285798975202],[-80.90315474782852,-1.078185158746578],[-80.90317914464084,-1.078133698664104],[-80.90325374201022,-1.077999358159772],[-80.90327533437797,-1.077950657403392],[-80.90332341501158,-1.077854350765904],[-80.9033839733999,-1.077723800613967],[-80.90339340372648,-1.07767348905422],[-80.90345388601627,-1.077561666743804],[-80.90351612811179,-1.077453065315424],[-80.9035767303633,-1.077384859887786],[-80.90362914287972,-1.077303336618385],[-80.90365449371394,-1.077211227182445],[-80.90371432130256,-1.077138633801255],[-80.90376166643222,-1.077049718749009],[-80.90382614188103,-1.076976808858319],[-80.90389500259202,-1.076908115132312],[-80.90393012250212,-1.076825840383918],[-80.90397392178905,-1.076735079571947],[-80.90396976819645,-1.076623173772035],[-80.90396150975826,-1.076565017666127],[-80.90396424384878,-1.076512471215395],[-80.9040225629171,-1.076419439997693],[-80.90404428840182,-1.076367056999018],[-80.90407204123048,-1.076206514091311],[-80.90409757866317,-1.076153859794545],[-80.9041211486839,-1.076039466872189],[-80.90418157204097,-1.07594193922381],[-80.90420972511936,-1.075887611263525],[-80.90425523619759,-1.075782700570358],[-80.90427952435482,-1.075726626364229],[-80.90433860788333,-1.0756181786155],[-80.90437303455863,-1.075571432462411],[-80.90442724577645,-1.075483603283757],[-80.90444490947812,-1.075429682116919],[-80.90446678870316,-1.075375507759176],[-80.90451321670075,-1.075266426298157],[-80.904549047354,-1.07516143386826],[-80.90458963174879,-1.075061951374025],[-80.9046108286791,-1.075010246897648],[-80.90468568590464,-1.074926090648077],[-80.90472770919081,-1.074830752750358],[-80.90481799629299,-1.074612397027892],[-80.9048913602625,-1.074479253381028],[-80.90499806641249,-1.074285599924295],[-80.90516406470206,-1.073949119074101],[-80.90523593851854,-1.073811421878361],[-80.90530724700265,-1.073672467092123],[-80.90540170281008,-1.073482984024707],[-80.90545606664166,-1.07339898182029],[-80.9055242544263,-1.073316671883774],[-80.90556044462056,-1.073209363345669],[-80.90565717404348,-1.073003369070889],[-80.90578866168033,-1.072752600931921],[-80.90593581892493,-1.072461645298048],[-80.90604623753067,-1.072253823880402],[-80.90610489897648,-1.072099325467676],[-80.90619699084661,-1.071906929071176],[-80.90632450713393,-1.071604338015632],[-80.90637496117881,-1.071514283044763],[-80.90642146932527,-1.071425322671033],[-80.90646789824875,-1.071281137759001],[-80.90647106377043,-1.071226998993694],[-80.90649204492242,-1.071175185923849],[-80.9065316663777,-1.071140608475062],[-80.9066180108208,-1.070986231225476],[-80.90668128478809,-1.070868534516848],[-80.90675521677026,-1.070731009231181],[-80.90681998184947,-1.07058469876354],[-80.9068877409726,-1.070436732734919],[-80.90697081597952,-1.07023444736258],[-80.90702906451038,-1.070088598100085],[-80.90712201819348,-1.069897468306749],[-80.90715782240385,-1.069799532698852],[-80.90722411454502,-1.069653457493828],[-80.9072761334518,-1.069561330724511],[-80.90736015021466,-1.069424475222462],[-80.90739101975264,-1.069329434586919],[-80.90740985173075,-1.069279059958319],[-80.9074581928339,-1.069179677162296],[-80.90755318782712,-1.068984295194866],[-80.9075679302563,-1.06892964108205],[-80.90757715291207,-1.068877140052223],[-80.90762548575563,-1.068783031810568],[-80.90767820462546,-1.068697482418216],[-80.90772225976374,-1.068609155250726],[-80.90777360242606,-1.068526781406391],[-80.90780934245392,-1.068439783934608],[-80.90786341104548,-1.068304212220909],[-80.90793403414011,-1.068233057569969],[-80.90801456743218,-1.068141257344578],[-80.90805263913444,-1.068019818789992],[-80.90811153487567,-1.067929327954374],[-80.90816839737025,-1.067841960173922],[-80.90820722058946,-1.067747227371868],[-80.90825776440703,-1.067656674760073],[-80.90828962263897,-1.067560566562136],[-80.9083261889859,-1.06746265809808],[-80.90838451757135,-1.067371336698812],[-80.9084365802879,-1.067284475414738],[-80.90851466486777,-1.067140716623854],[-80.9085973530493,-1.067003390577256],[-80.90864674570221,-1.066904043975029],[-80.90868782495706,-1.066809148380557],[-80.90872224386752,-1.066715057793516],[-80.90876481513001,-1.066621591710756],[-80.90881401061709,-1.066532785169073],[-80.90888826761196,-1.066400443906304],[-80.90890941848072,-1.066351453565318],[-80.90895203229938,-1.066277602867771],[-80.90899097288867,-1.066224703729787],[-80.90904054588233,-1.066135481019884],[-80.90908717987054,-1.066040612724592],[-80.90913724727754,-1.065949209634937],[-80.9092444738228,-1.065766846978875],[-80.90933265265633,-1.065636903641064],[-80.90936961454626,-1.065534941992851],[-80.90941621358994,-1.06543562243219],[-80.90946862674366,-1.065350172508772],[-80.90951029820097,-1.065257891577161],[-80.9095903974238,-1.065128635583065],[-80.90965368712835,-1.065017631959606],[-80.90970642473397,-1.064901661071531],[-80.90977962902532,-1.064772585812889],[-80.90983048740581,-1.064679527080344],[-80.90992087229334,-1.064536193823571],[-80.90994123829378,-1.064461762522981],[-80.91000072674025,-1.06432279818651],[-80.91004583165873,-1.064231512545078],[-80.91008691172833,-1.064136635018031],[-80.91014741557626,-1.064006654647372],[-80.91016960527767,-1.063932580764899],[-80.91020472885941,-1.063835952413882],[-80.91026101742426,-1.063729141977959],[-80.91031372343697,-1.06361615667322],[-80.9103480927579,-1.063493083123774],[-80.91041081884063,-1.063381837899669],[-80.91044368091231,-1.063286785513014],[-80.91047246401907,-1.063163449427165],[-80.9105081358831,-1.063066214014754],[-80.9105538041452,-1.062981375464261],[-80.9105827499828,-1.062887510867697],[-80.9106147949797,-1.062793474462765],[-80.91063867004453,-1.062747741201278],[-80.91067790484905,-1.062681786830339],[-80.91070645367081,-1.062609718001823],[-80.91074124904766,-1.062547835677449],[-80.91075284687403,-1.06247615448325],[-80.9107603524274,-1.062401419715854],[-80.91079443988166,-1.062327092848079],[-80.91082224187757,-1.062282680600234],[-80.9108610595495,-1.062219043220011],[-80.91089275855965,-1.062122270000799],[-80.91092768160506,-1.061996020864029],[-80.91095457726345,-1.061899785817033],[-80.91097554532483,-1.061829072950744],[-80.91103406630963,-1.061697771594552],[-80.91104751489603,-1.061623050568372],[-80.91107356030062,-1.061556730298292],[-80.91111785314997,-1.061446268917763],[-80.9111505377505,-1.06136368636804],[-80.91116505122788,-1.061296465559764],[-80.9111949077186,-1.061227824773056],[-80.91123034481438,-1.061166516960725],[-80.91124889007627,-1.061080016532316],[-80.91127207784587,-1.060991100616135],[-80.91130753159207,-1.060881507514196],[-80.91133572955874,-1.060819226909445],[-80.91138260001478,-1.060747623629098],[-80.9113874066457,-1.060663162962896],[-80.91143218912012,-1.060591686283018],[-80.91146831446143,-1.060538928158294],[-80.91150950812336,-1.06049185186545],[-80.91150185304184,-1.060420643283649],[-80.91150980942209,-1.060358485136931],[-80.91151393238826,-1.060261797062509],[-80.91160372810671,-1.060126181040459],[-80.91169352087411,-1.060126183619076],[-80.91173846117671,-1.060194039447097],[-80.9117833996861,-1.060261804801854],[-80.911963078943,-1.060126191344267],[-80.9120079338359,-1.060035810381535],[-80.91214275945953,-1.059945341515274],[-80.91218761217402,-1.059900106435975],[-80.91214276328105,-1.059809722909449],[-80.91214276582767,-1.059719340663037],[-80.91223256075669,-1.059674106865259],[-80.91227750462083,-1.059583635426932],[-80.91241224033182,-1.059493257016527],[-80.91259192078493,-1.059312407155304],[-80.91259183596938,-1.059131552184454],[-80.912546991773,-1.058905550055215],[-80.91254699720932,-1.058679458726246],[-80.91241217709899,-1.058543836288194],[-80.91223259382257,-1.058498594817948],[-80.91200797502053,-1.058543824771604],[-80.91182829931398,-1.058589055994773],[-80.9116261969938,-1.05863428656383],[-80.91142409595244,-1.058634280760089],[-80.91128936102663,-1.058634276883538],[-80.91115453969253,-1.058543800281186],[-80.91101980785605,-1.058498650507389],[-80.91088507164889,-1.058543792499336],[-80.91075033981731,-1.058498642714113],[-80.91070540110447,-1.058408168695735],[-80.91066046109717,-1.058363021507759],[-80.91057067137095,-1.058227309829178],[-80.91043593995687,-1.058136923673729],[-80.91016647325486,-1.058091679474444],[-80.90989691798242,-1.058001289365095],[-80.909582508703,-1.058001280159516],[-80.90913336501744,-1.058046503309825],[-80.90872916214084,-1.058046491368671],[-80.90836982175827,-1.057730006260954],[-80.90823509574753,-1.057458765972541],[-80.90814521494057,-1.05736838105922],[-80.90805542714975,-1.057232759791262],[-80.9079206090742,-1.057006664467465],[-80.90774093875596,-1.056871040508653],[-80.90751641081715,-1.056916270142779],[-80.9072188120191,-1.056868537760536],[-80.9071592869863,-1.056788404292533],[-80.90716594269487,-1.056700731914603],[-80.90716351844904,-1.05664400545345],[-80.90714257803636,-1.056569274366325],[-80.90709696388699,-1.056497338143444],[-80.90706247817788,-1.056452896911097],[-80.90702196002076,-1.056392758481906],[-80.90697610498785,-1.056320939864875],[-80.90692602476813,-1.056242778983133],[-80.90688047367193,-1.056196808426861],[-80.90680494664217,-1.056124464171191],[-80.90675520810773,-1.056072287059223],[-80.90670274342585,-1.05599037510413],[-80.90665723056607,-1.055928351068999],[-80.90659728226444,-1.055846652401939],[-80.90656753305902,-1.055782777770816],[-80.90653361209857,-1.055729244043704],[-80.90648611174437,-1.055643795657815],[-80.9064425568047,-1.055572732551326],[-80.90640854799786,-1.055511363884079],[-80.90636047170695,-1.055419102884457],[-80.90632648049794,-1.055340449406373],[-80.90630194407008,-1.055290507728273],[-80.90626864080566,-1.055230496171916],[-80.90623651356144,-1.055158596537211],[-80.90620332224107,-1.05511232778791],[-80.90616531738205,-1.055047145572843],[-80.90610529931097,-1.054925108735233],[-80.90607274699444,-1.054881003206674],[-80.90601840715154,-1.054807374866769],[-80.90598992527926,-1.054744504517188],[-80.90595890866587,-1.054683506875321],[-80.90590965468854,-1.054599582894639],[-80.90586648666338,-1.054515414822248],[-80.9058169739512,-1.054427437655363],[-80.90577885678091,-1.054331481142256],[-80.90573536541092,-1.054239821918642],[-80.9057148120498,-1.054177983197633],[-80.90568502658377,-1.054125381458462],[-80.90564588416635,-1.054079031097729],[-80.90561998154584,-1.053999188144687],[-80.90558327117195,-1.053928907826787],[-80.90555479526262,-1.053847626278881],[-80.9055289918065,-1.053787994930843],[-80.90549699682283,-1.05368281943349],[-80.90544433709574,-1.05357340013488],[-80.90539328705636,-1.053467635982202],[-80.9053677349827,-1.053387956794069],[-80.90534628314396,-1.053315007090973],[-80.90531752461395,-1.053217205216882],[-80.90528235068233,-1.05313576784944],[-80.90524085808514,-1.053081855704363],[-80.90517786286104,-1.053000003119706],[-80.90515018043769,-1.05295484734485],[-80.90510556557993,-1.052862925709718],[-80.90507465626614,-1.052821524452796],[-80.90502737166562,-1.052737491954929],[-80.90498228052166,-1.052642783744616],[-80.90493131893835,-1.052555385548303],[-80.90487573139926,-1.052428767291758],[-80.904827946815,-1.052352921651405],[-80.90476417401014,-1.052275105023753],[-80.90470222736411,-1.052235304176989],[-80.90464851598475,-1.05215802074099],[-80.90456850634315,-1.052066686083748],[-80.90454649978143,-1.05199945966325],[-80.90451257652273,-1.051935182285845],[-80.90455275720448,-1.051798614070847],[-80.90454620047197,-1.051674079095946],[-80.90453289937943,-1.051624671542541],[-80.90451416845902,-1.051576358541695],[-80.90448832226014,-1.051475127836781],[-80.90446935985742,-1.051383659348559],[-80.90445201442262,-1.0513223183207],[-80.90442487304158,-1.051220445219371],[-80.9043925274083,-1.051120689018859],[-80.9043769513931,-1.051071408056757],[-80.9043475817817,-1.050971190536842],[-80.90432502352728,-1.050868684267328],[-80.90429419783644,-1.050768077669645],[-80.9042669662152,-1.050678237434411],[-80.90423920496559,-1.05056618613375],[-80.90421376142818,-1.050465805883277],[-80.90420005587735,-1.05041628070208],[-80.90417172793698,-1.050318539451226],[-80.90415920985953,-1.05026486432358],[-80.90414707732731,-1.050212842144134],[-80.90413034530144,-1.050138354545425],[-80.90410897084324,-1.050064194314501],[-80.90408039217942,-1.049965035348166],[-80.90403989316452,-1.049871032957611],[-80.9040048699011,-1.049773176598677],[-80.90397802349524,-1.049725731882987],[-80.9039254988785,-1.049610486128827],[-80.90388832640762,-1.04954623126487],[-80.9038734754369,-1.049448533856037],[-80.90388833006813,-1.049396860830456],[-80.9038987506284,-1.04932148381917],[-80.90385121543349,-1.049204731848022],[-80.90384008959336,-1.049152628273561],[-80.90382821039559,-1.049046367715036],[-80.9038068214552,-1.048946485187926],[-80.90378057978079,-1.048875684961331],[-80.90375433382863,-1.048797836910808],[-80.9037207217918,-1.048698134950442],[-80.90365547160249,-1.048555457475587],[-80.90361154073449,-1.04843776922128],[-80.90359525861372,-1.048288968260508],[-80.90355739706116,-1.048097531369123],[-80.90354790034101,-1.04797208614697],[-80.90353925682271,-1.047868874618274],[-80.90351482828162,-1.047821086178814],[-80.90348004685578,-1.047722560325809],[-80.90345465736769,-1.047619547317694],[-80.90342474841447,-1.047522613934987],[-80.90339988053411,-1.047439559221303],[-80.90338010947787,-1.047340219578928],[-80.90336024811258,-1.047225499573997],[-80.90333013165166,-1.047124820614371],[-80.90330718863072,-1.047026240843977],[-80.90328693128843,-1.046927796865944],[-80.90326450060299,-1.046829072354967],[-80.9032374732409,-1.046762927826592],[-80.90322697102157,-1.046657960164538],[-80.90318946982086,-1.046558033707697],[-80.90319630730566,-1.046494737406903],[-80.90316908795826,-1.046416885704332],[-80.90314213119721,-1.046276209764116],[-80.90313521522458,-1.046202427249654],[-80.9030995354418,-1.046089561442656],[-80.90307472945938,-1.046010985128262],[-80.90307810303615,-1.045942710007083],[-80.90303786339975,-1.045863462810004],[-80.90302301059714,-1.045767973837513],[-80.90302458556204,-1.045672660892834],[-80.90298839369181,-1.045581490423615],[-80.90296985214205,-1.045514739085959],[-80.90294747138857,-1.04540035827381],[-80.90291574953326,-1.045332977740628],[-80.90287773300334,-1.04521441207909],[-80.90284457005339,-1.045097836967841],[-80.9028159903453,-1.045005734865498],[-80.90281297903059,-1.044926494254042],[-80.9027874211589,-1.044863791350792],[-80.90275888045312,-1.044789548561099],[-80.90274832009153,-1.044646737069115],[-80.90273295255247,-1.044571463300798],[-80.90270991701277,-1.044501147197707],[-80.90269376709607,-1.044439010041486],[-80.90270065987133,-1.044331492494962],[-80.9027315238412,-1.044265575044193],[-80.90278473626987,-1.044165287708324],[-80.90282066902253,-1.044088595114971],[-80.90287088457868,-1.043994658867589],[-80.9028884677217,-1.043923231213853],[-80.90286363701674,-1.043860029829418],[-80.90289330347429,-1.043773716172353],[-80.90292630197942,-1.043712876113105],[-80.9030033762403,-1.043673414312394],[-80.90307399493021,-1.043612191814347],[-80.90310024187724,-1.043538457373302],[-80.90314437003971,-1.043492098717309],[-80.90312882753214,-1.043436133629442],[-80.9031148083598,-1.043385649425204],[-80.90310709879809,-1.043309593306319],[-80.9031041254937,-1.043250926188222],[-80.90307904167395,-1.04314680037379],[-80.90308844676342,-1.043064470503154],[-80.9030812039789,-1.043008376296427],[-80.90307536336965,-1.042951831579046],[-80.90308237665305,-1.042870858724754],[-80.90308948850884,-1.042799611689276],[-80.9030810775337,-1.042734462033167],[-80.9031003043048,-1.042672904999762],[-80.9031241402353,-1.042581785247421],[-80.90317243083513,-1.042505641294014],[-80.90319150686265,-1.042435507442377],[-80.90320903535994,-1.042386924141354],[-80.90321106127492,-1.042270078703623],[-80.90322881593535,-1.042173680583915],[-80.9032349749992,-1.042074133655262],[-80.90324167134587,-1.041952059039104],[-80.90325970070992,-1.041837077833236],[-80.90328782611697,-1.04176508956931],[-80.90328923058313,-1.041689472524155],[-80.9032733347465,-1.041577683956334],[-80.90325401990535,-1.041521255532288],[-80.90324330812432,-1.041450261268125],[-80.90325955500589,-1.041398052684968],[-80.90325289460182,-1.041314231325529],[-80.9032342823728,-1.041207613188845],[-80.9032500922931,-1.041130275797627],[-80.90321159169224,-1.041058513466481],[-80.90318190149004,-1.040981655984353],[-80.90318107271035,-1.040895435468826],[-80.90316881618116,-1.040813873944543],[-80.90319030201451,-1.040682123728388],[-80.90323194127672,-1.040606955765327],[-80.90328324455228,-1.040535221538931],[-80.9033139681941,-1.04047114971516],[-80.90332854880245,-1.040414079980707],[-80.90333960544064,-1.040346949572367],[-80.90337542654873,-1.04024485222557],[-80.90338360126563,-1.040158050247115],[-80.90339535919831,-1.040054221415232],[-80.90340666792984,-1.040002612511856],[-80.90345422715112,-1.039916176350687],[-80.90347444322018,-1.039863648518349],[-80.90349881205947,-1.039803864902268],[-80.90352097017512,-1.039731704551414],[-80.90353211429213,-1.039654658335294],[-80.90353067809924,-1.039591399773101],[-80.90353494399999,-1.039528901356945],[-80.90356064391959,-1.039471375074967],[-80.90357861782184,-1.039405814578728],[-80.90357911334615,-1.039337494127622],[-80.90358294567315,-1.039226942927812],[-80.9035975462537,-1.03913327517094],[-80.90359334543767,-1.039065067666343],[-80.9035955866469,-1.038990907255325],[-80.90359006936052,-1.038912756759458],[-80.90357093614212,-1.038824861934657],[-80.90352106319037,-1.038769364442615],[-80.9035004873783,-1.038681130300503],[-80.9034660515061,-1.038601282552534],[-80.90342298180673,-1.038513613173066],[-80.9033882832183,-1.038442466176832],[-80.90336361982308,-1.038346146362514],[-80.90333210325265,-1.038268674516644],[-80.90329834889,-1.038182370655861],[-80.90326156595329,-1.038110914177878],[-80.90323575830496,-1.038046166588956],[-80.90313642689068,-1.037991070172311],[-80.90306948075313,-1.037939539376652],[-80.90301373221891,-1.037914155538189],[-80.90295669322482,-1.037910236308946],[-80.90289783299413,-1.037913781020833],[-80.90286717216654,-1.037864092462002],[-80.90279193037827,-1.03782727498114],[-80.90271572210659,-1.037798766482226],[-80.90265872877606,-1.037771306250704],[-80.90259779407737,-1.037774669947538],[-80.9024855836967,-1.03777165915514],[-80.9023939995125,-1.037766132048688],[-80.90232361727632,-1.037741561093853],[-80.90226946046428,-1.037719380930994],[-80.90222246665522,-1.037687211898614],[-80.90213917886066,-1.037643361709485],[-80.9020858811712,-1.037596902315073],[-80.90202937834759,-1.037548630651685],[-80.90197896544915,-1.037515940386754],[-80.90193470929883,-1.037547110472531],[-80.90185903846576,-1.037520929833661],[-80.9017820074708,-1.037473673533825],[-80.9017320538237,-1.037384321129011],[-80.90168917681528,-1.037316695965117],[-80.90163507857677,-1.037290050061486],[-80.90159410156105,-1.037255262024232],[-80.90152490815875,-1.037182994785027],[-80.9014558589919,-1.037126171239819],[-80.90140719810084,-1.037087185026223],[-80.90136288645512,-1.037052857387934],[-80.90128213817542,-1.036998689751087],[-80.90122341192439,-1.036972026506092],[-80.90114074881708,-1.036900051968274],[-80.90107528962272,-1.036840853620191],[-80.9010160684901,-1.036773557255501],[-80.90098400931996,-1.036689129833761],[-80.90095899419062,-1.036605001193479],[-80.90092549198046,-1.036563577211425],[-80.90090481983879,-1.036511916646731],[-80.90084774815242,-1.036433058840601],[-80.90080241810722,-1.036371517879246],[-80.90073099266264,-1.036280352617155],[-80.90069032536258,-1.036229544578376],[-80.90063910381024,-1.036188889052738],[-80.90057697717067,-1.036139026679706],[-80.90049350549788,-1.036113905200978],[-80.90040829434936,-1.036097166865773],[-80.90032354609237,-1.036051717030915],[-80.90026719178061,-1.035998590580164],[-80.90018623150002,-1.035970776705796],[-80.9001308655727,-1.035927890889383],[-80.90009139418238,-1.03589090892028],[-80.90004269455143,-1.035827282447244],[-80.90000736807285,-1.035775820453026],[-80.89997540377658,-1.035705305014346],[-80.89992088766131,-1.035649015691163],[-80.89987375879652,-1.03562603865069],[-80.89983201769532,-1.035595398743126],[-80.89977134745051,-1.035593763780639],[-80.89969443059901,-1.03560644108093],[-80.89961478983898,-1.035634561982377],[-80.89954669129608,-1.035675960118596],[-80.89945713414998,-1.035723428286303],[-80.8993607850357,-1.035757859118135],[-80.89924840992076,-1.035765464278683],[-80.89915178634051,-1.035753247371261],[-80.89908597116496,-1.035754398789678],[-80.89898821249821,-1.035766757844854],[-80.89891611690743,-1.035751068470162],[-80.89882729090002,-1.035728967661001],[-80.89873806179664,-1.035720302032132],[-80.89866545450707,-1.035713224731552],[-80.8985940802701,-1.03571016898043],[-80.89852019151112,-1.035751879037335],[-80.89845474299487,-1.035754916810134],[-80.89835512780529,-1.035753520316675],[-80.89825705714367,-1.035769141784257],[-80.89819054048127,-1.035754944468309],[-80.89810718016518,-1.03573394305927],[-80.89802806094987,-1.03572634079174],[-80.89791207994712,-1.035700473604436],[-80.89785463994767,-1.035674304324075],[-80.8978363370562,-1.035625552518411],[-80.89776992045377,-1.035602448160446],[-80.89771484798858,-1.035631062885813],[-80.89767323976062,-1.03568997735313],[-80.89761481039119,-1.03574075325399],[-80.89753445782922,-1.035710424193184],[-80.8974470519597,-1.035688662664953],[-80.89737535011517,-1.035671398139115],[-80.8973139919532,-1.035651930938926],[-80.89727290438128,-1.035619421855287],[-80.89702739408324,-1.035747800017518],[-80.89694909039542,-1.035786763140081],[-80.89682159534159,-1.035822297543376],[-80.89674160184887,-1.035806367203634],[-80.8966214397898,-1.035773150735693],[-80.89655126994798,-1.035743229112072],[-80.89641452483086,-1.035677704293718],[-80.89635430570621,-1.035651284286544],[-80.89628023576445,-1.035597694873033],[-80.89619493503824,-1.035545413323007],[-80.89614726698616,-1.035520273009752],[-80.89609374322923,-1.035492043765046],[-80.89605490118012,-1.035451647331868],[-80.89601084557948,-1.035478759638309],[-80.89595514534334,-1.035464037892197],[-80.89586528874992,-1.035459588190093],[-80.89577885489611,-1.035509074797375],[-80.89573655828312,-1.035563650142748],[-80.89564972203667,-1.035604485734083],[-80.8955806143386,-1.035582975371213],[-80.89552379874173,-1.035566031571264],[-80.89545674839285,-1.035546034882145],[-80.89535050852565,-1.03550197115473],[-80.89528312537759,-1.035461862372472],[-80.89520947282993,-1.035398603229012],[-80.89513722461872,-1.035351191326853],[-80.89508059886197,-1.03532870607377],[-80.894989818815,-1.035308302362708],[-80.89487423350114,-1.035250350751639],[-80.89477662354963,-1.035196109117251],[-80.89472718915205,-1.035176565365546],[-80.89462687957892,-1.035191128114903],[-80.89454149141649,-1.035202117689323],[-80.89448837029605,-1.035229981498119],[-80.89442050967912,-1.03525069746982],[-80.89436142570376,-1.035308386301963],[-80.8943034798747,-1.035331576126524],[-80.89421283365098,-1.035368666884821],[-80.89412572787847,-1.035405603955681],[-80.89404578596695,-1.035434244919728],[-80.89398655396644,-1.035429095031034],[-80.8939090281419,-1.035482878431665],[-80.89383213445666,-1.035501467977355],[-80.89373155563733,-1.035530678215125],[-80.89366953789107,-1.035507705107676],[-80.89360693466048,-1.035522314331999],[-80.89350127773642,-1.035544793222954],[-80.8934156195102,-1.035541080945379],[-80.89333414330859,-1.035515881545052],[-80.89328987517378,-1.035554738062658],[-80.89320285816267,-1.035597899629849],[-80.89313707429524,-1.035603950020842],[-80.89309932263394,-1.035641640563625],[-80.89302534963709,-1.03564734597326],[-80.8929541575934,-1.035652836150675],[-80.8928710395967,-1.035644128947695],[-80.89276124115105,-1.035632626133079],[-80.89266528451518,-1.035594524818393],[-80.8925758525642,-1.035578508104862],[-80.89246332154279,-1.035545391263753],[-80.89237595729946,-1.035516889385576],[-80.89224627062721,-1.035480762829579],[-80.89213385319763,-1.035464396093076],[-80.89205380644893,-1.035403298960375],[-80.89194329951779,-1.035318952017022],[-80.8918228442428,-1.035241173045236],[-80.8916909382728,-1.03515599843918],[-80.89156478732077,-1.035074540643919],[-80.89147328957353,-1.035015458835673],[-80.89138673555465,-1.03494986316278],[-80.89134269566036,-1.034910867920871],[-80.89130072131114,-1.03487015376885],[-80.89123550904117,-1.03485178104205],[-80.89117345127391,-1.03479098578488],[-80.8911354333743,-1.034754795401454],[-80.89109130163666,-1.034720776150635],[-80.89104465395528,-1.034691189973486],[-80.89098379980948,-1.034653903174984],[-80.89089166926651,-1.034622629011821],[-80.89080764158935,-1.034538373423374],[-80.8906833387112,-1.034429078124106],[-80.89060766047066,-1.034362306665201],[-80.89054966961686,-1.034309170050889],[-80.89048232424881,-1.034244733073763],[-80.89041828459838,-1.034210577414512],[-80.89033694334945,-1.03415728618188],[-80.89027518001988,-1.034108311175174],[-80.89019542822668,-1.034045140378723],[-80.89010110026776,-1.033956700055015],[-80.89006204184707,-1.033912129140774],[-80.8899994483403,-1.033827682479526],[-80.88991513979434,-1.033783528874267],[-80.88987882941952,-1.033728701167192],[-80.88984162049873,-1.03366600230585],[-80.88981125927292,-1.033588928480327],[-80.88977171518921,-1.033527264544276],[-80.88972884475758,-1.033486524106721],[-80.88971542165228,-1.033412766695889],[-80.88969800182169,-1.033329755600363],[-80.88971346260955,-1.033271401266632],[-80.88965450155222,-1.033256290269691],[-80.88957522538136,-1.03326791323579],[-80.8895152724302,-1.033293243486156],[-80.88945990446271,-1.033315316879623],[-80.8893812763478,-1.033326662112231],[-80.88927096695285,-1.033304353111902],[-80.88919987811792,-1.033289975414533],[-80.88913902765053,-1.033277668994643],[-80.8890543607156,-1.033253328871396],[-80.88897571399184,-1.033257035485704],[-80.88891495443276,-1.033241110158031],[-80.88882884730191,-1.033225183936679],[-80.88871080632889,-1.033201530221433],[-80.88865226006034,-1.033148375463426],[-80.88857241973302,-1.033073995064754],[-80.8885143128755,-1.033024160667111],[-80.8884779573663,-1.032975827978532],[-80.88837433493592,-1.032935320607649],[-80.88830880406928,-1.032879107621184],[-80.88822881164145,-1.032810888398672],[-80.88816495459302,-1.032748559516619],[-80.88813920341991,-1.032698156281043],[-80.88810789793224,-1.032636882557526],[-80.88807889651355,-1.032589948833319],[-80.88803974136786,-1.032536749516765],[-80.88794566784637,-1.032474971443364],[-80.88786816432032,-1.032430781842336],[-80.88781333154841,-1.032390395610946],[-80.88776287967809,-1.032373888890234],[-80.88769075938319,-1.032349467754372],[-80.887607746732,-1.032287572450855],[-80.88750300902173,-1.032243716621792],[-80.8874312491718,-1.032193347932647],[-80.8873548629763,-1.032146741835348],[-80.88727104605233,-1.032105918484163],[-80.88717030494865,-1.032023756661104],[-80.88708833782722,-1.032007586268321],[-80.88703489521228,-1.031976615565185],[-80.8869492869798,-1.031884131345848],[-80.88686453074527,-1.031819530830489],[-80.88679758058196,-1.03176654583163],[-80.88674816441241,-1.031717654443128],[-80.88671458701157,-1.031648961869493],[-80.8866438747102,-1.031587310356684],[-80.88661520908589,-1.031526119047044],[-80.88654164425287,-1.031430305856873],[-80.88651661377101,-1.031385430517304],[-80.88647448597706,-1.031340672178374],[-80.88643051139725,-1.03126256554873],[-80.88639208804159,-1.03120629017188],[-80.88634256529511,-1.03114702879796],[-80.88630603068864,-1.031106767149694],[-80.88626495584914,-1.031075145477175],[-80.88621044382506,-1.031039678232702],[-80.88614348276832,-1.031015791040261],[-80.88607602729078,-1.030993939463642],[-80.88602537915936,-1.030987333134917],[-80.88594524435895,-1.030982484531009],[-80.88588511865993,-1.030988142332475],[-80.88581880954003,-1.030956117141102],[-80.88574841037511,-1.030936070381216],[-80.88566197342887,-1.030921132936214],[-80.8855533694399,-1.030867258872632],[-80.88548769543958,-1.030819892248815],[-80.88544003118808,-1.030793700497469],[-80.8853466462222,-1.030733170904966],[-80.88520400613045,-1.030645769143533],[-80.88514585528735,-1.030572031815495],[-80.88510478114961,-1.030521365634968],[-80.88505418126874,-1.030447809525114],[-80.88501355642903,-1.030400309903129],[-80.88498025315612,-1.030358389090949],[-80.88494226801612,-1.030314481328745],[-80.88486834019254,-1.030242217223034],[-80.88481662559309,-1.030174084905752],[-80.88476513349146,-1.030117392863716],[-80.88470444236155,-1.030050574786088],[-80.88464197968894,-1.029958105834751],[-80.88460148204238,-1.029898154461307],[-80.88456780875237,-1.029848304608578],[-80.88452421360223,-1.029818399996174],[-80.88448776997534,-1.029773677127352],[-80.88443114699967,-1.029704192060109],[-80.8843809961669,-1.029641402205073],[-80.88433743064067,-1.029612654736951],[-80.88432275565442,-1.029562779338846],[-80.88428754717926,-1.029488364291751],[-80.88421104028808,-1.029451971584052],[-80.88415710909003,-1.029412679146787],[-80.8841079902102,-1.029347084673802],[-80.88402804371067,-1.029281421217632],[-80.88396854316053,-1.029225212901167],[-80.88392315426572,-1.029187574613559],[-80.8838660273112,-1.029161290213764],[-80.88380180502934,-1.029087199801069],[-80.88374694797764,-1.029000561173419],[-80.88370394161183,-1.028944737966725],[-80.88367230605475,-1.028892353137849],[-80.883640040451,-1.028839334976993],[-80.88359374251341,-1.028786506293329],[-80.88355681332905,-1.028723074557945],[-80.88350666220171,-1.028669286721609],[-80.8834572293951,-1.028586185770578],[-80.88340824745717,-1.028512448755478],[-80.88335706100358,-1.028431008816838],[-80.88332214594679,-1.028371127300659],[-80.88328554337744,-1.028298472792642],[-80.88324172937497,-1.02820737335864],[-80.88319402950374,-1.028099433201092],[-80.8831568428154,-1.028023852784955],[-80.88313073971557,-1.02796529611166],[-80.88310130575836,-1.027902452721065],[-80.88305175364768,-1.027788654389624],[-80.88302125785582,-1.02773502559937],[-80.8829878890209,-1.02766841749596],[-80.88295076120673,-1.027580690221853],[-80.88291133674764,-1.027497652060489],[-80.88288442944254,-1.027432846410036],[-80.88285398784416,-1.027372110993738],[-80.88282289203437,-1.027307919497744],[-80.8827708989831,-1.027212545829684],[-80.88272146738701,-1.027121949211818],[-80.88268788088818,-1.027059779686809],[-80.88264617762535,-1.027010065231934],[-80.88262068342036,-1.026941082509907],[-80.88258631643508,-1.026887615519939],[-80.88254820130274,-1.026811835120455],[-80.88250534141686,-1.026758059304115],[-80.88246925207065,-1.026686352057837],[-80.88244640154132,-1.026635092120912],[-80.88240467932732,-1.026563096962704],[-80.88236510458322,-1.026510322798885],[-80.88233131620258,-1.026438866246053],[-80.88228977771816,-1.026381435381367],[-80.88225735751232,-1.026305221826632],[-80.88220885297432,-1.026229564082414],[-80.88216788030526,-1.026159687819444],[-80.88212286186537,-1.026070763293731],[-80.88208972515092,-1.02599888425614],[-80.88207583260926,-1.025937303529631],[-80.88203818698602,-1.025902262074567],[-80.88202129043658,-1.025845218439997],[-80.88199430712433,-1.025770491551071],[-80.88195628066164,-1.025703938456274],[-80.88193429322556,-1.025646777018039],[-80.8819283928405,-1.025563883040448],[-80.88190661529094,-1.025494135054515],[-80.88188725602004,-1.025411744509839],[-80.88187041155966,-1.025331450309864],[-80.88187091122269,-1.025260023073912],[-80.88188231498543,-1.025148619091738],[-80.88188434011207,-1.025072441193302],[-80.88188577987403,-1.025002686831442],[-80.88189386515303,-1.024917289994477],[-80.88189050755916,-1.024833263393504],[-80.88188657642664,-1.024751808908704],[-80.88187413414425,-1.024677586491904],[-80.88184894360045,-1.024613200693508],[-80.8818103860934,-1.024567314246795],[-80.88177056945844,-1.02451838244346],[-80.88174611451014,-1.024468657765269],[-80.88171927812267,-1.024407442971579],[-80.88171177978728,-1.024345259029403],[-80.88169482221456,-1.024285892054195],[-80.88164286204135,-1.024227345269864],[-80.8816043786595,-1.024170144314283],[-80.88155244176384,-1.024114187761739],[-80.88148049692714,-1.024042243041677],[-80.88140922547392,-1.023990198709953],[-80.88133992427252,-1.023936898689826],[-80.88127264096542,-1.023882200941216],[-80.88122492506349,-1.023822265554529],[-80.8811681213033,-1.023760651560693],[-80.88111198310658,-1.023711549958563],[-80.88105656558432,-1.023642861053588],[-80.88103510396597,-1.023586124852997],[-80.88099151388656,-1.023519354409018],[-80.88094390567896,-1.023439754792662],[-80.88087566136642,-1.023365817992527],[-80.88082488078551,-1.023323022530462],[-80.88075468520005,-1.023272083802965],[-80.88068344635869,-1.02323826698408],[-80.88060377702672,-1.023169482168953],[-80.88053686307926,-1.023117005525251],[-80.88047913823368,-1.023074960721416],[-80.88043826149331,-1.023037924209689],[-80.88040646036366,-1.022993491898944],[-80.88036560057614,-1.022935601441532],[-80.88030070827826,-1.022853313227216],[-80.88024507439218,-1.022802964014033],[-80.88021182033931,-1.022746236414349],[-80.88016502106002,-1.02269181535803],[-80.88010995385054,-1.022605963792401],[-80.88008336867094,-1.022534118462971],[-80.88005595727492,-1.02246783717024],[-80.880029247399,-1.022413823994853],[-80.87998317666245,-1.0223460672958],[-80.87993347246294,-1.022314761889348],[-80.87989985882339,-1.022259934199596],[-80.87983660309246,-1.0221830119728],[-80.87981546563802,-1.022135350185934],[-80.87978697444191,-1.022077989454132],[-80.87972648820359,-1.021994661866742],[-80.87967301150476,-1.02191992944428],[-80.87964440573104,-1.02182588204893],[-80.87962418393671,-1.021760433373402],[-80.87957671016709,-1.021716823766894],[-80.87952768205533,-1.021681076174161],[-80.87949139839611,-1.021641085894814],[-80.87945703917012,-1.021550973841499],[-80.87941453664907,-1.021510060505676],[-80.8793559271422,-1.021451178693312],[-80.87929784724646,-1.021410834745367],[-80.87921652597991,-1.021317635797672],[-80.87916628397478,-1.021271310997548],[-80.87911613160918,-1.021231502040195],[-80.87902719511168,-1.021199335647196],[-80.87899064078724,-1.021162919022615],[-80.87892533152286,-1.021104258608048],[-80.87882613431393,-1.02109211794108],[-80.87877512854958,-1.021039822817045],[-80.87869822068183,-1.021037347280071],[-80.87864828199484,-1.021076097531022],[-80.87857442225233,-1.021043117445416],[-80.87849317180631,-1.021003577810461],[-80.87842746791311,-1.020994437573577],[-80.87836329410524,-1.02097724532841],[-80.87830163548118,-1.020975976363061],[-80.87823224748527,-1.020963217076229],[-80.87815715041934,-1.020992934475984],[-80.87806668409873,-1.021010075589871],[-80.87800506928166,-1.021038888773916],[-80.87795774572282,-1.021064807378153],[-80.87790309807627,-1.021057567478422],[-80.87782777714082,-1.021065073827714],[-80.87776315235702,-1.021065704663798],[-80.87771245955301,-1.021056926877264],[-80.87764100269112,-1.021062578680912],[-80.87754864983984,-1.021077503127614],[-80.87746005427522,-1.021086016824398],[-80.87740578194042,-1.021112917686068],[-80.87728956510368,-1.02111626071104],[-80.87722601815996,-1.021112639363466],[-80.87710658739121,-1.021086312660998],[-80.87698576376847,-1.021051936549938],[-80.87691817819467,-1.021007860200598],[-80.8768525671179,-1.020969044005383],[-80.8768088863528,-1.02092661155865],[-80.87674892682858,-1.020916531498827],[-80.87670277441511,-1.020871762952027],[-80.87662903032093,-1.020800229723747],[-80.8765542603344,-1.020714262449928],[-80.87649603320229,-1.020647314971995],[-80.87643655293445,-1.020585371486376],[-80.87638861389736,-1.020558643110746],[-80.87629777357243,-1.020507993013879],[-80.87624173430707,-1.020460800317167],[-80.87618773624061,-1.020390356231232],[-80.8761157696589,-1.020328352545235],[-80.87606932179406,-1.020277278037042],[-80.87603368542592,-1.020235099217174],[-80.87597139996303,-1.020173484936393],[-80.87592502374828,-1.020105719132857],[-80.87588179275396,-1.020054419470611],[-80.87583559124187,-1.020001513803265],[-80.875765490125,-1.019952253254218],[-80.87572621334732,-1.019915809350692],[-80.87567767930362,-1.019865866569745],[-80.87562321229757,-1.019813118905873],[-80.8755715837532,-1.019783643627434],[-80.87551395661437,-1.019728445840158],[-80.8754575320542,-1.019674195347378],[-80.8753760481335,-1.019607718310539],[-80.8753170778335,-1.019561348787747],[-80.87526541128014,-1.019515427388356],[-80.87524735215105,-1.019449503799692],[-80.87522168753055,-1.019399883082968],[-80.87515383754322,-1.019338245049923],[-80.87510228078355,-1.019288882073866],[-80.87503426105349,-1.019223911020404],[-80.87494247544119,-1.01919127395611],[-80.87486854742109,-1.019183047103894],[-80.87482750297815,-1.019162584208175],[-80.87482728314524,-1.024841250860376],[-80.87485105288341,-1.025104567858605],[-80.87489859973759,-1.025487571128153],[-80.87506505733725,-1.025774829174622],[-80.87516016592464,-1.02618177156053],[-80.87513637110166,-1.026564772026362],[-80.87506501739908,-1.026804145321705],[-80.87492231826849,-1.027115328453178],[-80.87470827371202,-1.02747438415922],[-80.87458935729312,-1.027713755557997],[-80.87456556890768,-1.027929192559711],[-80.87480336362906,-1.028360078743049],[-80.87493945955744,-1.028664229562921],[-80.87494602740298,-1.028982461859982],[-80.8748984124738,-1.030322965747914],[-80.87485080398322,-1.031495905269736],[-80.87489834522827,-1.032022534732718],[-80.87494589205389,-1.032429476150085],[-80.8750647862398,-1.032764606839606],[-80.87523123955489,-1.033123677558976],[-80.87530257381101,-1.033410931869582],[-80.87527877891705,-1.033746056915277],[-80.87523120028291,-1.034152994569723],[-80.8752549718286,-1.034416308847938],[-80.87548192888156,-1.034759934661338],[-80.87577813899064,-1.034942956187848],[-80.87625375280152,-1.035254163646755],[-80.8766818011572,-1.035637182736721],[-80.87691960307086,-1.035924442639896],[-80.8771098385485,-1.036307451476659],[-80.87701469819554,-1.036690450068477],[-80.87680065401297,-1.037025567692311],[-80.87656282885895,-1.037336747113983],[-80.87651525213435,-1.037695809391678],[-80.87651524192263,-1.03795912273587],[-80.87639632325659,-1.03827030680327],[-80.87637252927789,-1.038605432761244],[-80.87625360684153,-1.039012366711461],[-80.87622981096939,-1.039395367158818],[-80.87620601884895,-1.03965868046366],[-80.87625357050192,-1.039945932925647],[-80.87647886863118,-1.040154494781163],[-80.87694321652403,-1.040257148806347],[-80.8772999356143,-1.040281100939552],[-80.87758530627643,-1.04042473739436],[-80.87782311047272,-1.040616247374231],[-80.87808469559661,-1.04090350906894],[-80.878251154159,-1.041166828897573],[-80.87834626428652,-1.041573771252203],[-80.87827490759054,-1.041884957236917],[-80.8782749002203,-1.04210039609417],[-80.87838023497397,-1.042423351293863],[-80.87851269169704,-1.04267490654459],[-80.87851268619112,-1.042818532751568],[-80.87839377390549,-1.042962154336792],[-80.87817973490213,-1.043129709459834],[-80.87787056913878,-1.043345135346897],[-80.87772786658698,-1.04370419391708],[-80.87772786008969,-1.043895694614775],[-80.8779418826042,-1.044111140930511],[-80.8781796879517,-1.044326589067197],[-80.87867908524444,-1.044637797263746],[-80.87917148896695,-1.044924073577263],[-80.88029879107704,-1.045646220737325],[-80.88070871852996,-1.045904130503118],[-80.88075994477035,-1.046316763684189],[-80.88050372499939,-1.046574647930925],[-80.87999129048002,-1.046884101646356],[-80.8797863027789,-1.047348303396134],[-80.87968379459532,-1.047967246239537],[-80.87949163422564,-1.049267721359385],[-80.87949154525407,-1.051613785226834],[-80.87708392501222,-1.052449657764441],[-80.87691962203961,-1.052377635037445],[-80.8765573073132,-1.052354007274005],[-80.87625288722279,-1.052089000835238],[-80.87602064213552,-1.051814949997052],[-80.87590164148821,-1.051725648763593],[-80.87423722774957,-1.051057893837253],[-80.87378161913217,-1.050941979925014],[-80.87357318572845,-1.050830328240522],[-80.87298231809184,-1.050396849852234],[-80.87273543132731,-1.049907473410443],[-80.87261427447854,-1.049798448953212],[-80.87246857481455,-1.049812194812077],[-80.87220341352123,-1.050004166785044],[-80.87207182624792,-1.050018184622274],[-80.87157469567696,-1.049797501428841],[-80.8710790743078,-1.050059580028787],[-80.87089679394352,-1.050061562854893],[-80.87075909605154,-1.050020211150127],[-80.8707577595014,-1.049735673861548],[-80.87072046421287,-1.049593540759517],[-80.870403995609,-1.049408692056886],[-80.87028580652945,-1.049283925412396],[-80.86988712562457,-1.048397729653601],[-80.86936443914234,-1.048896211753501],[-80.86931031445374,-1.049272304059215],[-80.86937581844519,-1.049757782760679],[-80.8693568512944,-1.049806003856531],[-80.86915416124086,-1.049963146223561],[-80.8687455492079,-1.050140998103004],[-80.8686384948033,-1.050252727228767],[-80.86851174976346,-1.05051798750462],[-80.8684872933764,-1.050719287985416],[-80.86864187321791,-1.051141258700383],[-80.86820989285468,-1.051268082049745],[-80.8681514649537,-1.051395103988469],[-80.8681590898441,-1.051733652744332],[-80.86807180590354,-1.051951507027923],[-80.86787918078548,-1.052127106120238],[-80.86767155029742,-1.052184185467041],[-80.86726546040592,-1.052224790296009],[-80.86686251514408,-1.052294798795614],[-80.86655978416684,-1.052469669281265],[-80.86591208931715,-1.052541295608336],[-80.86580710305311,-1.052628958994347],[-80.86564000008073,-1.05290435028634],[-80.86554866869295,-1.053160383723579],[-80.86552951567344,-1.053328119054029],[-80.8655724938683,-1.053389461329019],[-80.86182699473079,-1.053389296448586],[-80.86143140899011,-1.053089791965633],[-80.86109922729207,-1.05232066168648],[-80.86096636453662,-1.051785619992728],[-80.86086671874789,-1.051350898479043],[-80.86080030560873,-1.050682099698392],[-80.8605345506659,-1.050280810292406],[-80.86013589905428,-1.050113593642891],[-80.85957112935776,-1.050180448188442],[-80.85897313978965,-1.050213860653443],[-80.85840837459284,-1.05018039539533],[-80.85794328194012,-1.04997973498736],[-80.85774395956628,-1.04981252716226],[-80.85754463659987,-1.049678758886557],[-80.8571792172367,-1.049277464689752],[-80.85734534697166,-1.048809315773781],[-80.8575114727269,-1.048408045959931],[-80.85734537724252,-1.048140520967365],[-80.8569467245938,-1.04800674352559],[-80.85585042565612,-1.047739174671534],[-80.85525244275124,-1.047638827349317],[-80.85425579358049,-1.047705660866313],[-80.85347665753255,-1.047671048402904],[-80.8534584950118,-1.047304346076004],[-80.85325918795617,-1.046836180225412],[-80.85299343587563,-1.04640145078946],[-80.85256157019386,-1.046100471701592],[-80.85189714047192,-1.046100440210637],[-80.85106660402549,-1.046066961097267],[-80.85060151572488,-1.045799420638133],[-80.85033576727542,-1.04529781193871],[-80.85010325128395,-1.044562126167918],[-80.84973785502487,-1.043726114452909],[-80.84933922404458,-1.043157619315991],[-80.8487412695026,-1.042488794967923],[-80.8479107485899,-1.042154357430121],[-80.84681445605526,-1.041819906703793],[-80.84605037411328,-1.041585790607499],[-80.84494527274207,-1.041287981119837],[-80.84354343962413,-1.040178990004534],[-80.84303920944828,-1.040037284875339],[-80.84289009928938,-1.039960013897513],[-80.84249833694628,-1.039302078271419],[-80.84232397509196,-1.039123024451101],[-80.84215733949644,-1.039016439479155],[-80.84142589073048,-1.038827767473308],[-80.84103536083222,-1.038697014979263],[-80.84022572414433,-1.038327936622125],[-80.83967233258215,-1.038118012266182],[-80.83941879192551,-1.03780415027974],[-80.83902531417998,-1.03731702631859],[-80.83851858155475,-1.036909059931958],[-80.83789590320174,-1.036470417343097],[-80.83770041056086,-1.036468416871912],[-80.83750994837038,-1.036523866669128],[-80.8367745954924,-1.037120042188022],[-80.83607845708784,-1.037205231042861],[-80.8357832818909,-1.037274788967764],[-80.83526769579322,-1.037748023451755],[-80.83504199647518,-1.037868792350167],[-80.83469495656841,-1.037993626109042],[-80.83427199678202,-1.037537803584911],[-80.83397746797648,-1.03727614169776],[-80.83337886836078,-1.037033824801426],[-80.83321970625386,-1.036681968992198],[-80.83270417600721,-1.036087085250955],[-80.83258438109763,-1.035755949709966],[-80.83239951437092,-1.035377403141879],[-80.83238522671631,-1.035310181350681],[-80.8324154377797,-1.035103996241972],[-80.83231524467426,-1.034629010544862],[-80.83262211138411,-1.034423382968811],[-80.83265530010708,-1.033995721446331],[-80.83281836189948,-1.033679890757028],[-80.83281072507508,-1.033620359477808],[-80.8326117463554,-1.033253935494159],[-80.83257184615401,-1.033115781942399],[-80.83271234962517,-1.032761499261909],[-80.83281430224771,-1.032246625922525],[-80.83264698308088,-1.031474796559209],[-80.83225907640329,-1.031052269651369],[-80.83218691362147,-1.030821199180437],[-80.83215862144881,-1.030429361488004],[-80.83210497381475,-1.030207067827234],[-80.83176828570531,-1.030053427732255],[-80.83173539125917,-1.030011718184511],[-80.83158891177274,-1.029490046248739],[-80.83152204413258,-1.02941015551994],[-80.83134686931828,-1.029329897137472],[-80.83101090640892,-1.029061990319207],[-80.83091761851493,-1.028889454386217],[-80.83085821864076,-1.028665712854718],[-80.83076323276028,-1.028308160674911],[-80.8301675066666,-1.028152787645141],[-80.8300188479797,-1.028053802829234],[-80.82987605997643,-1.027418407205275],[-80.82951647574536,-1.026826426725847],[-80.82941554415166,-1.026727715872909],[-80.82931505942375,-1.026677045908102],[-80.82874026847577,-1.026664982138868],[-80.82865308534925,-1.026630507438696],[-80.82854703239266,-1.026497235816066],[-80.8283083396326,-1.025892686103688],[-80.82824353722222,-1.025853960400497],[-80.82718077834355,-1.025881587373632],[-80.82703553312756,-1.025824129481293],[-80.82695465029211,-1.025630514078486],[-80.82696149596238,-1.025357016292531],[-80.82693902969372,-1.025281199173264],[-80.82678714557348,-1.024995117082383],[-80.82675384336531,-1.024180230089129],[-80.8266622568032,-1.024133541331281],[-80.82620170961523,-1.02404611986546],[-80.82606527648849,-1.023921531885051],[-80.8260414658445,-1.023774874780017],[-80.82604373655396,-1.023335450323529],[-80.82601336202238,-1.023236200412512],[-80.82594649470263,-1.023155223939483],[-80.82523466240869,-1.02264627760799],[-80.82437308391671,-1.022215762504601],[-80.82422658441563,-1.02208791690849],[-80.82420115548761,-1.021950578374913],[-80.8243226078256,-1.021531426339862],[-80.82435336854498,-1.021138415837243],[-80.82433988875218,-1.021094355027074],[-80.82408014264749,-1.020898558416178],[-80.82387603606452,-1.020647305264077],[-80.82388367856107,-1.020599626720653],[-80.82412790564018,-1.02023458395611],[-80.8240515148051,-1.020083852701205],[-80.82396828880267,-1.020010474988013],[-80.82355735520261,-1.019951283377736],[-80.82338748256134,-1.019899704722533],[-80.82336537410178,-1.019857271938065],[-80.82337232036073,-1.019391067958111],[-80.8233257674636,-1.019289193446639],[-80.82325107830059,-1.019250829017309],[-80.82296408820731,-1.019241946855715],[-80.82287582652017,-1.019212267019498],[-80.82279674265668,-1.019000647664257],[-80.8225377101843,-1.018908622868636],[-80.82247830533954,-1.018788019848444],[-80.82243607461707,-1.018542837267944],[-80.82243366772782,-1.018179138034768],[-80.8223795636995,-1.018098433643047],[-80.82224070094841,-1.018032652497169],[-80.82158142648835,-1.01796648051868],[-80.82147294425658,-1.017888487259754],[-80.82145021177035,-1.017753229742681],[-80.82147745177362,-1.017643669173523],[-80.82176257353443,-1.017300161301691],[-80.82181821819381,-1.017149708776145],[-80.82181930319233,-1.017032547064773],[-80.82174614661541,-1.016911490914282],[-80.82164503503678,-1.016826622172715],[-80.82120579706908,-1.016627648894271],[-80.82094999826366,-1.016577331970112],[-80.81958291026244,-1.016518448324675],[-80.81953033643642,-1.016399474162611],[-80.8195932658929,-1.016170492056943],[-80.81959461869111,-1.016087890831756],[-80.81956603883117,-1.016046090976573],[-80.81920607331871,-1.015899505437702],[-80.81911520775444,-1.015824227284469],[-80.81925185249058,-1.015364635194913],[-80.81924529899733,-1.015223769301272],[-80.81919020617131,-1.015147226551846],[-80.8191238755743,-1.015118271650863],[-80.81829364843328,-1.015047023030775],[-80.8182443951086,-1.015020511833683],[-80.81815039533686,-1.01473787075804],[-80.81806959772206,-1.014640789307748],[-80.81784157639119,-1.014519000554415],[-80.81777273174083,-1.014443814095259],[-80.81773957734481,-1.01423473051868],[-80.8177574931799,-1.013706915599059],[-80.8176071652734,-1.012938253641494],[-80.81760241232989,-1.012745999539561],[-80.8176534811971,-1.012451062432817],[-80.81787227783617,-1.011977994664377],[-80.81790618597806,-1.011564990101803],[-80.81803592077873,-1.010907444059768],[-80.81796683939287,-1.010242106170267],[-80.8178222659587,-1.009435084255145],[-80.81787256414817,-1.008449933177275],[-80.81800759857465,-1.00784848028664],[-80.8182655917023,-1.007214283274237],[-80.81830739491329,-1.007058401677341],[-80.81829769459857,-1.006935358670958],[-80.81823055822046,-1.006852572659596],[-80.81814508361555,-1.006815745596199],[-80.81747727914959,-1.00663783931023],[-80.81735396787353,-1.006544826740111],[-80.81725007461664,-1.006384232383553],[-80.81727165264587,-1.006264900512846],[-80.81802211603,-1.0053856414997],[-80.8180668830699,-1.005269658395889],[-80.81806932354827,-1.005022126050463],[-80.81803356367423,-1.004793228877404],[-80.81798422381537,-1.004708815363429],[-80.81747490203045,-1.004124968394891],[-80.81740435371142,-1.003979846706912],[-80.81737749812605,-1.003641840326793],[-80.81743033469608,-1.003346545013343],[-80.81744322128931,-1.003274526090721],[-80.81749356677865,-1.00305260012847],[-80.81767112212385,-1.002312093513069],[-80.8177199360498,-1.002154402857542],[-80.81776730957448,-1.002038419895413],[-80.81781962532757,-1.001944241056719],[-80.817880209749,-1.001856395747083],[-80.81794079372759,-1.001776512006842],[-80.81799014184655,-1.00171065085884],[-80.81801998493661,-1.001661526013663],[-80.81803346942613,-1.001618190487534],[-80.81803661810837,-1.00156634997812],[-80.81803491423766,-1.001496324245039],[-80.81803231214893,-1.001415622718525],[-80.81803213676278,-1.001336278413561],[-80.81803690421846,-1.001267700600337],[-80.81804679438697,-1.001207898896041],[-80.81806090870101,-1.001152530575183],[-80.81807960696732,-1.001096438730897],[-80.81810657470584,-1.001032114359589],[-80.8181463962672,-1.000951596145441],[-80.81820068974044,-1.000850541502643],[-80.81825848912746,-1.000739082727563],[-80.81830595205287,-1.000630970853393],[-80.81833229223976,-1.000537152440359],[-80.81833957696975,-1.000457175242545],[-80.81833328913703,-1.000387873031883],[-80.81831765332107,-1.000325808092541],[-80.81829293941304,-1.000266456819389],[-80.81825824886603,-1.000205114597279],[-80.81821439075561,-1.000139067299088],[-80.81816909454196,-1.000073291337657],[-80.81813179730659,-1.000014753614039],[-80.81812595577352,-1.000001906207274],[-80.81811058806032,-0.9999678877272798],[-80.81810771409653,-0.9999276273482849],[-80.81812407463889,-0.9998863728454667],[-80.81816047891587,-0.9998386054468966],[-80.81821737619515,-0.9997867679316385],[-80.8182953953914,-0.9997353839535633],[-80.81839192975745,-0.9996882532068128],[-80.81849214892308,-0.9996466414783356],[-80.81857807671237,-0.999611542964729],[-80.81863506270112,-0.9995808759877889],[-80.81866220871423,-0.9995431505038681],[-80.81866176255154,-0.9994840719988503],[-80.81863767945215,-0.9993946839247626],[-80.81860101401747,-0.9992880149221434],[-80.81856452831106,-0.9991819792362975],[-80.81853972639873,-0.9990884293916622],[-80.81853227155078,-0.9989928901184157],[-80.81854647919513,-0.9988741911135577],[-80.81858378816216,-0.9987187615955834],[-80.81863278276019,-0.9985421621825452],[-80.8186794403573,-0.9983673720859797],[-80.81871207542942,-0.9982135708077778],[-80.81873059785141,-0.9980852819641512],[-80.81873752424194,-0.9979832294746416],[-80.81873429277098,-0.9979059658607953],[-80.81871829740342,-0.997844353265279],[-80.81868549413878,-0.9977869919405435],[-80.81863570369241,-0.9977251965254084],[-80.81858204852759,-0.9976607771956196],[-80.81854115631425,-0.9975979870769578],[-80.81852525061832,-0.9975402647996959],[-80.81852857915253,-0.9974863434310492],[-80.81854116527404,-0.9974344129690138],[-80.81855366153923,-0.9973820301398179],[-80.81855950677719,-0.9973272041865755],[-80.8185526791254,-0.9972674920202422],[-80.8185300328052,-0.9972021696871849],[-80.81849857824717,-0.9971358516688439],[-80.8184681120887,-0.9970747811047715],[-80.81844645369362,-0.9970233915767466],[-80.81843387285173,-0.9969789689277347],[-80.81842902158739,-0.9969372608798324],[-80.81843082156198,-0.9968941056426104],[-80.81843927295351,-0.9968462462093868],[-80.81845500508389,-0.9967907874980853],[-80.81847640020717,-0.9967258294981605],[-80.81849366120643,-0.9966539048934493],[-80.81849519330078,-0.9965785414647286],[-80.81847308682185,-0.9965030862526021],[-80.81843606005813,-0.9964298015506045],[-80.81839678605006,-0.9963607689268343],[-80.81836569081875,-0.9962981602973855],[-80.81834349324427,-0.9962449612916372],[-80.81832884493497,-0.996204519313892],[-80.81831221982452,-0.9961536728998653],[-80.81826002839254,-0.9956215113194276],[-80.8182552705418,-0.9955152964523108],[-80.81825994841394,-0.9954406569778342],[-80.81827478203836,-0.9953795889272642],[-80.8182996823414,-0.9953173452935005],[-80.81832997563605,-0.995252116368917],[-80.81835954997455,-0.9951852589006762],[-80.81838409118251,-0.9951151441464106],[-80.81840485831421,-0.9950284727324146],[-80.81842463854953,-0.9949090502523746],[-80.8184450501612,-0.9947490961689027],[-80.81846384471687,-0.9945745759378327],[-80.81847751498519,-0.9944201402968105],[-80.81848112305619,-0.9941848217669644],[-80.81846154101777,-0.9939668726559034],[-80.81844761388481,-0.9938874371123347],[-80.81842667639813,-0.9938021204745269],[-80.81839603223874,-0.9937092036175273],[-80.81835496234434,-0.9936090483910647],[-80.81831065667691,-0.9935103405438923],[-80.81827174317579,-0.9934237562974175],[-80.81824550174535,-0.9933568052644121],[-80.81823157310997,-0.9933049638048033],[-80.81822771067337,-0.9932606321120687],[-80.81823283629488,-0.9932160294997345],[-80.81824964675796,-0.993164370686344],[-80.81828173766445,-0.9930985990229715],[-80.81833027773017,-0.9930137385911452],[-80.81838636863276,-0.9929126840147404],[-80.81843895481684,-0.9928002297196911],[-80.81847985689235,-0.992681351236655],[-80.81851428753471,-0.9925631961743308],[-80.81855042545813,-0.9924531837220628],[-80.8185937530131,-0.9923578281958498],[-80.81863797844302,-0.9922794815308721],[-80.81867393384358,-0.9922200431421402],[-80.81869460862784,-0.9921779746125026],[-80.8187000934405,-0.9921392527240016],[-80.8186925463377,-0.992086868783062],[-80.81867385552255,-0.9920077043945099],[-80.81864456012578,-0.9919045642327831],[-80.81860474965958,-0.9917842337334121],[-80.81855622131953,-0.9916543126777809],[-80.81850733340674,-0.9915253867986848],[-80.81846806199856,-0.9914093085320559],[-80.818446046473,-0.9913144017611587],[-80.81844020846097,-0.9912370475301202],[-80.81844695314037,-0.9911700078478985],[-80.81846322486835,-0.9911079446735728],[-80.81848731593715,-0.9910504960232203],[-80.81851769831118,-0.9909989284259523],[-80.81855374279334,-0.9909538751537923],[-80.81859823576873,-0.9909136173843933],[-80.81865486245073,-0.990875983982562],[-80.81872479147093,-0.9908375370604005],[-80.81879984417711,-0.9907897717602908],[-80.8188693253301,-0.9907230069452879],[-80.81892676388118,-0.9906309996633383],[-80.81898312480688,-0.9905216216175888],[-80.81905386691024,-0.9904062731811507],[-80.81914806753693,-0.9902954496510858],[-80.81925143534599,-0.9901958451993522],[-80.81934347731821,-0.9901129775184928],[-80.81940837431773,-0.9900504646392392],[-80.81945008135186,-0.9900033307977765],[-80.8194774070832,-0.9899644291572827],[-80.8194975422879,-0.9899273365707445],[-80.81951219490811,-0.9898880723457211],[-80.81952136512004,-0.989843379475417],[-80.81952316563212,-0.9897896389599908],[-80.81950690093781,-0.9897221456480736],[-80.8194598082984,-0.9896359228578433],[-80.81937559615206,-0.9895298845746936],[-80.81927430703568,-0.9894185074816733],[-80.81918263441636,-0.9893201589416379],[-80.81912098040236,-0.9892482299914747],[-80.81908485134612,-0.989195844482353],[-80.81906382177448,-0.9891510594842856],[-80.81904890415866,-0.9891045558457421],[-80.81903794133139,-0.9890570572277112],[-80.81903030395381,-0.9890118206024711],[-80.81902590205728,-0.9889704744685162],[-80.81902671333215,-0.9889270477551692],[-80.81903525482892,-0.9888741218626507],[-80.81905251547064,-0.9888072636968559],[-80.81907346156198,-0.9887338012468803],[-80.81909162114202,-0.988664409902313],[-80.81910079215109,-0.9886049700300391],[-80.8190963014501,-0.9885437199603047],[-80.81907383568091,-0.9884641030051995],[-80.81903402463392,-0.9883545387303201],[-80.81899736066798,-0.988221542273152],[-80.81898909952992,-0.9880765145428541],[-80.81902505968763,-0.987927960812911],[-80.81908375982388,-0.9877744323451623],[-80.81913392181535,-0.9876118561662396],[-80.81915253632482,-0.9874399595997403],[-80.81914841080751,-0.9872738520222697],[-80.81913817209609,-0.9871324430790053],[-80.81913620043886,-0.9870267711917222],[-80.8191466314422,-0.9869362088763012],[-80.81917153388567,-0.986832347907665],[-80.81921009991466,-0.9866953747822009],[-80.81925127344836,-0.9865402168427977],[-80.81928148128821,-0.986390577119991],[-80.819290925454,-0.9862656352310495],[-80.81928625705305,-0.9861660248469519],[-80.81927754288931,-0.9860877657317673],[-80.8192769171623,-0.9860240731173775],[-80.81930208730402,-0.9859559487638307],[-80.81937219897463,-0.9858616803358871],[-80.81950037541432,-0.9857276976831314],[-80.81967403234754,-0.9855731802633585],[-80.81987438333448,-0.9854253592432372],[-80.82008210293539,-0.9853063993099056],[-80.82027445138989,-0.9852175658423192],[-80.82039597212894,-0.9851677221335393],[-80.820428239838,-0.9851545149104481],[-80.82052711033012,-0.9851126315405024],[-80.82058319709208,-0.9850845881296095],[-80.82061555517356,-0.9850621527221932],[-80.82064018361808,-0.9850385407542177],[-80.8206607676746,-0.9850107668354724],[-80.82067802648642,-0.9849769310841481],[-80.82069213986233,-0.9849361287857904],[-80.82070247847155,-0.9848915264411318],[-80.82070832304028,-0.9848474666876683],[-80.8207082353596,-0.9848063017304867],[-80.82069871030421,-0.9847642315381933],[-80.82067579345909,-0.9847153751891113],[-80.82063795705479,-0.9846561137035508],[-80.8205932900456,-0.9845914235024509],[-80.82055212829371,-0.9845280905772711],[-80.82052283033913,-0.9844720865607997],[-80.82050593537527,-0.9844250399859646],[-80.82049973564848,-0.9843874935949088],[-80.82050441098178,-0.9843582712558572],[-80.82052715215417,-0.9843305879265358],[-80.82057658813409,-0.9842956682488477],[-80.8206565840642,-0.9842479936126978],[-80.82075060165181,-0.984193805718192],[-80.82083715903023,-0.9841424220622486],[-80.82089953811084,-0.9841008081188534],[-80.82094070504768,-0.984066973656553],[-80.82096865940127,-0.9840367573768987],[-80.82099014239446,-0.9840062693301235],[-80.82100740113361,-0.983973609716827],[-80.82102151425343,-0.9839374215089549],[-80.82103320084381,-0.9838968000211423],[-80.82104219122556,-0.9838524690182453],[-80.82104758651973,-0.9838058760105498],[-80.82104839815983,-0.9837548496065693],[-80.82104184072773,-0.9836831046194449],[-80.82102476945816,-0.9835710988356965],[-80.82099538735568,-0.983407432632788],[-80.82095809737,-0.9832142719925656],[-80.82091856031487,-0.9830223778451881],[-80.82088252722009,-0.9828561780557125],[-80.82085584032463,-0.9827151301049497],[-80.8208441624244,-0.9825927202838756],[-80.82085090933991,-0.9824818919275913],[-80.82086844170429,-0.9823742306879667],[-80.82088678328215,-0.9822610506736993],[-80.8208991034804,-0.9821367422259186],[-80.82091250241199,-0.9820091768287112],[-80.82093704605585,-0.9818895736054144],[-80.82098163209753,-0.9817863469707788],[-80.82104895702693,-0.9816978685652771],[-80.82114009964084,-0.9816197052966374],[-80.82125326253318,-0.9815481476964721],[-80.82130101274795,-0.981521910546661],[-80.7779240432874,-0.981290402753217],[-80.77788664246502,-0.9814539567774005],[-80.77784501056004,-0.9816921319763167],[-80.7777950472806,-0.9820452062913461],[-80.7777617413162,-0.982236703823162],[-80.77775578883093,-0.9823551939409327],[-80.777734380665,-0.982431792592621],[-80.77768680909884,-0.982580201788366],[-80.77766540048246,-0.9826771467283636],[-80.7776332859036,-0.9828339355861857],[-80.77759879404732,-0.9829763609195935],[-80.77758333253722,-0.983036203613807],[-80.77757143741056,-0.9831104090060592],[-80.77757143226233,-0.9831882060363313],[-80.77756667130105,-0.9832564271717672],[-80.77759044598069,-0.9833569668846991],[-80.77763799745365,-0.9835125632300787],[-80.77768792482856,-0.9836897038761377],[-80.77782462516112,-0.9842857564579361],[-80.7779423079892,-0.9847704980292918],[-80.77799936039575,-0.985093658547754],[-80.77802788636305,-0.9852588282912221],[-80.77812419075674,-0.9853845069467297],[-80.77839684830907,-0.9856387185848661],[-80.77857281510894,-0.9858062930000102],[-80.77866793082038,-0.9859259859278636],[-80.7787202450205,-0.9859738645959765],[-80.77872975397078,-0.986033708966275],[-80.77873212445165,-0.9861510026991452],[-80.77872021798987,-0.9863831960612401],[-80.77872972140565,-0.9865268212970761],[-80.7787630070706,-0.9866297546388552],[-80.77886763338894,-0.9867709932510706],[-80.77891756901172,-0.9868380211040204],[-80.77894134647126,-0.9868835039691107],[-80.77893658586086,-0.9869601037396905],[-80.77892231297773,-0.9870271272972104],[-80.77891279580525,-0.9870917581832828],[-80.77891279264347,-0.9871396333516741],[-80.77892230191219,-0.9871946899342845],[-80.7789436998823,-0.987259322889031],[-80.77895534226445,-0.9873104540261295],[-80.77898982045097,-0.987361922343041],[-80.77906829426618,-0.9874098027616327],[-80.77917411557448,-0.9874624718909927],[-80.77923356464012,-0.9875079571404938],[-80.77926923099882,-0.9875737879957001],[-80.77929990351043,-0.9876549381732643],[-80.77932463112082,-0.9877123896676635],[-80.77935792146529,-0.9877583517658194],[-80.77939026258423,-0.9877784613715193],[-80.77941213650443,-0.9878359126750667],[-80.77942069366692,-0.9878952783852384],[-80.7794092699937,-0.9880302847507921],[-80.77940641143834,-0.9881040121585869],[-80.77940260169855,-0.9881815691906439],[-80.77942923175833,-0.9882438086008988],[-80.77947012815014,-0.9883520088382625],[-80.77952053548047,-0.9884764865633855],[-80.77958235649754,-0.9886038384479292],[-80.77969174033258,-0.9887302354086813],[-80.7797526142141,-0.988800137386022],[-80.77979446470634,-0.9888604625156603],[-80.77982870492525,-0.9889227024334559],[-80.77984772707156,-0.9889648329853316],[-80.77987245382938,-0.9890490950095057],[-80.77989908188346,-0.9891419746371782],[-80.77996756403309,-0.9892406011381071],[-80.78000941497496,-0.9892942240868052],[-80.78002558431382,-0.9893229500877254],[-80.7800236782727,-0.9893727395237164],[-80.78002082085817,-0.9894292319811768],[-80.7800160615642,-0.9894723190464987],[-80.78002152540597,-0.989567391212617],[-80.78006016621208,-0.9896152689630497],[-80.78010677412546,-0.9896474982691644],[-80.78018667491084,-0.989687718490643],[-80.78021235683393,-0.9897078276491555],[-80.78023946567565,-0.989733681887202],[-80.78025087818342,-0.9897681525550867],[-80.78025800799914,-0.9898284753674886],[-80.78025086901324,-0.9899074688801477],[-80.78023374107981,-0.9899950782983353],[-80.78023801530905,-0.9900841258425004],[-80.780253705593,-0.9901674300685812],[-80.78027082170782,-0.9902593509618073],[-80.78025797575515,-0.9903182366477948],[-80.78023942321667,-0.9903785577465101],[-80.780232283706,-0.990451805369318],[-80.78021944063688,-0.9904805294343361],[-80.78020517121695,-0.9904948909429409],[-80.78016236437593,-0.9905164322291853],[-80.78015094704136,-0.9905552105639543],[-80.78014808785662,-0.9906385126468679],[-80.78013381076718,-0.9907692105407335],[-80.78012524684175,-0.9908122973516242],[-80.78012952475717,-0.990845330845218],[-80.7801409378331,-0.990871184037303],[-80.78017803444904,-0.9908927306588566],[-80.78019230140988,-0.9909157115492775],[-80.78019229904325,-0.9909516172493085],[-80.7801395028181,-0.9910018827885808],[-80.78012237695343,-0.9910578956944818],[-80.7801081041202,-0.9911239620610672],[-80.78009668545522,-0.9911828469353878],[-80.78007813058574,-0.9912647121746829],[-80.78006956580404,-0.9913207256519314],[-80.78008525693552,-0.9913911023067357],[-80.78008239878619,-0.9914586061341168],[-80.78006384505068,-0.9915232364198374],[-80.78003245032276,-0.9915849924496456],[-80.77998393152265,-0.9916754731596313],[-80.77994254812218,-0.9917415377101407],[-80.77991686083625,-0.9918024572519926],[-80.77987166894506,-0.9919269285843058],[-80.77984312423418,-0.992044220252069],[-80.77982409233239,-0.9921495439898678],[-80.77981695363579,-0.992223749708657],[-80.77984548616679,-0.9922907770388747],[-80.77988115402175,-0.9923482292701351],[-80.779881152123,-0.9923769541912152],[-80.77986450240466,-0.9924224343519796],[-80.77982169308146,-0.9924810782733432],[-80.77973607400655,-0.9925911853354563],[-80.77970158975165,-0.9926306795635185],[-80.77967780613042,-0.9926641906779282],[-80.77965640100398,-0.9927072766235057],[-80.77964093785985,-0.992791056454152],[-80.77962785655046,-0.9928203794231933],[-80.7796123980011,-0.9928347408464332],[-80.77957910378133,-0.9928467071786713],[-80.77955056602207,-0.9928586738297724],[-80.7795160818939,-0.9928826086474487],[-80.77949824577435,-0.9929005607516217],[-80.77947684061716,-0.992930481182043],[-80.77946138111496,-0.9929592050643521],[-80.7794459212158,-0.9929939136818859],[-80.77944116150256,-0.9930429854779277],[-80.77944115983668,-0.9930681195568242],[-80.7794459136798,-0.9931076164151875],[-80.7794447225812,-0.9931375382024754],[-80.77942688421206,-0.9931758375010844],[-80.7793947788914,-0.9932045602645587],[-80.77934959354013,-0.9932296913075049],[-80.77928538363929,-0.9932488372404151],[-80.77926873605057,-0.9932620016342355],[-80.77925089783747,-0.9932979061324546],[-80.77924851682717,-0.9933397973097443],[-80.77924256635121,-0.9934271686159802],[-80.77925563865209,-0.9935336914494285],[-80.77925800917744,-0.9936497882349045],[-80.77925919447956,-0.9937072381541155],[-80.77922946465625,-0.9937634890467849],[-80.77922708404137,-0.993799395488594],[-80.77921875644299,-0.9938700102804319],[-80.77921756287678,-0.9939370347109958],[-80.77922231470451,-0.9939932888276672],[-80.77923182286003,-0.9940651017664663],[-80.77926630117766,-0.9941153722433427],[-80.7793198068559,-0.994142903815586],[-80.7793388287629,-0.9941752208560359],[-80.77936141645296,-0.9942446416854978],[-80.77938756709614,-0.9943667239014503],[-80.77942323138127,-0.9944780360433612],[-80.77945176510445,-0.9945271100776125],[-80.77949694602721,-0.9945690035488326],[-80.77949813228345,-0.9946120910086762],[-80.77950050111656,-0.9947401563610612],[-80.779511200061,-0.9947868353018235],[-80.77951595356015,-0.994817954435689],[-80.77949454904739,-0.9948514657043432],[-80.77945649667328,-0.9948885657892816],[-80.77941249826627,-0.9949460126686347],[-80.7793839592945,-0.9949759326148779],[-80.77934233871918,-0.9950393643879778],[-80.77932212178389,-0.9950824504063434],[-80.77930903803247,-0.9951482779938913],[-80.77928644185329,-0.9952200887710632],[-80.7792329318068,-0.9952715502704308],[-80.77918298693419,-0.9953421631612684],[-80.77912947441554,-0.9954307282063156],[-80.7790759618711,-0.9955061277372721],[-80.77904147685497,-0.99555639356754],[-80.77902363830316,-0.9955970858487432],[-80.77899628764084,-0.9956389753397304],[-80.77892256374632,-0.9956868446264621],[-80.7788559737277,-0.9957335183503915],[-80.77877868272029,-0.9957777974558014],[-80.77872517241737,-0.9958328506885579],[-80.77870257605882,-0.9959070553514806],[-80.778659765841,-0.9959645022947399],[-80.77862766072272,-0.9959896342017062],[-80.77857890765723,-0.9960195527704913],[-80.77854085615775,-0.9960566528392859],[-80.77851588321845,-0.9960925577498898],[-80.77848972086232,-0.9961464149748025],[-80.77845998931784,-0.9962278008332675],[-80.77843144744753,-0.9963008081428626],[-80.77840052590348,-0.9963953594314034],[-80.77838982043637,-0.996459989318808],[-80.77838981099801,-0.9966012209167445],[-80.77839099707471,-0.9966467022672703],[-80.77840645228991,-0.9966826090084737],[-80.77841715071952,-0.9967233041200957],[-80.77841952631272,-0.9967628008164269],[-80.77841239009389,-0.9967855405159297],[-80.77839455200518,-0.9968190520131941],[-80.77836839115933,-0.9968501690525642],[-80.77832915036986,-0.9968896629293766],[-80.77830536509599,-0.9969471111523376],[-80.77829703705545,-0.9970237106690122],[-80.77830535709055,-0.9970667986088415],[-80.7783374555169,-0.9971553694300468],[-80.77834458669415,-0.9972080328649612],[-80.77834933609736,-0.9973001926736343],[-80.77833387545486,-0.997358838407294],[-80.77831722255371,-0.9974509958602198],[-80.77831602342546,-0.9976006050998336],[-80.7783338559143,-0.9976508753665172],[-80.77836714424353,-0.997714312192798],[-80.77838141034404,-0.9977502188542928],[-80.77837464779508,-0.9978569592837943],[-80.77835761811009,-0.9979249606386418],[-80.7783231335147,-0.9979548801639595],[-80.77831193026216,-0.9979901979336175],[-80.77832075087385,-0.9980207084652476],[-80.77835523098341,-0.998057814349835],[-80.7784146810727,-0.9980901332350527],[-80.77847056485345,-0.9981068933767007],[-80.77852050362861,-0.9981284409023914],[-80.77855973947105,-0.9981631523092744],[-80.77858589576587,-0.9982002576281701],[-80.77861205223965,-0.9982481345649461],[-80.77864058492894,-0.9983127671107753],[-80.77869408744021,-0.9983750083590194],[-80.77876780308549,-0.9984516134347956],[-80.77879990649016,-0.9984659780679266],[-80.77882011922267,-0.998486326630541],[-80.77882843942432,-0.9985270206770309],[-80.77889363352905,-0.9986169254899268],[-80.77903425711649,-0.9987594775519142],[-80.77911796258971,-0.9988150177558595],[-80.77914649602732,-0.9988686398355213],[-80.77916932116725,-0.9989356667926758],[-80.77919214592437,-0.9990084378288202],[-80.77929107097839,-0.9990620646682089],[-80.77935575237852,-0.9991041992232965],[-80.77938618820166,-0.9991501611507942],[-80.77942803871102,-0.9992114435048621],[-80.77944515568727,-0.9992899600435976],[-80.77948129738978,-0.999372307555646],[-80.77957261037263,-0.999454657890098],[-80.77964109425119,-0.9995293482106717],[-80.77979138444334,-0.9996059575395151],[-80.77987508893168,-0.999676818291718],[-80.77990171859925,-0.9997457598962143],[-80.77994927627512,-0.9998108732247033],[-80.77999302841647,-0.9998759862962602],[-80.78003297694818,-0.9999391838147886],[-80.7800291679702,-0.9999908884141463],[-80.78005770155777,-1.000042595194799],[-80.78010716328286,-1.000088558402496],[-80.78018896655021,-1.000136439086162],[-80.78021940341205,-1.000167081354419],[-80.78023842317639,-1.00024559711737],[-80.78024602825572,-1.000322197719512],[-80.78029738790863,-1.000427526191146],[-80.78036016543425,-1.000486895558907],[-80.78047074098147,-1.000565657240713],[-80.7805019381625,-1.000624482551373],[-80.76788888860688,-1.000623608758019],[-80.76294688342848,-1.00835365443892],[-80.76278370443836,-1.008608891711219],[-80.76209160879158,-1.009691429173259],[-80.76208997949753,-1.009691429052779],[-80.76211673720842,-1.009905627268637]]]}},{"type":"Feature","properties":{"name":"SANTA MARIANITA","clave_catastral":"","clave_parroquia":"","descripcion":"SANTA MARIANITA","layer":"parroquias"},"geometry":{"type":"Polygon","coordinates":[[[-80.82125326253318,-0.9815481476964721],[-80.82114009964084,-0.9816197052966374],[-80.82104895702693,-0.9816978685652913],[-80.82098163209753,-0.9817863469707788],[-80.82093704605587,-0.9818895736054573],[-80.82091250241203,-0.9820091768287255],[-80.82089910348041,-0.982136742225947],[-80.82088678328215,-0.9822610506736993],[-80.82086844170429,-0.9823742306879667],[-80.82085090933991,-0.9824818919276055],[-80.82084416242444,-0.9825927202838756],[-80.82085584032464,-0.9827151301049497],[-80.82088252722009,-0.9828561780557125],[-80.82091856031487,-0.9830223778451881],[-80.82095809737001,-0.9832142719925798],[-80.82099538735568,-0.983407432632788],[-80.82102476945818,-0.9835710988356965],[-80.82104184072774,-0.9836831046194591],[-80.82104839815983,-0.9837548496065693],[-80.82104758651971,-0.9838058760105498],[-80.82104219122559,-0.9838524690182453],[-80.82103320084381,-0.9838968000211423],[-80.82102151425346,-0.9839374215089549],[-80.82100740113361,-0.983973609716827],[-80.82099014239449,-0.9840062693301519],[-80.8209686594013,-0.9840367573768987],[-80.82094070504769,-0.984066973656553],[-80.82089953811084,-0.9841008081188676],[-80.82083715903023,-0.9841424220622486],[-80.82075060165181,-0.984193805718192],[-80.8206565840642,-0.9842479936126978],[-80.8205765881341,-0.9842956682488477],[-80.82052715215417,-0.9843305879265358],[-80.82050441098181,-0.9843582712558572],[-80.82049973564848,-0.9843874935949088],[-80.82050593537528,-0.9844250399859646],[-80.82052283033913,-0.9844720865607997],[-80.82055212829371,-0.9845280905772711],[-80.8205932900456,-0.9845914235024509],[-80.82063795705479,-0.9846561137035508],[-80.82067579345909,-0.9847153751891256],[-80.82069871030421,-0.9847642315381933],[-80.82070823535962,-0.9848063017304867],[-80.82070832304031,-0.9848474666876683],[-80.82070247847155,-0.9848915264411602],[-80.82069213986233,-0.9849361287857904],[-80.82067802648642,-0.9849769310841481],[-80.8206607676746,-0.9850107668354724],[-80.82064018361808,-0.9850385407542177],[-80.82061555517356,-0.9850621527221932],[-80.8205831970921,-0.9850845881296095],[-80.82052711033015,-0.9851126315405166],[-80.82042823983801,-0.9851545149104481],[-80.82039597212895,-0.9851677221335393],[-80.82027445138992,-0.9852175658423192],[-80.8200821029354,-0.9853063993099056],[-80.8198743833345,-0.9854253592432372],[-80.81967403234756,-0.9855731802633727],[-80.81950037541432,-0.9857276976831314],[-80.81937219897463,-0.9858616803358871],[-80.81930208730402,-0.9859559487638307],[-80.8192769171623,-0.9860240731173775],[-80.81927754288934,-0.9860877657317815],[-80.81928625705307,-0.9861660248469661],[-80.819290925454,-0.9862656352310495],[-80.81928148128821,-0.986390577119991],[-80.81925127344836,-0.9865402168427977],[-80.81921009991466,-0.9866953747822009],[-80.81917153388567,-0.986832347907665],[-80.8191466314422,-0.9869362088763154],[-80.81913620043886,-0.9870267711917222],[-80.8191381720961,-0.9871324430790053],[-80.81914841080751,-0.9872738520222697],[-80.81915253632482,-0.9874399595997403],[-80.81913392181535,-0.9876118561662538],[-80.81908375982388,-0.9877744323451623],[-80.81902505968763,-0.987927960812911],[-80.81898909952992,-0.9880765145428541],[-80.81899736066798,-0.9882215422731803],[-80.81903402463392,-0.9883545387303201],[-80.81907383568091,-0.9884641030051995],[-80.8190963014501,-0.9885437199603047],[-80.81910079215109,-0.9886049700300391],[-80.81909162114202,-0.988664409902313],[-80.819073461562,-0.9887338012468803],[-80.81905251547064,-0.9888072636968701],[-80.81903525482892,-0.9888741218626507],[-80.81902671333215,-0.9889270477551692],[-80.81902590205728,-0.9889704744685162],[-80.81903030395381,-0.9890118206024711],[-80.8190379413314,-0.9890570572277112],[-80.81904890415866,-0.9891045558457421],[-80.81906382177448,-0.9891510594842998],[-80.81908485134612,-0.9891958444823814],[-80.81912098040236,-0.9892482299915031],[-80.81918263441636,-0.9893201589416379],[-80.81927430703568,-0.9894185074817017],[-80.81937559615206,-0.9895298845746936],[-80.8194598082984,-0.9896359228578433],[-80.81950690093781,-0.989722145648102],[-80.81952316563213,-0.9897896389599908],[-80.81952136512005,-0.9898433794754312],[-80.81951219490811,-0.9898880723457211],[-80.8194975422879,-0.9899273365707445],[-80.8194774070832,-0.9899644291572827],[-80.81945008135186,-0.9900033307977765],[-80.81940837431775,-0.9900504646392534],[-80.81934347731823,-0.9901129775184928],[-80.819251435346,-0.9901958451993522],[-80.81914806753693,-0.9902954496510858],[-80.81905386691025,-0.9904062731811649],[-80.81898312480688,-0.9905216216175888],[-80.81892676388118,-0.9906309996633383],[-80.8188693253301,-0.9907230069453021],[-80.81879984417711,-0.9907897717602908],[-80.81872479147093,-0.9908375370604289],[-80.81865486245074,-0.990875983982562],[-80.81859823576873,-0.9909136173843933],[-80.81855374279334,-0.9909538751537923],[-80.81851769831118,-0.9909989284259523],[-80.81848731593718,-0.9910504960232203],[-80.81846322486835,-0.9911079446736012],[-80.81844695314035,-0.9911700078478985],[-80.81844020846097,-0.9912370475301486],[-80.81844604647301,-0.9913144017611587],[-80.81846806199856,-0.9914093085320985],[-80.81850733340674,-0.9915253867986991],[-80.81855622131953,-0.9916543126777809],[-80.81860474965958,-0.9917842337334121],[-80.81864456012578,-0.9919045642327831],[-80.81867385552258,-0.9920077043945099],[-80.8186925463377,-0.992086868783062],[-80.81870009344051,-0.9921392527240016],[-80.81869460862785,-0.9921779746125026],[-80.81867393384358,-0.9922200431421402],[-80.81863797844302,-0.9922794815308721],[-80.8185937530131,-0.9923578281958498],[-80.81855042545813,-0.9924531837220628],[-80.81851428753473,-0.9925631961743308],[-80.81847985689235,-0.9926813512366692],[-80.81843895481684,-0.9928002297197339],[-80.81838636863279,-0.9929126840147546],[-80.8183302777302,-0.9930137385911452],[-80.81828173766445,-0.9930985990229715],[-80.81824964675798,-0.993164370686344],[-80.81823283629491,-0.9932160294997345],[-80.81822771067337,-0.9932606321120971],[-80.81823157310997,-0.9933049638048033],[-80.81824550174535,-0.9933568052644121],[-80.81827174317579,-0.9934237562974175],[-80.81831065667693,-0.9935103405438923],[-80.81835496234434,-0.9936090483910647],[-80.81839603223877,-0.9937092036175273],[-80.81842667639813,-0.9938021204745411],[-80.81844761388481,-0.9938874371123632],[-80.81846154101777,-0.9939668726559034],[-80.8184811230562,-0.9941848217669929],[-80.81847751498519,-0.9944201402968105],[-80.81846384471687,-0.9945745759378469],[-80.81844505016122,-0.9947490961689027],[-80.81842463854956,-0.9949090502523746],[-80.81840485831421,-0.9950284727324146],[-80.81838409118254,-0.9951151441464106],[-80.81835954997455,-0.9951852589006762],[-80.81832997563608,-0.995252116368917],[-80.8182996823414,-0.9953173452935005],[-80.81827478203837,-0.9953795889272784],[-80.81825994841394,-0.9954406569778342],[-80.8182552705418,-0.9955152964523108],[-80.81826002839254,-0.9956215113194276],[-80.81831221982452,-0.9961536728998795],[-80.81832884493498,-0.9962045193139062],[-80.81834349324427,-0.9962449612916798],[-80.81836569081875,-0.9962981602973855],[-80.81839678605006,-0.9963607689268343],[-80.81843606005813,-0.9964298015506187],[-80.81847308682185,-0.9965030862526021],[-80.81849519330078,-0.9965785414647712],[-80.81849366120643,-0.9966539048934493],[-80.81847640020717,-0.9967258294981889],[-80.81845500508392,-0.9967907874980853],[-80.81843927295351,-0.9968462462094152],[-80.81843082156198,-0.9968941056426104],[-80.81842902158742,-0.9969372608798324],[-80.81843387285173,-0.9969789689277347],[-80.81844645369365,-0.997023391576775],[-80.8184681120887,-0.9970747811048],[-80.81849857824719,-0.9971358516688583],[-80.81853003280523,-0.9972021696871849],[-80.8185526791254,-0.9972674920202564],[-80.81855950677719,-0.9973272041865755],[-80.81855366153924,-0.997382030139832],[-80.81854116527404,-0.997434412969028],[-80.81852857915253,-0.9974863434310635],[-80.81852525061835,-0.9975402647997101],[-80.81854115631425,-0.9975979870769578],[-80.81858204852759,-0.9976607771956196],[-80.81863570369241,-0.9977251965254084],[-80.81868549413878,-0.997786991940572],[-80.81871829740342,-0.997844353265279],[-80.81873429277098,-0.9979059658607953],[-80.81873752424194,-0.9979832294746416],[-80.81873059785141,-0.9980852819641512],[-80.81871207542945,-0.9982135708077778],[-80.81867944035731,-0.9983673720859797],[-80.81863278276019,-0.9985421621825452],[-80.81858378816216,-0.9987187615955834],[-80.81854647919513,-0.9988741911135861],[-80.81853227155078,-0.9989928901184157],[-80.81853972639873,-0.9990884293916764],[-80.81856452831106,-0.9991819792363258],[-80.81860101401747,-0.9992880149221576],[-80.81863767945217,-0.9993946839247768],[-80.81866176255154,-0.9994840719988503],[-80.81866220871423,-0.9995431505038681],[-80.81863506270112,-0.9995808759877889],[-80.81857807671238,-0.999611542964729],[-80.81849214892308,-0.9996466414783356],[-80.81839192975745,-0.9996882532068128],[-80.8182953953914,-0.9997353839535917],[-80.81821737619516,-0.9997867679316527],[-80.81816047891587,-0.9998386054468966],[-80.81812407463889,-0.9998863728454667],[-80.81810771409653,-0.9999276273483133],[-80.81811058806034,-0.9999678877272798],[-80.81812595577352,-1.000001906207274],[-80.81813179730662,-1.000014753614067],[-80.81816909454196,-1.000073291337657],[-80.81821439075561,-1.000139067299088],[-80.81825824886606,-1.000205114597279],[-80.81829293941307,-1.000266456819389],[-80.81831765332109,-1.000325808092541],[-80.81833328913703,-1.000387873031883],[-80.81833957696975,-1.000457175242545],[-80.81833229223976,-1.000537152440359],[-80.81830595205287,-1.000630970853393],[-80.81825848912746,-1.000739082727563],[-80.81820068974044,-1.000850541502643],[-80.8181463962672,-1.000951596145441],[-80.81810657470584,-1.001032114359589],[-80.81807960696732,-1.001096438730912],[-80.81806090870103,-1.001152530575183],[-80.81804679438697,-1.00120789889607],[-80.81803690421847,-1.001267700600366],[-80.81803213676278,-1.001336278413561],[-80.81803231214893,-1.001415622718525],[-80.81803491423767,-1.001496324245039],[-80.81803661810838,-1.00156634997812],[-80.81803346942615,-1.001618190487534],[-80.81801998493663,-1.001661526013663],[-80.81799014184655,-1.00171065085884],[-80.81794079372759,-1.001776512006842],[-80.817880209749,-1.001856395747083],[-80.8178196253276,-1.001944241056719],[-80.81776730957448,-1.002038419895442],[-80.81771993604981,-1.002154402857542],[-80.81767112212387,-1.002312093513069],[-80.81749356677865,-1.00305260012847],[-80.81744322128931,-1.003274526090721],[-80.81743033469608,-1.003346545013358],[-80.81737749812608,-1.003641840326793],[-80.81740435371142,-1.003979846706912],[-80.81747490203045,-1.004124968394891],[-80.81798422381537,-1.004708815363443],[-80.81803356367423,-1.004793228877404],[-80.81806932354827,-1.005022126050463],[-80.8180668830699,-1.005269658395903],[-80.81802211603,-1.0053856414997],[-80.81727165264587,-1.006264900512846],[-80.81725007461664,-1.006384232383553],[-80.81735396787353,-1.006544826740111],[-80.8174772791496,-1.00663783931023],[-80.81814508361555,-1.006815745596214],[-80.81823055822046,-1.006852572659625],[-80.81829769459857,-1.006935358670987],[-80.8183073949133,-1.007058401677355],[-80.81826559170231,-1.007214283274251],[-80.81800759857465,-1.00784848028664],[-80.81787256414819,-1.008449933177275],[-80.8178222659587,-1.009435084255145],[-80.81796683939287,-1.010242106170267],[-80.81803592077873,-1.010907444059782],[-80.81790618597806,-1.011564990101803],[-80.81787227783617,-1.011977994664377],[-80.8176534811971,-1.012451062432817],[-80.81760241232989,-1.012745999539575],[-80.81760716527342,-1.012938253641508],[-80.8177574931799,-1.013706915599101],[-80.81773957734484,-1.01423473051868],[-80.81777273174083,-1.014443814095259],[-80.81784157639119,-1.014519000554415],[-80.81806959772206,-1.014640789307776],[-80.81815039533687,-1.01473787075804],[-80.81824439510861,-1.015020511833683],[-80.81829364843328,-1.015047023030803],[-80.8191238755743,-1.015118271650863],[-80.81919020617134,-1.015147226551889],[-80.81924529899733,-1.015223769301272],[-80.81925185249058,-1.015364635194913],[-80.81911520775444,-1.015824227284469],[-80.81920607331871,-1.015899505437702],[-80.81956603883117,-1.016046090976573],[-80.81959461869111,-1.016087890831756],[-80.8195932658929,-1.016170492056943],[-80.81953033643642,-1.016399474162611],[-80.81958291026245,-1.016518448324675],[-80.82094999826366,-1.016577331970112],[-80.82120579706908,-1.016627648894271],[-80.82164503503678,-1.016826622172715],[-80.82174614661541,-1.016911490914282],[-80.82181930319236,-1.017032547064773],[-80.82181821819381,-1.017149708776145],[-80.82176257353441,-1.017300161301719],[-80.82147745177365,-1.017643669173538],[-80.82145021177035,-1.017753229742681],[-80.8214729442566,-1.017888487259754],[-80.82158142648835,-1.01796648051868],[-80.82224070094844,-1.018032652497169],[-80.8223795636995,-1.018098433643047],[-80.82243366772782,-1.018179138034768],[-80.82243607461709,-1.018542837267958],[-80.82247830533954,-1.018788019848444],[-80.8225377101843,-1.018908622868651],[-80.82279674265666,-1.019000647664257],[-80.8228758265202,-1.019212267019498],[-80.82296408820733,-1.019241946855729],[-80.82325107830059,-1.019250829017309],[-80.8233257674636,-1.019289193446639],[-80.82337232036076,-1.019391067958153],[-80.82336537410178,-1.019857271938065],[-80.82338748256136,-1.019899704722533],[-80.82355735520262,-1.019951283377736],[-80.82396828880267,-1.020010474988041],[-80.8240515148051,-1.020083852701219],[-80.82412790564018,-1.02023458395611],[-80.82388367856107,-1.020599626720653],[-80.82387603606453,-1.02064730526412],[-80.82408014264752,-1.020898558416192],[-80.82433988875218,-1.021094355027074],[-80.82435336854498,-1.021138415837243],[-80.8243226078256,-1.021531426339862],[-80.82420115548761,-1.021950578374913],[-80.82422658441563,-1.02208791690849],[-80.82437308391671,-1.022215762504601],[-80.82523466240869,-1.02264627760799],[-80.82594649470266,-1.023155223939483],[-80.82601336202238,-1.023236200412541],[-80.82604373655398,-1.023335450323543],[-80.8260414658445,-1.023774874780031],[-80.82606527648849,-1.023921531885051],[-80.82620170961523,-1.024046119865474],[-80.8266622568032,-1.024133541331295],[-80.82675384336532,-1.024180230089129],[-80.82678714557348,-1.024995117082383],[-80.82693902969372,-1.025281199173264],[-80.82696149596238,-1.025357016292531],[-80.82695465029211,-1.025630514078486],[-80.82703553312756,-1.025824129481293],[-80.82718077834355,-1.025881587373632],[-80.82824353722222,-1.025853960400497],[-80.8283083396326,-1.025892686103717],[-80.82854703239266,-1.026497235816109],[-80.82865308534925,-1.026630507438696],[-80.82874026847577,-1.026664982138882],[-80.82931505942375,-1.026677045908102],[-80.82941554415169,-1.026727715872909],[-80.82951647574536,-1.026826426725847],[-80.82987605997644,-1.027418407205289],[-80.8300188479797,-1.028053802829234],[-80.8301675066666,-1.028152787645141],[-80.83076323276028,-1.028308160674911],[-80.83085821864076,-1.028665712854732],[-80.83091761851495,-1.028889454386217],[-80.83101090640892,-1.029061990319221],[-80.83134686931828,-1.029329897137501],[-80.8315220441326,-1.029410155519955],[-80.83158891177274,-1.029490046248739],[-80.83173539125917,-1.030011718184511],[-80.83176828570531,-1.030053427732255],[-80.83210497381475,-1.030207067827234],[-80.83215862144881,-1.030429361488032],[-80.83218691362147,-1.030821199180437],[-80.83225907640329,-1.031052269651369],[-80.83264698308088,-1.031474796559209],[-80.83281430224771,-1.032246625922525],[-80.83271234962517,-1.032761499261909],[-80.83257184615401,-1.033115781942399],[-80.8326117463554,-1.033253935494159],[-80.8328107250751,-1.033620359477808],[-80.83281836189951,-1.033679890757057],[-80.83265530010709,-1.033995721446331],[-80.83262211138414,-1.034423382968811],[-80.83231524467426,-1.034629010544876],[-80.8324154377797,-1.035103996241986],[-80.83238522671631,-1.035310181350681],[-80.83239951437092,-1.035377403141879],[-80.83258438109763,-1.035755949709966],[-80.83270417600723,-1.036087085250955],[-80.83321970625386,-1.036681968992198],[-80.83337886836078,-1.037033824801441],[-80.83397746797648,-1.03727614169776],[-80.83427199678201,-1.037537803584911],[-80.83469495656841,-1.037993626109042],[-80.8350419964752,-1.037868792350181],[-80.83526769579322,-1.037748023451755],[-80.8357832818909,-1.037274788967778],[-80.83607845708784,-1.037205231042876],[-80.8367745954924,-1.037120042188022],[-80.83750994837038,-1.036523866669128],[-80.83770041056086,-1.036468416871912],[-80.83789590320174,-1.036470417343111],[-80.83851858155478,-1.036909059932],[-80.83902531417999,-1.03731702631859],[-80.83941879192551,-1.03780415027974],[-80.83967233258217,-1.038118012266182],[-80.84022572414436,-1.038327936622125],[-80.84103536083222,-1.038697014979263],[-80.84142589073048,-1.038827767473322],[-80.84215733949645,-1.039016439479155],[-80.84232397509196,-1.039123024451101],[-80.84249833694628,-1.039302078271419],[-80.84289009928938,-1.039960013897513],[-80.84303920944828,-1.040037284875353],[-80.84354343962416,-1.040178990004534],[-80.84494527274208,-1.041287981119851],[-80.84605037411328,-1.041585790607513],[-80.84681445605526,-1.041819906703793],[-80.8479107485899,-1.042154357430121],[-80.84874126950263,-1.042488794967937],[-80.84933922404461,-1.04315761931602],[-80.84973785502487,-1.043726114452909],[-80.85010325128397,-1.044562126167932],[-80.85033576727545,-1.04529781193871],[-80.85060151572488,-1.045799420638133],[-80.85106660402549,-1.046066961097267],[-80.85189714047192,-1.046100440210637],[-80.85256157019386,-1.046100471701592],[-80.85299343587563,-1.04640145078946],[-80.85325918795617,-1.046836180225412],[-80.8534584950118,-1.047304346076032],[-80.85347665753255,-1.047671048402904],[-80.85425579358049,-1.047705660866313],[-80.85525244275124,-1.047638827349317],[-80.85585042565614,-1.047739174671534],[-80.8569467245938,-1.04800674352559],[-80.85734537724252,-1.048140520967365],[-80.85751147272693,-1.048408045959945],[-80.85734534697166,-1.048809315773781],[-80.8571792172367,-1.049277464689752],[-80.8575446365999,-1.0496787588866],[-80.85774395956628,-1.04981252716226],[-80.85794328194015,-1.04997973498736],[-80.85840837459284,-1.050180395395358],[-80.85897313978965,-1.050213860653471],[-80.85957112935776,-1.050180448188456],[-80.86013589905428,-1.050113593642905],[-80.8605345506659,-1.050280810292406],[-80.86080030560876,-1.050682099698392],[-80.86086671874789,-1.051350898479058],[-80.86096636453662,-1.051785619992728],[-80.86109922729207,-1.052320661686494],[-80.86143140899011,-1.053089791965647],[-80.86182699473082,-1.0533892964486],[-80.86557249386831,-1.053389461329033],[-80.86552951567344,-1.053328119054058],[-80.86554866869298,-1.053160383723579],[-80.86564000008073,-1.05290435028634],[-80.86580710305313,-1.05262895899439],[-80.86591208931716,-1.05254129560835],[-80.86655978416684,-1.052469669281265],[-80.86686251514408,-1.052294798795614],[-80.86726546040595,-1.052224790296009],[-80.86767155029742,-1.052184185467041],[-80.86787918078548,-1.052127106120238],[-80.86807180590357,-1.051951507027923],[-80.86815908984411,-1.051733652744332],[-80.8681514649537,-1.051395103988483],[-80.86820989285468,-1.051268082049745],[-80.86864187321792,-1.051141258700383],[-80.8684872933764,-1.050719287985416],[-80.86851174976346,-1.05051798750462],[-80.8686384948033,-1.050252727228795],[-80.86874554920792,-1.050140998103018],[-80.86915416124086,-1.049963146223561],[-80.8693568512944,-1.049806003856531],[-80.86937581844519,-1.049757782760679],[-80.86931031445376,-1.049272304059215],[-80.86936443914234,-1.048896211753501],[-80.86988712562457,-1.048397729653601],[-80.87028580652948,-1.049283925412411],[-80.87040399560901,-1.049408692056886],[-80.87072046421288,-1.049593540759531],[-80.8707577595014,-1.049735673861548],[-80.87075909605156,-1.050020211150127],[-80.87089679394352,-1.050061562854893],[-80.87107907430781,-1.050059580028787],[-80.87157469567696,-1.049797501428841],[-80.87207182624795,-1.050018184622303],[-80.87220341352123,-1.050004166785044],[-80.87246857481455,-1.049812194812091],[-80.87261427447854,-1.049798448953212],[-80.87273543132733,-1.049907473410443],[-80.87298231809186,-1.050396849852234],[-80.87357318572845,-1.050830328240522],[-80.87378161913217,-1.050941979925014],[-80.87423722774957,-1.051057893837253],[-80.87590164148821,-1.051725648763593],[-80.87602064213552,-1.051814949997066],[-80.87625288722279,-1.052089000835252],[-80.8765573073132,-1.052354007274005],[-80.87691962203961,-1.052377635037473],[-80.87708392501222,-1.052449657764441],[-80.87949154525407,-1.051613785226834],[-80.87949163422564,-1.049267721359385],[-80.87968379459532,-1.047967246239551],[-80.87978630277892,-1.047348303396149],[-80.87999129048004,-1.046884101646356],[-80.88050372499939,-1.046574647930925],[-80.88075994477035,-1.046316763684189],[-80.88070871852996,-1.045904130503118],[-80.88029879107707,-1.045646220737353],[-80.87917148896695,-1.044924073577306],[-80.87867908524444,-1.044637797263746],[-80.8781796879517,-1.044326589067225],[-80.8779418826042,-1.044111140930511],[-80.87772786008969,-1.04389569461479],[-80.87772786658698,-1.043704193917094],[-80.8778705691388,-1.043345135346897],[-80.87817973490213,-1.043129709459834],[-80.87839377390549,-1.042962154336792],[-80.87851268619112,-1.042818532751568],[-80.87851269169705,-1.042674906544605],[-80.87838023497397,-1.042423351293863],[-80.8782749002203,-1.04210039609417],[-80.87827490759055,-1.041884957236931],[-80.87834626428652,-1.041573771252203],[-80.878251154159,-1.041166828897573],[-80.87808469559661,-1.04090350906894],[-80.87782311047272,-1.04061624737426],[-80.87758530627643,-1.040424737394389],[-80.8772999356143,-1.040281100939566],[-80.87694321652403,-1.040257148806347],[-80.87647886863118,-1.040154494781163],[-80.87625357050192,-1.039945932925662],[-80.87620601884895,-1.03965868046366],[-80.87622981096939,-1.039395367158818],[-80.87625360684153,-1.039012366711461],[-80.87637252927789,-1.038605432761244],[-80.87639632325659,-1.03827030680327],[-80.87651524192266,-1.03795912273587],[-80.87651525213437,-1.037695809391678],[-80.87656282885895,-1.037336747113983],[-80.87680065401297,-1.037025567692311],[-80.87701469819554,-1.036690450068477],[-80.87710983854852,-1.036307451476659],[-80.87691960307086,-1.035924442639896],[-80.8766818011572,-1.035637182736721],[-80.87625375280153,-1.035254163646755],[-80.87577813899067,-1.034942956187848],[-80.87548192888158,-1.034759934661338],[-80.8752549718286,-1.034416308847938],[-80.87523120028293,-1.034152994569737],[-80.87527877891705,-1.033746056915277],[-80.87530257381104,-1.033410931869582],[-80.87523123955489,-1.033123677558976],[-80.8750647862398,-1.032764606839621],[-80.87494589205389,-1.032429476150114],[-80.87489834522829,-1.032022534732718],[-80.87485080398322,-1.031495905269736],[-80.8748984124738,-1.030322965747914],[-80.874946027403,-1.028982461859982],[-80.87493945955744,-1.028664229562921],[-80.87480336362906,-1.028360078743049],[-80.87456556890771,-1.027929192559711],[-80.87458935729312,-1.027713755557997],[-80.87470827371205,-1.02747438415922],[-80.87492231826849,-1.027115328453178],[-80.87506501739907,-1.026804145321705],[-80.87513637110168,-1.026564772026362],[-80.87516016592467,-1.02618177156053],[-80.87506505733725,-1.025774829174637],[-80.8748985997376,-1.025487571128153],[-80.87485105288341,-1.025104567858619],[-80.87482728314527,-1.024841250860376],[-80.87482750297816,-1.019162584208175],[-80.8747999252041,-1.019148836717676],[-80.87474500781839,-1.019121964196984],[-80.87465935292482,-1.019068581990709],[-80.87455904859385,-1.019006785253652],[-80.87446934889893,-1.018933951268792],[-80.87440544578438,-1.018868265631937],[-80.87432374717882,-1.018799503226106],[-80.8742614932679,-1.018737045715255],[-80.87420090673365,-1.018695833956741],[-80.87413138731685,-1.018690001168167],[-80.87406031065825,-1.01865066539726],[-80.87400701096298,-1.018628678451307],[-80.8739539812033,-1.018622343280057],[-80.87388807795914,-1.018587146832232],[-80.87383335462158,-1.018563205618761],[-80.87376503175875,-1.018528398105673],[-80.87367470868125,-1.018446277062296],[-80.87358816147992,-1.018342219267723],[-80.87350867931522,-1.018252066488699],[-80.87347911572246,-1.018178227895092],[-80.87338752735377,-1.018113474825981],[-80.87335049579963,-1.018055598926892],[-80.8732673292896,-1.017968580874324],[-80.87320641265485,-1.017911117489092],[-80.87316525709707,-1.017859718360725],[-80.87307610840232,-1.017764840710456],[-80.87302410559253,-1.017700073820464],[-80.87295200531918,-1.017612312515155],[-80.87293728581304,-1.01755716886575],[-80.87288664592664,-1.01750727934693],[-80.87285641407213,-1.017445269114518],[-80.87282739188183,-1.017386820837217],[-80.87278588980745,-1.017324874392884],[-80.87272816234062,-1.017240429476217],[-80.87269246256994,-1.017189659344865],[-80.87264916575376,-1.01710010510628],[-80.87260127634866,-1.017024696984691],[-80.87255881319047,-1.016946487141027],[-80.87253455348721,-1.016896521764764],[-80.87251904681105,-1.016836759455671],[-80.87245263302489,-1.01673461774503],[-80.87238946656365,-1.016680571410191],[-80.87234462589997,-1.016629167604265],[-80.87230372860266,-1.016593714278599],[-80.8722508293312,-1.016538564584238],[-80.87220479536703,-1.016456178379002],[-80.87215913949365,-1.016381717590377],[-80.87211797634696,-1.016318475585763],[-80.87207995901142,-1.016256138432439],[-80.87203466962228,-1.016187694086767],[-80.87201091592016,-1.016138828875313],[-80.87198880439273,-1.016088873534144],[-80.87196060567327,-1.016027056989088],[-80.87193175537156,-1.01596381547408],[-80.87189183323504,-1.015907159924183],[-80.87185329513402,-1.01583117947672],[-80.87182194203193,-1.01575804467987],[-80.87178553928956,-1.01568773695071],[-80.87175353462644,-1.01561268410785],[-80.87175443683735,-1.015526463733636],[-80.87168999420211,-1.015469734824876],[-80.87166078685638,-1.015389393968434],[-80.8715968571176,-1.015318243742655],[-80.87156703341498,-1.015232194038632],[-80.87151862198684,-1.015153290928424],[-80.87138997144358,-1.014991484543003],[-80.87134747990936,-1.014904810069737],[-80.87129948558956,-1.014824649404616],[-80.87123112583305,-1.014748170158896],[-80.87119504990989,-1.0146645086798],[-80.87114310297414,-1.014575391065222],[-80.87110382735185,-1.014512691963731],[-80.87102186036476,-1.014393852887878],[-80.87098573116681,-1.014316587819636],[-80.87094606820548,-1.014252793982649],[-80.8709105954142,-1.014191385171856],[-80.87084735960535,-1.014074667523303],[-80.87081290101446,-1.014004766992358],[-80.8707759635918,-1.013932568357049],[-80.87073376675963,-1.013871986194701],[-80.870697141945,-1.013804365486024],[-80.87065508174251,-1.013720947134303],[-80.87058532944577,-1.013607166866635],[-80.87053675091788,-1.013527395203141],[-80.87048647590571,-1.013435771557667],[-80.8704358753743,-1.013370593045451],[-80.87040876114584,-1.013296811532214],[-80.87037859134763,-1.013213213616595],[-80.87036613590963,-1.013160458530336],[-80.87032564864222,-1.01303184916587],[-80.87027631721094,-1.012944849612168],[-80.87024588796072,-1.012831133350431],[-80.87020414157462,-1.012744965545167],[-80.87020826499237,-1.012685502582116],[-80.87024257425723,-1.012599669876039],[-80.87015649826301,-1.012563982196653],[-80.87007132587112,-1.012475745340225],[-80.87003396386858,-1.01241286988639],[-80.86998074920096,-1.012312972396856],[-80.86989324980627,-1.012201936343232],[-80.86984761629569,-1.012110240501329],[-80.86982426856287,-1.012047618935313],[-80.86974559756733,-1.011975151712875],[-80.86964023183151,-1.011836081991646],[-80.86952960016396,-1.011759591964577],[-80.86943844768425,-1.011679653002375],[-80.8693819617768,-1.011614567427614],[-80.86930545217234,-1.011526408713777],[-80.86922255608825,-1.011448941793446],[-80.869119735901,-1.01135285570318],[-80.86907236981253,-1.011298570210741],[-80.8690130534924,-1.011190362553251],[-80.86897614237499,-1.011113839315399],[-80.86893976922703,-1.011047792828123],[-80.86888764169815,-1.010982160969633],[-80.86884212671279,-1.010894466727336],[-80.86880364438447,-1.010820321044818],[-80.86875178522702,-1.010764135441576],[-80.86871562915968,-1.010709036148015],[-80.86866198256915,-1.010623021649792],[-80.86861193790364,-1.010572146861307],[-80.86857077613833,-1.010500219456503],[-80.86852256205161,-1.010434520803642],[-80.86846693314875,-1.010337165480308],[-80.86844018778439,-1.010256209494926],[-80.8683913479137,-1.010195910220958],[-80.86836864836523,-1.010130721062751],[-80.86834672889518,-1.010067776561812],[-80.86831058985065,-1.01001437091341],[-80.86824461116655,-1.00991662613346],[-80.86813107331284,-1.009716925822815],[-80.86807853299926,-1.009613296345805],[-80.86802550711052,-1.00951513139438],[-80.86800142090746,-1.009467270397906],[-80.86798146941395,-1.009414976412202],[-80.8679540844231,-1.009348625392747],[-80.86792834051181,-1.009285993769396],[-80.86789664885487,-1.009208894427246],[-80.86785227849053,-1.00915613079475],[-80.86783987543325,-1.009076132593705],[-80.86782419436742,-1.008975001665647],[-80.86778177347907,-1.008901174278648],[-80.86774075645647,-1.008807026799929],[-80.86770511148433,-1.008738682329877],[-80.86767263128041,-1.008668989947196],[-80.86765037497868,-1.008601039580611],[-80.86761315003275,-1.008507190815891],[-80.86754601285853,-1.008319760479509],[-80.86752069565622,-1.008263060256567],[-80.86748167249728,-1.008184012736862],[-80.86746089829569,-1.008094934361296],[-80.86740332261577,-1.007975804904419],[-80.86737700091398,-1.007865612707903],[-80.86734751359315,-1.007800104804602],[-80.86731447635934,-1.007725029276955],[-80.86722591547542,-1.00753003907252],[-80.86717396753969,-1.007448475882171],[-80.86714354883696,-1.007366240458552],[-80.86708579243215,-1.007249224431519],[-80.86703295661323,-1.007142175068807],[-80.86699583923404,-1.007056224564053],[-80.86695236751194,-1.006986438539499],[-80.86690397849648,-1.006869973873691],[-80.86685923200598,-1.006762273439037],[-80.86681765595809,-1.006668424491096],[-80.86674922771913,-1.006514102545907],[-80.86668043820569,-1.006380896892367],[-80.86665018640122,-1.006328177257771],[-80.86661612536777,-1.006232998670342],[-80.8665658231778,-1.00610738442829],[-80.86651636803843,-1.005972704865187],[-80.86648059878357,-1.005889559063917],[-80.86644716516199,-1.005815641564837],[-80.86641802735387,-1.005731887155704],[-80.8663768854657,-1.005659844835918],[-80.86633446466384,-1.005585565075492],[-80.86629232253416,-1.005510317269326],[-80.86624980336123,-1.005423887032762],[-80.86619781016798,-1.005351407281509],[-80.86615626572652,-1.005276795521354],[-80.86612541650506,-1.005217332935842],[-80.86612068917927,-1.005140973858872],[-80.86607308199964,-1.005073016108412],[-80.86602211587838,-1.005007314605677],[-80.86598620129215,-1.004962013487685],[-80.86593299134178,-1.004862120483182],[-80.86587480133272,-1.004778331396651],[-80.86584151205149,-1.0047139859021],[-80.86581360890808,-1.004638118038599],[-80.86579060970647,-1.004539335475599],[-80.86576969852457,-1.004460514875092],[-80.86575771064382,-1.0043836488518],[-80.86575217703745,-1.004330685958337],[-80.86575721438238,-1.00423234244164],[-80.86577395372764,-1.004146186068766],[-80.86578517217151,-1.004092201527044],[-80.8658055786042,-1.004007339063548],[-80.86580285073326,-1.003896731663474],[-80.86576535769638,-1.00378910209028],[-80.86568456765141,-1.003692986985854],[-80.86557372965171,-1.003615659988412],[-80.8654622285274,-1.003599650770013],[-80.86533570832111,-1.003583193086214],[-80.86526361592007,-1.003556662625158],[-80.86519640372683,-1.003538131952894],[-80.86515306346445,-1.003508446092852],[-80.86507280260888,-1.00346193984241],[-80.86499193986297,-1.003385962113938],[-80.86493762692379,-1.003334820217376],[-80.86486769191971,-1.003280398038811],[-80.86483345839888,-1.003228781994366],[-80.86475693751582,-1.00313809812009],[-80.8646993726024,-1.003067282817341],[-80.86465556733943,-1.0030018059703],[-80.86461041399993,-1.002933035863961],[-80.86456430032925,-1.002874117279106],[-80.86454477882155,-1.002815219705425],[-80.86452756876429,-1.002763296761003],[-80.86448121407442,-1.002707832409413],[-80.8644076520808,-1.002704792178434],[-80.8643466865654,-1.002687916495859],[-80.86428670230684,-1.002611464643834],[-80.86421921442223,-1.002522228698993],[-80.86417897872191,-1.002447614263673],[-80.8641224814858,-1.002379988157585],[-80.86406992355505,-1.002294828624983],[-80.86401629128527,-1.002194302275385],[-80.86399329830465,-1.002120548048893],[-80.86395079574439,-1.00206950163016],[-80.86392661082739,-1.002020392090571],[-80.86389381618639,-1.001950373972477],[-80.86386963048155,-1.001898613585354],[-80.86381883500314,-1.001794699153663],[-80.86379297062363,-1.001713955797953],[-80.86375612245476,-1.001641666647274],[-80.8637185246446,-1.001548496388494],[-80.86368494364496,-1.001476279752239],[-80.86363262629219,-1.001420763573606],[-80.86361242457463,-1.001336107514376],[-80.86359749751765,-1.001284021812566],[-80.8635904897877,-1.001212005328256],[-80.86354303426518,-1.001152381896361],[-80.86348879623658,-1.001116889032048],[-80.86346336979285,-1.001031199556465],[-80.86342122829494,-1.000943457461673],[-80.86337983296383,-1.000851996973964],[-80.86335580357391,-1.000780740650697],[-80.86330734538215,-1.000711670930372],[-80.863256284063,-1.000603543173938],[-80.86323511080009,-1.000539281406859],[-80.86320868426279,-1.000468756905889],[-80.8631759783349,-1.000384187174788],[-80.86314669482027,-1.000327345629771],[-80.86310166814914,-1.00023994720766],[-80.8630629945448,-1.000167277991324],[-80.86304172270805,-1.00011771620764],[-80.86298842705577,-1.000029141293567],[-80.8629602073631,-0.9999596119149459],[-80.86291270882892,-0.9998758232442952],[-80.86286221682717,-0.9998026106943031],[-80.86283074359194,-0.9997080835990174],[-80.86277517960406,-0.9996136142977718],[-80.86274549937707,-0.999543564639339],[-80.8626911423106,-0.9994534887374442],[-80.86266560106019,-0.9993843295031581],[-80.86263576399193,-0.9993035362165158],[-80.86259667021868,-0.9992199378895207],[-80.86256377703712,-0.9991432157408865],[-80.8625410400625,-0.9990742746632577],[-80.86251923817784,-0.9989974172725339],[-80.86248223734184,-0.9989016233267733],[-80.8624524279925,-0.998824476086341],[-80.86243112105122,-0.9987548990462897],[-80.86242480424615,-0.9986896617035512],[-80.86241583799394,-0.9985970807157115],[-80.86241168959191,-0.9985419501582838],[-80.86237487524932,-0.9984789579653466],[-80.86234301517713,-0.9984149771154307],[-80.86236823084718,-0.9982944116789411],[-80.86239467322208,-0.9981994437059427],[-80.86237685754098,-0.9981445622772185],[-80.86234026513614,-0.9980832972157003],[-80.86229067509294,-0.9980000169088754],[-80.86227816848914,-0.9979278852933078],[-80.86222483213629,-0.9978682118431692],[-80.86217923164331,-0.9978344229289036],[-80.86213966611709,-0.9977916937665015],[-80.86207564733728,-0.9977561145262398],[-80.86198146523053,-0.9977696226333705],[-80.86188864026782,-0.9977844471713554],[-80.86181541924465,-0.9977765412954511],[-80.86171275012718,-0.9977367199639247],[-80.86165990666332,-0.9976907033655776],[-80.8616070319102,-0.997619164445922],[-80.86157443513768,-0.9975480063692004],[-80.86153717411938,-0.997463367678037],[-80.8614787510638,-0.997369622023541],[-80.86145014414164,-0.9972330207631614],[-80.86145345458989,-0.9971651574093839],[-80.86145217253264,-0.9970877218604386],[-80.86143334683935,-0.9969844013587165],[-80.86140368801125,-0.9969195764875707],[-80.86135272993914,-0.9968382847013545],[-80.86131004746568,-0.9967718235332798],[-80.8612502715577,-0.996703476191243],[-80.86120373045888,-0.9966382036685671],[-80.86112663587693,-0.9966023587746946],[-80.86105883184595,-0.9965550930133702],[-80.86101315688664,-0.9964973695587672],[-80.8609873811654,-0.9964480609002351],[-80.86095349752082,-0.9963936311483367],[-80.86089678605038,-0.9963374090688717],[-80.86081740936618,-0.9963025646990644],[-80.8607237276499,-0.9962586941730507],[-80.86062341800266,-0.9962393251501851],[-80.86050820072153,-0.9962204838491999],[-80.86046837912038,-0.9961767006553259],[-80.86040259235666,-0.9961857831086717],[-80.86034164972745,-0.9961411530941575],[-80.86029591727326,-0.9960831871630091],[-80.8602451640113,-0.9960269698523233],[-80.8601574437353,-0.9959490692061337],[-80.8601136311097,-0.9958917855185092],[-80.8600751830969,-0.9958218919899339],[-80.86008105459113,-0.9957250558075685],[-80.86008028926064,-0.9956503525563106],[-80.86006271897293,-0.9955748343339224],[-80.86001209055082,-0.9955211140699731],[-80.86003019523851,-0.9954140088665184],[-80.86002561571824,-0.9953524194544627],[-80.85998868458947,-0.9953111533278474],[-80.85993667945834,-0.9952513143432354],[-80.85986693461304,-0.9952333055065735],[-80.85978427922616,-0.9952598240109296],[-80.85971076465663,-0.9952661629931612],[-80.85964563700571,-0.9952901444879103],[-80.85958441038913,-0.9952878167193971],[-80.85951320838737,-0.9952531264769107],[-80.85945200888622,-0.9952472521817128],[-80.85937691338957,-0.9952518630621371],[-80.85929114950424,-0.9952459243789632],[-80.85920145239425,-0.9952410983374166],[-80.85910836840266,-0.9952404791231827],[-80.85903956098933,-0.9952231913763967],[-80.8589442518489,-0.9952156201482865],[-80.8588636575289,-0.9952184819451446],[-80.85875524625463,-0.995216319503271],[-80.85869638521679,-0.9951948622967848],[-80.85862653913523,-0.995169401203583],[-80.85857863348363,-0.9951519379277157],[-80.8585307280793,-0.9951286844057422],[-80.85845164021532,-0.9951092194332176],[-80.85840767711686,-0.995082723542467],[-80.85835887946263,-0.9950533133203406],[-80.8583131089121,-0.9950257289652313],[-80.8582409296827,-0.9949757741211016],[-80.85817792789837,-0.9949321717528647],[-80.85809095205818,-0.9948719774835268],[-80.85803560769526,-0.9947960134013697],[-80.85795928514509,-0.9947000910626684],[-80.85791866103305,-0.9946546720657494],[-80.85788603617605,-0.9946121485378399],[-80.85784857991978,-0.9945559842489188],[-80.85779374248504,-0.9945222346932638],[-80.85776503356396,-0.9944626038736432],[-80.85773549511926,-0.9944012504199407],[-80.85770778026506,-0.9943419670579062],[-80.85766201854045,-0.9942975475580197],[-80.85758526186927,-0.9942230445785469],[-80.85751532560047,-0.9941425616563322],[-80.85745409247824,-0.9940830008957704],[-80.85739926958743,-0.9940247785024354],[-80.85737167708326,-0.9939630759072315],[-80.85734840203098,-0.993911030542975],[-80.85731354677269,-0.9938586770683457],[-80.85729271820877,-0.9937871729674869],[-80.85726752443988,-0.9937087692376707],[-80.8572492756636,-0.993632318208185],[-80.85723861311632,-0.9935487780771411],[-80.85722494124956,-0.993467958325752],[-80.85722524984264,-0.9933980863646497],[-80.8572167368329,-0.9933449758750895],[-80.85719598911595,-0.9932955615631017],[-80.85718035267134,-0.9932307644203604],[-80.85715926288648,-0.9931516506592004],[-80.85709729564152,-0.9930879272197899],[-80.85701585178961,-0.9930749209556922],[-80.85692835133828,-0.9930931754164618],[-80.85684266967827,-0.9930996386627128],[-80.85678793540487,-0.9930922537138686],[-80.85673907875136,-0.9931190296570946],[-80.85665603399633,-0.9931299397406406],[-80.85658386235406,-0.9931766086789082],[-80.85651424914698,-0.9931923478666249],[-80.85646023023803,-0.9932077710804634],[-80.85640234363689,-0.9932678423414956],[-80.8563446375923,-0.9933510745889863],[-80.85627686537022,-0.9933821941897065],[-80.85616598000881,-0.9933949821561896],[-80.85609871938944,-0.9934426220677892],[-80.85600811808789,-0.9935014252699544],[-80.85593360374472,-0.9935572435801561],[-80.85587836979404,-0.9936313924787469],[-80.85572543630701,-0.9936687871228145],[-80.85562341124307,-0.993705143564398],[-80.85545328363268,-0.9937208692569754],[-80.85536528274348,-0.9937134647236263],[-80.85527297654573,-0.9936860474649052],[-80.85511079801033,-0.9936391574225638],[-80.85497188200095,-0.993559734463787],[-80.85476878277093,-0.9934685653215212],[-80.85464625200525,-0.9933687324638782],[-80.85453577242416,-0.9933514382627209],[-80.8544471884299,-0.993298267226308],[-80.85436620787124,-0.993255742432396],[-80.85420509373951,-0.9931227406059264],[-80.85412156243612,-0.9930378736267754],[-80.8540046145732,-0.9929088319293413],[-80.85390149928232,-0.9928220822462208],[-80.85379753028322,-0.9927114115756694],[-80.85368161567854,-0.9925912950347993],[-80.85356312526135,-0.9924267472985377],[-80.8535076189439,-0.9923375479210534],[-80.85341834636212,-0.9922060420652343],[-80.85334106264617,-0.9921019680249401],[-80.8532691720294,-0.9919919682710656],[-80.85315246880776,-0.9918403129460103],[-80.85307786453517,-0.9917138561087313],[-80.85301751652207,-0.991560203854462],[-80.85297038653279,-0.9914838248085402],[-80.85292612396432,-0.9914022437179284],[-80.85286059714926,-0.9912869696929362],[-80.8528405581666,-0.991167436444016],[-80.85283108110877,-0.9910668486225802],[-80.85277810141595,-0.9909562887788184],[-80.8527385600034,-0.9908199448549909],[-80.85269217770555,-0.9907057935450467],[-80.85262716144172,-0.9906309607772527],[-80.85258514498604,-0.990570143238628],[-80.8523969589046,-0.9904402343011043],[-80.85227265759843,-0.9903421293271039],[-80.85222051179043,-0.9902774481524119],[-80.85205460894862,-0.9901265252326539],[-80.85189308955641,-0.9900169629399755],[-80.85174389365294,-0.989867766975962],[-80.85166960047081,-0.9897814844745909],[-80.85155200756999,-0.9896906130630754],[-80.85148801633066,-0.9896080992050287],[-80.85137477073333,-0.9895223261133879],[-80.8512825122915,-0.9894352783025369],[-80.85121245391716,-0.9893575682599618],[-80.85114189317594,-0.9892381322494543],[-80.85110981877261,-0.9891699235390377],[-80.85103665935812,-0.9890960946267882],[-80.85095778264133,-0.9890426127333427],[-80.85091919856964,-0.9890064310132232],[-80.85088803997033,-0.9889401123147223],[-80.85082257415363,-0.9888501805363745],[-80.85074475948038,-0.988784475844696],[-80.85066092244574,-0.9887070184937413],[-80.85053879799253,-0.9885926013674009],[-80.85047557955231,-0.9885149549547236],[-80.85040456002487,-0.9884253929519247],[-80.85029860310172,-0.9883351607712285],[-80.85020899060342,-0.9881923267764989],[-80.85012556745555,-0.9881057317065398],[-80.85004010558931,-0.9879842684197939],[-80.84995074295908,-0.9878618911816089],[-80.8498712318681,-0.987725301151528],[-80.84976975554706,-0.9875544029287511],[-80.84971665929152,-0.9874408393632592],[-80.84967837233262,-0.9873740507817246],[-80.84964389920626,-0.9872826900279391],[-80.84960972163022,-0.987194841431986],[-80.8495777182797,-0.9871266218601704],[-80.84953484853062,-0.9870352426291619],[-80.84950281891527,-0.9869715213511512],[-80.84946710445938,-0.9868821328418135],[-80.84943985532644,-0.9868241658357135],[-80.84938579677149,-0.9867239197838843],[-80.84930670058523,-0.986635904479499],[-80.84924142148783,-0.9865329980217723],[-80.84919201773087,-0.9864553250823036],[-80.84917935581913,-0.9864056641207811],[-80.84912302170532,-0.9863409103450778],[-80.84903542152863,-0.9862024200117928],[-80.84893580216479,-0.9861124405103823],[-80.84881951894218,-0.9860233830651879],[-80.84872030437198,-0.9859263014821947],[-80.84859495287779,-0.9858229489532846],[-80.84849818705423,-0.9857171766843607],[-80.84839302615906,-0.9856567144910855],[-80.8482618581617,-0.9855812996091657],[-80.84808859139092,-0.9854797805558491],[-80.84786530744307,-0.9853511101944576],[-80.84766369132466,-0.9852542319658681],[-80.84746268217329,-0.9850923039942785],[-80.84729896233958,-0.9849558367073995],[-80.84711235221602,-0.984770657939748],[-80.84690443236859,-0.9845661261027345],[-80.8465269521153,-0.9841910999478642],[-80.8463909959375,-0.9840646401768964],[-80.84622329773852,-0.983857468375433],[-80.84614474511659,-0.9837773603428417],[-80.84603205931047,-0.9836633235213128],[-80.84596298240022,-0.9835522471751688],[-80.84586537784956,-0.9834332712497655],[-80.84576670297852,-0.9833306708023741],[-80.84568755696523,-0.9832550139837082],[-80.84557941934395,-0.9831364175472999],[-80.84543949141383,-0.9829908588112205],[-80.8452809858429,-0.9828322349705161],[-80.84512776652544,-0.9826458543967078],[-80.8450907376943,-0.9826058638073079],[-80.84502301471737,-0.9825470987332636],[-80.84498387582485,-0.982480554355007],[-80.84489519523957,-0.9823878068157087],[-80.84474752914208,-0.9822322142938306],[-80.84467272665441,-0.9821270636147119],[-80.84457749425908,-0.9820247256744494],[-80.844500300169,-0.9819368279934225],[-80.84442467093558,-0.9818286735840047],[-80.84431015949203,-0.9817209516197778],[-80.84418623076621,-0.9815665634781965],[-80.84406149336638,-0.9814070545503598],[-80.84398713026117,-0.9813249743782109],[-80.84394656017939,-0.9812849202832439],[-80.84386807327942,-0.9811661171146682],[-80.84378754436179,-0.9810848689972717],[-80.84370872363826,-0.980993578507764],[-80.84364600860013,-0.9809206999346429],[-80.8435701626375,-0.9808354802897127],[-80.84352277176251,-0.9807716406418621],[-80.8434685143728,-0.980700653340449],[-80.84340080228098,-0.980621839531068],[-80.84331255572103,-0.9805137867458171],[-80.84324739475197,-0.9804281939479296],[-80.84317880098332,-0.9803678907737066],[-80.84314010946123,-0.980326922988084],[-80.8430997285858,-0.9802581891030826],[-80.84303933321162,-0.9801889657221068],[-80.84296733423842,-0.9801019006100944],[-80.84292932716335,-0.980031909267808],[-80.84286497734074,-0.9799375433823911],[-80.84281279620578,-0.9798666375976239],[-80.8427759473889,-0.9798224219325532],[-80.84273885594916,-0.9797770753491192],[-80.84269583357083,-0.9797070113904454],[-80.84263316319985,-0.9796409363413119],[-80.84259617942426,-0.9795997876872633],[-80.84249475610032,-0.979519134774975],[-80.84244986211097,-0.9794365411855352],[-80.84241275738452,-0.9793679476832864],[-80.84236272977893,-0.9792974084098205],[-80.84231889827826,-0.9792319223199399],[-80.8422837562704,-0.9791883128981453],[-80.84223216845953,-0.9791154348348527],[-80.84220251216195,-0.9790457243484667],[-80.8421626970338,-0.9790075430561274],[-80.84210253754911,-0.9789689844335783],[-80.84206831925961,-0.9788924032467605],[-80.84204482704531,-0.9788398285483169],[-80.84201244521911,-0.9787971873116419],[-80.84190404715231,-0.9786606672721093],[-80.841879287496,-0.9786109885385201],[-80.84184914285866,-0.9785668998466548],[-80.84180257072661,-0.9785057653512581],[-80.84174669540813,-0.9784380982975023],[-80.84167650084663,-0.9783222738477519],[-80.84161878670673,-0.9782520264289758],[-80.84159197787976,-0.9782004286747251],[-80.8415619332561,-0.9781512273837762],[-80.84149063526493,-0.9780676011460231],[-80.84145206963032,-0.9780264252670321],[-80.8414100000043,-0.9779568498959607],[-80.84134610195893,-0.9778709450052929],[-80.84128360883899,-0.9778021358687284],[-80.84124478263139,-0.9777593857538847],[-80.84115881770806,-0.9776440816691404],[-80.84110073129654,-0.9775778638731795],[-80.84106217479065,-0.9775339104852634],[-80.84102342953153,-0.9774900837496006],[-80.8409905986558,-0.9774405032430877],[-80.8409635035367,-0.9773610670775099],[-80.84093592700464,-0.9772934375530582],[-80.84088745267785,-0.9772400383599518],[-80.84085031618268,-0.9771982382843021],[-80.84081143658172,-0.9771252884361415],[-80.84078447602468,-0.9770705512748065],[-80.84077144605838,-0.9770142767450523],[-80.84074556285414,-0.9769661441290793],[-80.84066139604148,-0.9768407813879351],[-80.84058594715134,-0.9767250272435604],[-80.84049813034011,-0.976599221010531],[-80.84043520175075,-0.9765026566837633],[-80.84036342029306,-0.9763803163123725],[-80.84026804506631,-0.9762633126908469],[-80.84023121570876,-0.9761891415583647],[-80.8401902432709,-0.9761067100865688],[-80.84015608344048,-0.9760307205837648],[-80.84012204080061,-0.9759474209069339],[-80.84009047837195,-0.9758742904597852],[-80.84004513735955,-0.9758005260455177],[-80.84000854536613,-0.9757628813933509],[-80.83997139578386,-0.9756942444482491],[-80.83992715169,-0.9756125004095254],[-80.83987276067016,-0.9755195191978032],[-80.83984615850419,-0.9754701832595175],[-80.83980845717912,-0.9753991152905853],[-80.83975336465717,-0.975315516044418],[-80.83970703464138,-0.975248862720278],[-80.83965156472115,-0.9751632911542174],[-80.83962149297233,-0.9751185691470567],[-80.8395835038792,-0.9750508757879572],[-80.83952481643568,-0.9749615765987727],[-80.8394655798873,-0.9749089811779328],[-80.83942424647641,-0.9748388910404202],[-80.83938533309903,-0.9747400931846785],[-80.83932270358473,-0.9746685399883575],[-80.83926778576244,-0.9745973580990039],[-80.83923796577591,-0.9745507633209627],[-80.83922750631454,-0.9744964612144997],[-80.83920584798258,-0.9744383406299164],[-80.83916100903576,-0.9743919441695397],[-80.8391206547396,-0.9743532199935885],[-80.83908820937852,-0.9743062631986135],[-80.83906421473138,-0.9742552355465081],[-80.83905298229969,-0.9742010419699341],[-80.83901188711734,-0.9741492399555511],[-80.83894441284131,-0.9740828796444418],[-80.8389117885077,-0.9740383655977922],[-80.83888085051497,-0.9739709032787829],[-80.83886304835791,-0.9738872424880327],[-80.8388344640942,-0.9738435564589736],[-80.83877554406082,-0.9737886883763026],[-80.83871291403587,-0.9736906656298315],[-80.8386835145855,-0.9735897918848053],[-80.83865655292328,-0.9735405735388271],[-80.83856417970779,-0.9734259132725782],[-80.83852790910652,-0.9733214791026795],[-80.83849702974506,-0.9732498776675554],[-80.83845229917478,-0.9731930497260635],[-80.83839126572143,-0.9730890486299586],[-80.83835054920579,-0.9730131139913282],[-80.83829265693996,-0.9729305903155563],[-80.83821213982579,-0.9728158130016311],[-80.83817213757865,-0.9727458396301785],[-80.83811156282148,-0.9726545499415238],[-80.83808531925847,-0.9726065077706919],[-80.83805931281495,-0.9725241946238015],[-80.83802401897584,-0.9724816708389171],[-80.83797648447842,-0.9724183196903908],[-80.83791446718186,-0.9723830658893889],[-80.83789518370023,-0.9723209582928404],[-80.83787482811567,-0.9722554009276081],[-80.83784796750193,-0.9721797374684799],[-80.8378214552217,-0.9721313333936621],[-80.83779026896828,-0.9720874527182984],[-80.83775450043515,-0.9720100969923067],[-80.83771418833567,-0.971916758172739],[-80.83768777158757,-0.9718629936058248],[-80.8376541148145,-0.9717944961450513],[-80.83761038261024,-0.9717236902429534],[-80.83756358283141,-0.97159587294],[-80.8375101408447,-0.9715074199043983],[-80.83745721744609,-0.9714382330143961],[-80.83741397586314,-0.9713701684518129],[-80.83734039669244,-0.9712543510292022],[-80.83730487050963,-0.9711841516884334],[-80.8372557635579,-0.9711121150975401],[-80.83722497419274,-0.9710389394403904],[-80.83719846183749,-0.970992435286007],[-80.83715667936127,-0.9709359331790779],[-80.83711201164073,-0.970881520846902],[-80.83708069059944,-0.9708373687440569],[-80.83704612637524,-0.9707622658387578],[-80.83702159164667,-0.9707102429565992],[-80.8369907845804,-0.9706314851440113],[-80.83698355781812,-0.9706214161080311],[-80.82461022284559,-0.9706207930420446],[-80.82457858296195,-0.970662951551887],[-80.82453777543394,-0.9707031191886983],[-80.8244878902999,-0.970738219893434],[-80.82443162402575,-0.9707668967199083],[-80.82437185280482,-0.9707884260386237],[-80.82431136296464,-0.9708018127982285],[-80.82425141286579,-0.9708062428125146],[-80.82419317098439,-0.970800992363209],[-80.82413789564367,-0.9707859710439238],[-80.82408765391722,-0.9707643454987078],[-80.8240447824852,-0.9707399156930024],[-80.82401062940042,-0.9707154863435646],[-80.82398222875354,-0.970688614539128],[-80.82395571588357,-0.9706559525968999],[-80.82392776547444,-0.9706128862478636],[-80.82389729942196,-0.9705506396082483],[-80.82386377895291,-0.9704594416256924],[-80.82382720428798,-0.9703350400952502],[-80.82378919229163,-0.9701962533705881],[-80.8237517190663,-0.970067328170785],[-80.82371604194641,-0.9699672637753309],[-80.82368126223137,-0.9698941602157021],[-80.82364540295757,-0.9698404177026417],[-80.82360738588491,-0.969799884053259],[-80.82356793016437,-0.9697703879664489],[-80.82352829416013,-0.9697510247836618],[-80.82348955648612,-0.9697407088920897],[-80.82345171719827,-0.9697383546224074],[-80.82341459660695,-0.9697426048785046],[-80.82337819476356,-0.9697524644634541],[-80.82334278134023,-0.9697673000842855],[-80.82330916528812,-0.9697864784764504],[-80.82327797578475,-0.9698096377832427],[-80.82325074079658,-0.9698365971401159],[-80.82322907817938,-0.9698669947424889],[-80.82321559421845,-0.9699052638771947],[-80.82321604007802,-0.9699734801228885],[-80.8232370654819,-0.9700983332001272],[-80.82341984293282,-0.970833974247526],[-80.82344688799519,-0.9710031591391299],[-80.82346305879601,-0.9711491825135852],[-80.82347841951875,-0.9713175525391335],[-80.82348677064378,-0.971466018258539],[-80.8234833501754,-0.9715630045384387],[-80.8234691462616,-0.971618734816829],[-80.82344676435329,-0.9716537464753401],[-80.82341701246307,-0.9716855007379195],[-80.82337440768295,-0.9717185209379977],[-80.8233118494359,-0.9717540733153669],[-80.82322565259423,-0.9717931528715837],[-80.82312570397762,-0.9718351268185897],[-80.8230253058607,-0.9718790006597402],[-80.82293614270405,-0.9719233274524157],[-80.8228625288935,-0.9719652123072821],[-80.82280716099123,-0.9720014888325039],[-80.82277147716593,-0.972030438128712],[-80.82275161236583,-0.9720562217247561],[-80.82274262289083,-0.9720847200684092],[-80.82274154235074,-0.9721227184360686],[-80.822753313555,-0.9721814356714447],[-80.82278494648052,-0.9722734478140325],[-80.82283949675366,-0.972404364316418],[-80.82290429238681,-0.9725535567925903],[-80.82296243737346,-0.9726938826181168],[-80.82300107994568,-0.9728049848154684],[-80.82302300602005,-0.9728937394373958],[-80.8230347761218,-0.9729737176964335],[-80.82304160275285,-0.9730551432535748],[-80.82304366588012,-0.9731340353308581],[-80.82303970756621,-0.9732030655941344],[-80.82302721139946,-0.9732578912332599],[-80.82299835735934,-0.9733074686067056],[-80.8229441568205,-0.9733639205459497],[-80.82286083442331,-0.9734349370071982],[-80.82276618691081,-0.9735105669610106],[-80.82268313440156,-0.9735766979190571],[-80.8226292939215,-0.9736226550675439],[-80.82259990159974,-0.9736529617779439],[-80.8225848904593,-0.9736757600373807],[-80.82257590128832,-0.9736982871983315],[-80.8225716756071,-0.9737236192571714],[-80.82257302221211,-0.9737541085401773],[-80.82258200819065,-0.9737926502748309],[-80.82260609327507,-0.9738450350923243],[-80.82265417523988,-0.9739177774793291],[-80.82273038841822,-0.9740136822996703],[-80.82281936396228,-0.9741208968492856],[-80.82290114933312,-0.9742239492849478],[-80.82296019585542,-0.9743121630367853],[-80.82299964884335,-0.9743947664607617],[-80.82302705747966,-0.9744857831846616],[-80.82304835330251,-0.9745955273804014],[-80.82306200859274,-0.9747193848728416],[-80.82306478810503,-0.974849032026313],[-80.82305498457207,-0.9749757833960615],[-80.82303754190589,-0.9750897777473995],[-80.82301884210425,-0.9751810634495115],[-80.82300418840768,-0.9752434886572559],[-80.8229941195865,-0.9752868244227954],[-80.82298809563814,-0.9753249130009182],[-80.82298611598614,-0.9753687920291583],[-80.82298997822072,-0.9754186425476519],[-80.82300201935882,-0.9754718409794094],[-80.82302331811655,-0.9755254017909749],[-80.8230503694255,-0.9755745297574663],[-80.82307840991591,-0.9756140676976202],[-80.8231051927722,-0.9756404870673947],[-80.82313979570289,-0.9756570453547511],[-80.82319363318763,-0.9756690810372532],[-80.82327353587449,-0.9756810276246597],[-80.82336638114872,-0.9756955081225271],[-80.82345446253002,-0.9757148738781893],[-80.82352348903385,-0.9757403907517528],[-80.82357355060118,-0.9757708826074065],[-80.82360824253973,-0.9758042687695507],[-80.82363116010063,-0.9758395542313991],[-80.82364535906676,-0.9758793628552239],[-80.82365398503512,-0.9759275851221219],[-80.82365901521936,-0.9759870257821176],[-80.82365937103569,-0.9760581371404697],[-80.82365271560356,-0.9761409190737992],[-80.82363743114817,-0.9762341048823514],[-80.82361405723614,-0.976332175775326],[-80.82358385251223,-0.9764288892204576],[-80.82354726662126,-0.9765195406742322],[-80.8235028613743,-0.9766062109265619],[-80.82344829967815,-0.9766929711132946],[-80.82338241298791,-0.9767818115657008],[-80.82330717891361,-0.9768679373482456],[-80.82322556385967,-0.9769443822394237],[-80.82313855674812,-0.9770065321968248],[-80.82303977590884,-0.9770580057794973],[-80.82292059257117,-0.9771043213473263],[-80.8227777707983,-0.9771503642379571],[-80.82262775856822,-0.9771974019364364],[-80.82249194730335,-0.9772458879416918],[-80.82238750409384,-0.977295732696831],[-80.82231362012952,-0.9773448552959536],[-80.82226508250284,-0.977390722235512],[-80.82223748696957,-0.97743568556551],[-80.82222885500424,-0.9775019109276286],[-80.82223783697974,-0.9776165399805875],[-80.82226182551018,-0.9777960385686413],[-80.8222924631569,-0.9780137168784648],[-80.8223200448595,-0.9782318473877609],[-80.82235012798373,-0.9787393088757739],[-80.82219892765934,-0.9791580072337212],[-80.82213951078266,-0.9792746230277203],[-80.82208503699576,-0.9793971197920399],[-80.82204763883132,-0.9795497447872918],[-80.82203531483502,-0.9797473359207061],[-80.82203880849558,-0.9799683602593063],[-80.82204490904947,-0.9801823278874195],[-80.82204274231772,-0.9803643583046835],[-80.82203248817017,-0.9805123706546651],[-80.82201720233012,-0.9806301649428235],[-80.82199823270818,-0.9807232600596762],[-80.82197108456273,-0.9808055885189901],[-80.82192973507438,-0.9808932540907307],[-80.8218705884675,-0.9809970228006932],[-80.82183679076078,-0.9810495854718511],[-80.82179984698526,-0.9811071239574574],[-80.82172613991348,-0.9812085395994785],[-80.82165477075534,-0.9812904133196696],[-80.82157863872807,-0.9813575397759705],[-80.82148722738688,-0.9814187847013898],[-80.82137460425412,-0.9814814760423474],[-80.82130101274798,-0.981521910546661],[-80.82125326253318,-0.9815481476964721]]]}},{"type":"Feature","properties":{"name":"PARTE DE CABECERA CANTONAL","clave_catastral":"C2","clave_parroquia":"C2","descripcion":"PARTE DE CABECERA CANTONAL","layer":"parroquias"},"geometry":{"type":"Polygon","coordinates":[[[-80.7325673808325,-1.005843139073193],[-80.73255570066529,-1.005856992971275],[-80.73254493287078,-1.005869763996344],[-80.73249977626818,-1.005923325948302],[-80.73244489368139,-1.005988423164069],[-80.73240089754148,-1.006040608227735],[-80.73237459632459,-1.00606828954227],[-80.73235642817,-1.006087410175482],[-80.73234080114788,-1.006103856670052],[-80.73232064287329,-1.006125072466986],[-80.7322017714303,-1.00625018071122],[-80.7321090861436,-1.006347727955841],[-80.73208549774078,-1.006372554198947],[-80.73208480752238,-1.006371794178236],[-80.73207071551421,-1.006389933526179],[-80.7320577480261,-1.006406624512493],[-80.7319928962007,-1.006490101154782],[-80.73195943026279,-1.006533178372592],[-80.731939451376,-1.006558896060341],[-80.7319315491716,-1.006569067157855],[-80.73188989517799,-1.006622683668724],[-80.73180845689268,-1.006727509386295],[-80.7315104229956,-1.00711113694301],[-80.7314393894228,-1.007202569148802],[-80.731109382541,-1.007627351446956],[-80.73114302900699,-1.007662912394593],[-80.7311896404808,-1.007712177285953],[-80.73108648959689,-1.007808028169308],[-80.73100393185199,-1.007884743248653],[-80.73095109438998,-1.007933840644398],[-80.73093007158388,-1.00795337538807],[-80.7308987989459,-1.007982435060399],[-80.7308961454772,-1.007984901102418],[-80.7308499174144,-1.008027856911298],[-80.73084075881239,-1.008036367741198],[-80.7308111239168,-1.008063904907232],[-80.73080957544539,-1.008061882732505],[-80.7307568878744,-1.007993079934224],[-80.7307538906881,-1.007989165872559],[-80.73071077614098,-1.007932865270931],[-80.7307067456717,-1.007935750987528],[-80.73068048200479,-1.007954556089899],[-80.730475201313,-1.008101537657041],[-80.73031380095279,-1.00821710108734],[-80.73019127969809,-1.008304826848502],[-80.7290357623502,-1.009132180254497],[-80.7288644811703,-1.009835925491871],[-80.72883551824219,-1.009899684895672],[-80.7287739335845,-1.010035259006386],[-80.7286988877812,-1.01020046512788],[-80.72868541944969,-1.010230115234975],[-80.72863614344149,-1.010338590440853],[-80.72861770360589,-1.010500881789028],[-80.7285790276996,-1.010841271570598],[-80.7288215383852,-1.011501964342898],[-80.7294635841571,-1.011961616123159],[-80.73029101887839,-1.01251288609248],[-80.73043379145228,-1.012608006571554],[-80.73080622042971,-1.012733001055864],[-80.7310153672893,-1.01280319483115],[-80.7311480972363,-1.012847741588558],[-80.73128988059389,-1.012895327141791],[-80.7313405937391,-1.012885515177473],[-80.7316608688835,-1.012823546045084],[-80.7317060325213,-1.012915615777459],[-80.73174352794868,-1.012992053143776],[-80.73174352794871,-1.012992053143776],[-80.73183429226685,-1.012987728912364],[-80.73190466466968,-1.012981479548699],[-80.73196130059297,-1.012964927009591],[-80.73200667486063,-1.012943947648722],[-80.73207294935064,-1.012929960786721],[-80.73224823707847,-1.01288372615339],[-80.73237154031511,-1.012841630800324],[-80.73248651636081,-1.012796684886325],[-80.73254437210987,-1.012789243857767],[-80.73256513291226,-1.012786573947849],[-80.73259233931162,-1.012780600540665],[-80.73269873180128,-1.012757243205513],[-80.73275134015408,-1.012751951348847],[-80.73276882743629,-1.012750192217524],[-80.73278163749941,-1.012746492076545],[-80.73282227520446,-1.012734754009813],[-80.73288016370833,-1.012711469544612],[-80.73292034107428,-1.012701573445369],[-80.73292421679696,-1.012700618383903],[-80.73296224328053,-1.012691252270827],[-80.73303263636218,-1.012673912840739],[-80.73306852454675,-1.012665073095235],[-80.7330864887468,-1.012667557132076],[-80.73309525558564,-1.012668769276885],[-80.73310396547777,-1.012673918752554],[-80.73312106080938,-1.012684026781287],[-80.73312493506134,-1.012690064289941],[-80.73313901753167,-1.012712007598466],[-80.733155069964,-1.012780571222734],[-80.73317095188533,-1.012856927174752],[-80.73318683380694,-1.01293328312687],[-80.73326990473763,-1.013408004035782],[-80.73330221154886,-1.013592624508874],[-80.73333997855731,-1.013777762934083],[-80.73335930709958,-1.013912700611328],[-80.73336770882194,-1.013971353314304],[-80.733388860046,-1.014063504282916],[-80.73339094987504,-1.014072609417795],[-80.73340859076636,-1.01414946866764],[-80.73342333428585,-1.014190722642283],[-80.7334646912088,-1.014306443817006],[-80.73350942929645,-1.014415398271709],[-80.733524935086,-1.014453159800325],[-80.73359675735352,-1.014600109256094],[-80.73363415576264,-1.014676626223803],[-80.73370320343668,-1.014801474981525],[-80.73388222265066,-1.015145752464846],[-80.73390239713105,-1.015223934497669],[-80.7339070093272,-1.015262690314671],[-80.73391162152326,-1.015301447036407],[-80.73391278866806,-1.01530637785001],[-80.73392316269081,-1.015350190617156],[-80.73401295446972,-1.015556169933546],[-80.73405302297992,-1.015602946304469],[-80.73407411697468,-1.015619012752936],[-80.73409396820166,-1.015634132634887],[-80.73413369118066,-1.015652708894351],[-80.73449978659275,-1.015780842833763],[-80.73457747642536,-1.015805394276541],[-80.73464383404381,-1.015819878880336],[-80.73473015268186,-1.015830085812453],[-80.73484538973511,-1.015848259370117],[-80.73495414157631,-1.015881555667619],[-80.735047507063,-1.015922295623085],[-80.73507735756468,-1.015940995004868],[-80.73510790356976,-1.015972848150312],[-80.73512654153242,-1.01601290792189],[-80.7351212098425,-1.016056757392064],[-80.73510442185666,-1.016102092369735],[-80.73508803566355,-1.016180192675748],[-80.73508838660011,-1.01623041816795],[-80.7350986939201,-1.016265747382477],[-80.73510241009193,-1.016270522794954],[-80.7351407203641,-1.016319750801316],[-80.73519289069539,-1.016374166704111],[-80.73520564128805,-1.016394557403657],[-80.7352133116995,-1.016416571654233],[-80.73523184548253,-1.016466694604617],[-80.7363691098548,-1.016896253772174],[-80.73652501732677,-1.016955142069563],[-80.73848175262339,-1.017694224249638],[-80.73950424132116,-1.018080429872185],[-80.74168151104182,-1.018902808694406],[-80.74306710897041,-1.019426163398279],[-80.74385166205185,-1.01972249691876],[-80.74406710328662,-1.019803871058315],[-80.74421308139452,-1.019859008195922],[-80.74430824156572,-1.019894951261378],[-80.74430889748433,-1.019909009749],[-80.74427784071949,-1.019969494092237],[-80.74424925425542,-1.020025166429818],[-80.74424040873483,-1.020039571496469],[-80.74418384773192,-1.020131681957096],[-80.74413389978973,-1.02023819962389],[-80.74411011096707,-1.020330356962617],[-80.74409583521368,-1.020421318118622],[-80.74453807002097,-1.020195190493681],[-80.74519790095363,-1.019857799397798],[-80.74537630213119,-1.019808276952261],[-80.74550824968615,-1.019771649576313],[-80.74566877042116,-1.019782434840579],[-80.74583285768044,-1.019803991066567],[-80.74598400416768,-1.019842039270344],[-80.74608968679519,-1.019868642822601],[-80.74635364812777,-1.019965609900012],[-80.74654321638022,-1.020025256244594],[-80.7466960862088,-1.020073355673873],[-80.74687801055897,-1.020080550840945],[-80.74700999615767,-1.020066198863248],[-80.74711701450988,-1.020019530129716],[-80.7472311680949,-1.019954907794698],[-80.74723825632584,-1.019948071242723],[-80.74731678594132,-1.019872329943297],[-80.74740240210393,-1.019811297081972],[-80.74751655545718,-1.019761037157934],[-80.74773415859845,-1.019667698115512],[-80.7478697154619,-1.019603078343934],[-80.74799100341411,-1.019531274871625],[-80.74813369862831,-1.019419977540252],[-80.74819791425739,-1.019323035545554],[-80.74826926907471,-1.019168645313371],[-80.74835490059132,-1.018920899982035],[-80.7484012825632,-1.018806003318744],[-80.74843776211497,-1.01876317040626],[-80.74851686800376,-1.018670287251751],[-80.74861247461692,-1.018582684414667],[-80.74871236023216,-1.018509443430403],[-80.74883885665135,-1.018440604382747],[-80.74890499439533,-1.018404612377751],[-80.74899060865992,-1.018367276780879],[-80.74906195347204,-1.018341430004313],[-80.74908383624684,-1.018289535183214],[-80.74913617341011,-1.018050164905645],[-80.7491932600004,-1.017890387719447],[-80.74945786933691,-1.017288980552365],[-80.749462108589,-1.01727970390715],[-80.74971355826658,-1.016729462978134],[-80.7498919453661,-1.01634348541053],[-80.74998114016184,-1.016134040669513],[-80.75008817039962,-1.015930580223767],[-80.75019816792002,-1.015792949228327],[-80.75029924379902,-1.015703191689695],[-80.7504032917959,-1.015616426286101],[-80.75063516837504,-1.015454866755064],[-80.75106621921844,-1.015191588695757],[-80.75140808495617,-1.015000115809059],[-80.75172319518099,-1.014841554521652],[-80.75185337484058,-1.014772475163397],[-80.75188669555877,-1.014754793645224],[-80.75206208531395,-1.014691971661762],[-80.75230881532123,-1.014650100338073],[-80.75254365568973,-1.014611219987756],[-80.75270418028273,-1.014569341993607],[-80.7528617352453,-1.014491557232589],[-80.75295389079722,-1.014431720702419],[-80.75304307354013,-1.01437786866363],[-80.75319765817599,-1.014273153755838],[-80.75330170674317,-1.014177412499251],[-80.75338792346301,-1.014039778616009],[-80.75349793006608,-1.013779467410643],[-80.75363766557352,-1.013483251941096],[-80.75376848129028,-1.013210973766093],[-80.75385615373737,-1.013005665094568],[-80.75411037985094,-1.012579649992858],[-80.75431551909281,-1.012205643473806],[-80.75448201300732,-1.011834625895617],[-80.75454775902031,-1.011652880760096],[-80.75461283463062,-1.011493527395018],[-80.75462770874003,-1.01134092756277],[-80.75465446955012,-1.01124817225616],[-80.7547763592525,-1.011080619201977],[-80.75486555264348,-1.01088314184436],[-80.75490421383093,-1.010655738832071],[-80.75498152564406,-1.010341566130691],[-80.75500829494287,-1.010123138844492],[-80.75499938506404,-1.010015420369058],[-80.75503803434596,-1.009946603042962],[-80.75505527946179,-1.009905099405799],[-80.752582235914,-1.009904910888608],[-80.75258244609782,-1.009900762575654],[-80.75258103677186,-1.00990076246768],[-80.75261224818792,-1.00897948570227],[-80.752689938374,-1.00816711815942],[-80.75282292913222,-1.006782998866413],[-80.75293555182911,-1.006261198712394],[-80.75318391568423,-1.005110485677392],[-80.7531855844558,-1.005105818294197],[-80.75331901185245,-1.004442578463625],[-80.7535086598269,-1.003499877070581],[-80.75360194250418,-1.003036187581415],[-80.75362539367171,-1.002919616494424],[-80.75344534851855,-1.002561071588616],[-80.75314464612417,-1.001962247706089],[-80.75314124218873,-1.001954816679188],[-80.75272714500048,-1.001050813637647],[-80.75266636688481,-1.000438709957507],[-80.75259790658892,-0.9997492381859131],[-80.75269308524213,-0.9992454897963086],[-80.75275758168902,-0.9989041317886631],[-80.75284681229573,-0.998431863991513],[-80.75284741839471,-0.9984286561113578],[-80.75284819682604,-0.9981716007640813],[-80.75284824610803,-0.9981553266953966],[-80.75284828424356,-0.9981427334532924],[-80.75285074413449,-0.997330411150017],[-80.75284943673073,-0.9973260516430856],[-80.75280105765945,-0.9971647327681694],[-80.75247310608073,-0.9960711856945608],[-80.7524725539076,-0.9960687447400716],[-80.75228533335905,-0.9949454311473572],[-80.75228226633338,-0.9949270299642734],[-80.75228723025863,-0.9948894891690259],[-80.75241984077816,-0.9938865918248609],[-80.7524197150032,-0.9938825553834079],[-80.75240591268977,-0.993439603807829],[-80.75239627093974,-0.993130175574322],[-80.75239241709929,-0.9930064846603273],[-80.75237995757168,-0.9926066306105384],[-80.75237722803327,-0.9925190336693106],[-80.75223092367345,-0.9922774508089559],[-80.75169822183413,-0.9913978372053266],[-80.75166937839924,-0.9913502105621034],[-80.75110715698798,-0.9907314676993337],[-80.75084637728,-0.9904444710974758],[-80.75015887686318,-0.9899473866465769],[-80.75015820168568,-0.9899435615810006],[-80.75009318364219,-0.9895752165340923],[-80.74986972226928,-0.9883092463962128],[-80.74980849018328,-0.9879623497399024],[-80.74973356983953,-0.9875379052998454],[-80.75038312550932,-0.9867619020713931],[-80.7504678706121,-0.9866606597847465],[-80.75014805682021,-0.9864266289946215],[-80.74991290344182,-0.9862318159517685],[-80.74984106867561,-0.9861674319543567],[-80.74864384947351,-0.9848544487563657],[-80.7485789142811,-0.9847493120836219],[-80.74839115975618,-0.9844453184014981],[-80.74823159209949,-0.9841158385672913],[-80.74796524669233,-0.9835658808826508],[-80.74745700363643,-0.9825158647433057],[-80.74741740909349,-0.9824340634873039],[-80.747187855391,-0.9819625570558089],[-80.74688745733411,-0.98134275436054],[-80.74634918394652,-0.9802321498616636],[-80.74615318089431,-0.9798277420740931],[-80.74565488584912,-0.978831329564059],[-80.74522554362693,-0.9779727977443001],[-80.74522352939742,-0.977968770000473],[-80.74501721239504,-0.9775562092116417],[-80.74481070347909,-0.9771432645820823],[-80.7447341093824,-0.9769929658283588],[-80.74468313041359,-0.9770192024196831],[-80.7441987869695,-0.9773346808912606],[-80.7441329990251,-0.9773782263374642],[-80.7441051961606,-0.9773956418681422],[-80.7437218265179,-0.9776453512504162],[-80.74367693026029,-0.977675847708781],[-80.74357004568469,-0.9777442145834243],[-80.7434478116259,-0.9778223982899306],[-80.74321837215749,-0.9779682458580936],[-80.7429888850376,-0.9781140653551149],[-80.74275942126819,-0.9782598974988019],[-80.7425305911577,-0.9784053985428756],[-80.74244149511068,-0.9784671912412222],[-80.74219056230689,-0.9786412253993718],[-80.742051531479,-0.9787313826048063],[-80.7407364793912,-0.9793358303363249],[-80.7403785798991,-0.9794859198252936],[-80.74016683675178,-0.9795747167946587],[-80.74016683649893,-0.9795747168592186],[-80.74009721708408,-0.979429485909904],[-80.73981713082,-0.9788452071500018],[-80.7397935466173,-0.9787960084804866],[-80.7397092630217,-0.9786201868863885],[-80.739406225422,-0.977928430203562],[-80.7391108945285,-0.9773370825872547],[-80.73900560953058,-0.97710574758581],[-80.7389210463466,-0.97691994148866],[-80.7388940196665,-0.9768605581252672],[-80.7386366133789,-0.976294974452827],[-80.73844453216059,-0.9758729268891244],[-80.7382433270656,-0.9754308309384357],[-80.738069920163,-0.9750438580891654],[-80.7380329211266,-0.9749644986496406],[-80.7380157876553,-0.9749729012447261],[-80.73730478898659,-0.9753215848701159],[-80.73671812749718,-0.9755566752326104],[-80.73653697968439,-0.9756292637659243],[-80.7359121340346,-0.9758796473358871],[-80.73591213258096,-0.975879647267405],[-80.73591213253479,-0.9758796479368783],[-80.7350562680743,-0.9762226035017534],[-80.73386463467018,-0.9767001044733803],[-80.73383823571518,-0.9767058943797622],[-80.73383823565686,-0.9767058943560016],[-80.73380063114193,-0.9768319617974441],[-80.7337958377766,-0.9768480313376672],[-80.73377535521776,-0.9769166981858176],[-80.73377504880982,-0.9769177254045616],[-80.73373365707907,-0.9770564892885147],[-80.73371757616489,-0.9771103998129718],[-80.73366796822056,-0.9772767081457232],[-80.73365169396601,-0.9773312668238104],[-80.73359471084885,-0.977522300040519],[-80.73358416090541,-0.9775576682253444],[-80.73354101732707,-0.9777023050129401],[-80.73352804273406,-0.977745801713013],[-80.73344219305153,-0.9778076216837377],[-80.73344056880816,-0.9778087912940379],[-80.73330525127712,-0.9779062328296533],[-80.73319849186464,-0.9779831097855692],[-80.73313205646713,-0.9780309496020151],[-80.7329830868863,-0.978138221883384],[-80.73294826026465,-0.9781633003645851],[-80.73293849229157,-0.9781703342344059],[-80.73281666564364,-0.9782580610045244],[-80.73276944989587,-0.978292060829574],[-80.73267428219255,-0.9783605906143578],[-80.73259594595088,-0.9784170001435513],[-80.73242776012333,-0.9785381098879782],[-80.73239452194551,-0.9785620445255744],[-80.73224893802599,-0.9786668787336056],[-80.73221939094122,-0.9786881554306746],[-80.73220679212739,-0.9786972277687481],[-80.7320689075502,-0.9787965177034863],[-80.73203280937783,-0.9788225117990522],[-80.73199632686362,-0.978848782656101],[-80.73190216522272,-0.9789165879295753],[-80.73185273734984,-0.978952180663228],[-80.73185171862339,-0.9789529142423986],[-80.73175196631703,-0.9790247453126568],[-80.7317497504377,-0.9790431344845844],[-80.7317446367572,-0.9790855719692217],[-80.73172690592486,-0.9792327168357815],[-80.7317195060686,-0.9792941268525083],[-80.73169685038324,-0.979482142099215],[-80.73169389643093,-0.9795066563871019],[-80.7316674870907,-0.9797258224411252],[-80.73166384364595,-0.9797560586861492],[-80.73163806610096,-0.97996998152459],[-80.73163421810986,-0.9800019152501704],[-80.73160864510216,-0.9802141406062361],[-80.73160700278461,-0.9802277698741335],[-80.7315816470012,-0.9804381924678296],[-80.73157743408392,-0.9804731546233826],[-80.7315725242502,-0.9805169536139714],[-80.73152397097368,-0.9809500810775519],[-80.7316266488512,-0.9809635563068185],[-80.73175333514187,-0.9809801823455045],[-80.73411615407733,-0.9820814593005734],[-80.7341162723504,-0.982081510661331],[-80.73412837567845,-0.982118276198989],[-80.7341309175679,-0.9821259975406492],[-80.7341974243312,-0.9823280210492698],[-80.73420581931195,-0.9823535219654785],[-80.73427496820626,-0.982563571295529],[-80.73428350308892,-0.9825894971808111],[-80.73435503384063,-0.9828067817131938],[-80.73436562900079,-0.9828389659733148],[-80.73443399621556,-0.9830466408071458],[-80.73444619682466,-0.9830837018366908],[-80.734517056446,-0.9832989476793301],[-80.73452492094921,-0.9833228371881403],[-80.73453708976477,-0.9833598016365954],[-80.73464260919496,-0.9834942869342029],[-80.73470195760304,-0.9835699269162319],[-80.734742234812,-0.9836212605128622],[-80.73479775570681,-0.9836920222956423],[-80.73486033849663,-0.9837717845111342],[-80.73494877000351,-0.9838844910954662],[-80.73497050908291,-0.983912197705564],[-80.73500899810045,-0.983961252228795],[-80.73515275202699,-0.9841444676048354],[-80.73517266187619,-0.9841698428440111],[-80.73517468604702,-0.9841724226636046],[-80.73520763832043,-0.9842144205608889],[-80.73515785691767,-0.9843268513895396],[-80.73515085322767,-0.9843426691565469],[-80.7351287841642,-0.9843925119239572],[-80.73505419511869,-0.9845609705494525],[-80.73503284124537,-0.9846091980576546],[-80.73496516789923,-0.9847620376161644],[-80.734939104865,-0.9848209007062394],[-80.7348844074815,-0.9849444341647171],[-80.73485179844951,-0.985018081309974],[-80.73478117827028,-0.9851775762030286],[-80.73476001293552,-0.9852253778729079],[-80.73467858495026,-0.9854092820406777],[-80.73465484434476,-0.9854628999194688],[-80.7346545253246,-0.9854636204227631],[-80.7345709043392,-0.9856524774161529],[-80.73455225100301,-0.9856946057480371],[-80.73455074667578,-0.9856980032526651],[-80.73446152795061,-0.9858995026316676],[-80.73444457036918,-0.9859378011139768],[-80.73444412642705,-0.9859388037516226],[-80.73434346077997,-0.9861661558103378],[-80.73433533259151,-0.9861845132165428],[-80.73424065541484,-0.9863983403475629],[-80.73421917041351,-0.9864468639287054],[-80.73419769844993,-0.9864953580622284],[-80.73413996973082,-0.9866257375675359],[-80.73412273527163,-0.9866646613498347],[-80.73402783765422,-0.9868789862525631],[-80.7340136356695,-0.9869110612272038],[-80.73401227271432,-0.9869141394414241],[-80.73398033365496,-0.9869862733359441],[-80.7339033583885,-0.9871355851705346],[-80.73388886159422,-0.9871637051482907],[-80.73378489416046,-0.9873653746742121],[-80.73375933424539,-0.9874149541933832],[-80.73365902589688,-0.9876095260119939],[-80.73363803587094,-0.9876502411384536],[-80.73354204243235,-0.9878364431285576],[-80.73351363593933,-0.9878915442379822],[-80.73342802055626,-0.9880576154995849],[-80.73339641947886,-0.9881189132486271],[-80.73331942827666,-0.9882682558451422],[-80.73328092737358,-0.9883429374203985],[-80.73327959760744,-0.9883455168151584],[-80.73320664036898,-0.9884870345596539],[-80.7331723350719,-0.9885535777556669],[-80.73316928553048,-0.9885594930586877],[-80.73309829485686,-0.9886971961617235],[-80.73306049817008,-0.9887705117157708],[-80.73298575371548,-0.9889154961322362],[-80.73295120160714,-0.9889825180513441],[-80.73294900304866,-0.9889867826711054],[-80.73288777380401,-0.989105551143723],[-80.73284815338381,-0.9891824042293962],[-80.73279028748091,-0.9892946486931606],[-80.73275319028481,-0.9893666073826921],[-80.73269156714032,-0.9894861398762061],[-80.7326434305793,-0.9895795119796276],[-80.73262098208853,-0.9896230560682255],[-80.7325698885894,-0.9897221638315727],[-80.73253287416458,-0.9897939619397677],[-80.7324894372009,-0.9898782180538888],[-80.73248719818442,-0.989882561148022],[-80.73247388874167,-0.9899083779126272],[-80.73247212371804,-0.9899118015870982],[-80.73241959253224,-0.9900136980530192],[-80.73237743599756,-0.9900954704608012],[-80.73230705128513,-0.9902319979743197],[-80.73228697869726,-0.9902709334221241],[-80.73226887793821,-0.9903060440487224],[-80.73225222956661,-0.9903249231134765],[-80.73220012023414,-0.9903840145040449],[-80.73214547183153,-0.990445985167426],[-80.73210946361787,-0.9904868180675948],[-80.73197566020679,-0.9906385495825987],[-80.73195337563578,-0.9906719385604675],[-80.73191570314032,-0.9907283832668412],[-80.73191349499633,-0.9907313000566235],[-80.73190854025289,-0.9907378448946531],[-80.7318797473896,-0.9907758780696129],[-80.73181467119582,-0.9908567239640435],[-80.73177313925619,-0.990908320199125],[-80.73174996750421,-0.9909359349035469],[-80.73164621675595,-0.9910595788145429],[-80.73160828049835,-0.9911027835713498],[-80.73157381277608,-0.9911420380891371],[-80.73156972199943,-0.9911466969830512],[-80.73142729492669,-0.9913344827937465],[-80.73139034737125,-0.9913831970285258],[-80.73133924559943,-0.9914505731661477],[-80.73129888452283,-0.9915129049838498],[-80.73129311033887,-0.9915209346459902],[-80.73128495616564,-0.9915322739547889],[-80.7312897202441,-0.991536805092224],[-80.73138113632288,-0.9916237496876762],[-80.73196334181418,-0.9921854890681203],[-80.7320268545142,-0.9922415017615691],[-80.73208085320782,-0.9922891233176613],[-80.7321348510043,-0.9923367448732137],[-80.7321888488024,-0.9923843655236055],[-80.732242846602,-0.9924319870781914],[-80.7322852075813,-0.9924693454600373],[-80.73236831541449,-0.9925426389687999],[-80.73236667312709,-0.9925449024412529],[-80.7323673642545,-0.9925455113732511],[-80.7323245883731,-0.9926044756450382],[-80.7322820884521,-0.9926630590517505],[-80.73223958942809,-0.9927216424575532],[-80.73219708950379,-0.9927802258623046],[-80.73215459047671,-0.9928388092661606],[-80.73211209054908,-0.9928973926689793],[-80.73206959061979,-0.9929559760707889],[-80.7320270915878,-0.9930145594716889],[-80.73198459165529,-0.9930731437762574],[-80.7319436935589,-0.9931295188875993],[-80.73328813924319,-0.9945010960651075],[-80.7333459893284,-0.9945601128608814],[-80.7334355833139,-0.9946515148361357],[-80.7334602794038,-0.9946767096428887],[-80.7335166807488,-0.9947342489137014],[-80.73413138786148,-0.9953613603427556],[-80.7343577627457,-0.9955911781940898],[-80.7344855839773,-0.9957233399345995],[-80.7345569328989,-0.9957971119694804],[-80.73461869242159,-0.995860968412586],[-80.7346393037945,-0.9958822798307949],[-80.7346677202483,-0.9959160534789362],[-80.7347702599829,-0.9960379237983972],[-80.7348316631946,-0.9959717721083762],[-80.73486774413088,-0.9959329001643482],[-80.73551499624858,-0.9953552198040256],[-80.7356138164274,-0.9952670222062068],[-80.7357700694935,-0.9951275642404767],[-80.73585707229978,-0.9950499128925117],[-80.73591184253209,-0.9950038191606723],[-80.73593364591298,-0.9950113988432888],[-80.7359583433494,-0.9950199848063761],[-80.7367405586094,-0.9956475020293851],[-80.736773812168,-0.9956732439578247],[-80.736812176889,-0.9957029444424422],[-80.7370916811631,-0.9959306792431732],[-80.73709407933619,-0.9959284773495511],[-80.73716902005239,-0.9959781307274937],[-80.73729808187879,-0.9960636433676484],[-80.73737230000448,-0.9961128171834446],[-80.73772428075179,-0.9957968722559656],[-80.7377902131593,-0.9958534170500855],[-80.73787725605578,-0.9959280660576582],[-80.73795270072569,-0.9959927676539877],[-80.7380229329511,-0.9959816533709328],[-80.7380840695663,-0.9959446281080914],[-80.7381735894115,-0.995895955044972],[-80.738281521454,-0.9958437559502329],[-80.7383920155197,-0.995797307450502],[-80.73850477140019,-0.9957567352776096],[-80.738619479001,-0.9957221515919343],[-80.73873582643199,-0.9956936504593159],[-80.73923247412509,-0.9955744788049686],[-80.7409056957772,-0.9951729840418011],[-80.7417356455181,-0.9948913751226911],[-80.74222540114721,-0.9947251968090143],[-80.742240508197,-0.9947828982871272],[-80.74232138500449,-0.9950831855453116],[-80.74236118230219,-0.9952309474505796],[-80.74238592633628,-0.9953228218442405],[-80.74240136286488,-0.9953801349400635],[-80.7424057867985,-0.9953965598484018],[-80.7424675812265,-0.9954531150987833],[-80.7424883375472,-0.9954721122194741],[-80.74248705925349,-0.9954746851410478],[-80.74248738549478,-0.9954749846288565],[-80.7424760983949,-0.995497703960794],[-80.74246234370239,-0.9955253891036336],[-80.7424165822226,-0.9956174958956723],[-80.7424215780185,-0.9956372662174573],[-80.7424562457885,-0.9957744587881906],[-80.7425114735981,-0.9959930207274397],[-80.74255478787411,-0.9961644322772544],[-80.74268067118089,-0.9966626042209867],[-80.7426908820163,-0.9967030097941318],[-80.74280278789129,-0.9971458679050188],[-80.74286950038848,-0.9973324462049078],[-80.7428836624171,-0.9973720541265436],[-80.74292537173369,-0.9974240416808727],[-80.74292889559129,-0.9974284343708888],[-80.7429680822289,-0.9974655644237912],[-80.7430352527759,-0.9975292112890912],[-80.74310657873589,-0.9977518339752861],[-80.74327735881948,-0.9979051783444817],[-80.7433705274495,-0.9979888360248452],[-80.7433686604808,-0.9979908859725697],[-80.7433695762954,-0.9979917084345118],[-80.7432777901029,-0.9980924815467773],[-80.7432143985525,-0.9981620802537066],[-80.7433062986373,-0.9982617169929],[-80.7432991811407,-0.9983761987314494],[-80.7432991550431,-0.9983766158050571],[-80.74329827498269,-0.9983783437501188],[-80.74329820388868,-0.998379488214681],[-80.7432918474979,-0.9983919619872949],[-80.7432876377711,-0.9984002226500053],[-80.74328672714681,-0.9984020103041332],[-80.7432278143404,-0.9985176261080397],[-80.7431554974617,-0.9986595455740429],[-80.7431498342238,-0.9986697214131794],[-80.7430892195971,-0.9987786312974265],[-80.7430684139377,-0.9988160153825872],[-80.7430580367273,-0.998834660834035],[-80.7429460097698,-0.9990359475702489],[-80.7428561701127,-0.9991973695847634],[-80.74280529713599,-0.9992887766189398],[-80.7426473286706,-0.9995726099339919],[-80.74257100165518,-0.9997097521387701],[-80.7422740760697,-1.000069790729569],[-80.74207923069599,-1.000306052743341],[-80.7420775021368,-1.000308148841413],[-80.7423086298624,-1.000538828945054],[-80.74236835867659,-1.000598442008439],[-80.742378885522,-1.000608948442121],[-80.742400189959,-1.000630211936496],[-80.74242229786259,-1.000652277075673],[-80.74247184272402,-1.000591936206433],[-80.74247219783429,-1.000590865046732],[-80.74247239471829,-1.000590269756913],[-80.7424727947791,-1.000589063797548],[-80.74247344277832,-1.000589537016992],[-80.7424742562889,-1.000588317519515],[-80.7424749996849,-1.000587202963956],[-80.74247793731242,-1.00058279992669],[-80.74247897644858,-1.000581242986684],[-80.74247941691301,-1.000580582576305],[-80.7424840040345,-1.00057370616652],[-80.7424934083977,-1.000559607762256],[-80.74251959445168,-1.000520353150947],[-80.7426395418698,-1.000340544210545],[-80.7427481783319,-1.000177692430768],[-80.74293966159618,-0.9998906463857226],[-80.74299701272248,-0.9998046727018705],[-80.7430070883663,-0.9997921096566813],[-80.7430191771739,-0.9997814964404625],[-80.74303291151038,-0.9997731560090415],[-80.7430478752111,-0.9997673407463878],[-80.74306361436749,-0.9997642270369766],[-80.74307965170868,-0.9997639089340851],[-80.7430955000835,-0.9997663963512338],[-80.74311068043659,-0.9997716150637643],[-80.7431247298975,-0.9997794048998826],[-80.74313300652649,-0.9997849994319807],[-80.74313391157219,-0.9997856110936141],[-80.7433672408031,-0.9999433175381965],[-80.7435289967338,-1.000065613051419],[-80.74359733490878,-1.000117279717074],[-80.7436163389561,-1.000131647251976],[-80.7436504240117,-1.000157417247394],[-80.7436005108689,-1.000226738358663],[-80.74356368299159,-1.000277887397488],[-80.7434443281206,-1.000443652471887],[-80.74330280009839,-1.000640213347737],[-80.743159945283,-1.000838616117036],[-80.74310052266499,-1.000921145369418],[-80.743042665926,-1.001001498893075],[-80.74304106229,-1.0010037261859],[-80.7437657143302,-1.001719233620094],[-80.74381146204549,-1.002303101563072],[-80.74383676879079,-1.002626092937305],[-80.74383698608578,-1.00262886049137],[-80.7438384538672,-1.002651512973543],[-80.7437015460677,-1.002737799761547],[-80.74274778260559,-1.003338905991157],[-80.7426529996064,-1.003186529265832],[-80.7424891037959,-1.002923059287212],[-80.7424759808592,-1.002905456027534],[-80.7424561421741,-1.002886535869308],[-80.7424334306338,-1.002871237075212],[-80.74240848884808,-1.002859992151912],[-80.742382026846,-1.002853120521593],[-80.7423547942132,-1.002850817662875],[-80.7414779531798,-1.002851279150164],[-80.7405641615468,-1.002851759166802],[-80.7405306899332,-1.002763212527938],[-80.74041265335079,-1.00254112348567],[-80.7402706322082,-1.00227390694252],[-80.7402612325465,-1.002239548574522],[-80.7402495631646,-1.002196892845276],[-80.74021758170379,-1.002075036372958],[-80.74009070985122,-1.001591629332836],[-80.7400850104616,-1.001569915616471],[-80.7400746261255,-1.001530348701621],[-80.74006989715109,-1.001512328126609],[-80.74005229939911,-1.00144527978955],[-80.74005124362408,-1.001441254609446],[-80.7400505445661,-1.00143859106025],[-80.740046344827,-1.001422589860837],[-80.7400317948981,-1.00138995185813],[-80.7400292121982,-1.001384157830074],[-80.73999587701908,-1.001389463156769],[-80.7399928246499,-1.001389948747317],[-80.73992456878538,-1.001400811689578],[-80.739911713961,-1.001402857137919],[-80.7399049935356,-1.00140392688408],[-80.7398602262198,-1.001389938159079],[-80.7398597354861,-1.001389785222358],[-80.73985761715728,-1.001387919522131],[-80.73964734333198,-1.001456875797601],[-80.738975749317,-1.001677113913885],[-80.73898363718519,-1.001700041034127],[-80.7391746003327,-1.002175896093647],[-80.7392651493693,-1.002401532166644],[-80.73928553260829,-1.002444376776069],[-80.73868656513419,-1.002733094258858],[-80.7386478837084,-1.002751740126101],[-80.7383369860624,-1.002901600846613],[-80.7381120405383,-1.003010029605818],[-80.7380575448838,-1.00303747077416],[-80.73793524807199,-1.00309905419374],[-80.7379468561524,-1.003121009946867],[-80.73798303198919,-1.003189437670116],[-80.7380046179693,-1.003230267571837],[-80.7380057044575,-1.003232324085843],[-80.7380619681995,-1.003338748914601],[-80.7380277168439,-1.003358857154623],[-80.7381799704685,-1.003594660022216],[-80.73820846438268,-1.003638812608855],[-80.7378883199422,-1.003842769284432],[-80.73780614636618,-1.00389512055493],[-80.73777860746299,-1.003912665358271],[-80.7376911801176,-1.003968362756538],[-80.7373107013425,-1.004210757804827],[-80.73718733534179,-1.004019203431113],[-80.7370906820393,-1.003869127155696],[-80.73707597350399,-1.003875826314285],[-80.7370486453258,-1.003888272131221],[-80.73703261730049,-1.003895572820937],[-80.7369898399465,-1.003915054291042],[-80.736970026927,-1.003924078163607],[-80.73694924136788,-1.003933545269604],[-80.73694798299888,-1.003934117854811],[-80.73677749557089,-1.004011763313059],[-80.73671059318418,-1.003911124190822],[-80.73611368808389,-1.004311611114332],[-80.73605897701309,-1.00425652285665],[-80.73601350954289,-1.004197494394248],[-80.73588933497031,-1.004036286007349],[-80.7357298247915,-1.003898826329959],[-80.73559620466159,-1.003828017586159],[-80.73547464661809,-1.00371053175445],[-80.73535783769718,-1.003650903079063],[-80.7352393917788,-1.003494199742491],[-80.7352454202666,-1.003480251278106],[-80.7352490796236,-1.003464917496146],[-80.7352500381132,-1.003449176370708],[-80.7352482669353,-1.003433507400388],[-80.73524381908109,-1.003418385566988],[-80.73523683113129,-1.003404271383474],[-80.7352275133715,-1.003391592799034],[-80.73508526760772,-1.00322970800687],[-80.7350575457005,-1.003198159106091],[-80.73494354131742,-1.003068414940529],[-80.73493977656048,-1.003064385920624],[-80.73485334938078,-1.002977375682164],[-80.734844041147,-1.002969211645109],[-80.7348337090683,-1.002962409126368],[-80.73482254817459,-1.002957094802539],[-80.7345385591757,-1.002845210388003],[-80.7345279275263,-1.002841771588663],[-80.7345169533243,-1.002839687125416],[-80.73450580733949,-1.002838987772634],[-80.7343946785879,-1.002838978698833],[-80.73429589667728,-1.002838970629981],[-80.73428900284628,-1.002839236054086],[-80.73414657872712,-1.00285025203209],[-80.73398464510119,-1.002795904999928],[-80.73389823421898,-1.002752405385735],[-80.7337851464843,-1.002669604413015],[-80.7337023345382,-1.002513280327733],[-80.7336569185898,-1.002284608944819],[-80.7336449797077,-1.002007675366229],[-80.73364499630819,-1.001802110600167],[-80.73365349376719,-1.001699569566696],[-80.7336564815975,-1.001663515863854],[-80.73371575260012,-1.001413025799366],[-80.73377625486759,-1.001230375263816],[-80.73377818423299,-1.001223708548892],[-80.7338275911979,-1.001024848162132],[-80.73382890934299,-1.001018615662161],[-80.73382976459258,-1.00101254325962],[-80.7338661720206,-1.00067076157363],[-80.7339017176519,-1.000527693152392],[-80.73390303579649,-1.000521460652308],[-80.7339033568258,-1.000519507390649],[-80.7339281363447,-1.000357450756255],[-80.73393682548809,-1.000296270762149],[-80.73396423909558,-1.000037356957066],[-80.7339460024963,-0.9999359781102726],[-80.73393782634659,-0.9998659766364993],[-80.7339294174764,-0.9997727872012376],[-80.7339208427089,-0.9996301982971687],[-80.7339078659807,-0.99943837966606],[-80.7339067099931,-0.9994288239319644],[-80.73390539195388,-0.9994225912167423],[-80.73387946096788,-0.9993181474606985],[-80.73387672484388,-0.9993091461903986],[-80.7338712970647,-0.9992969989933586],[-80.73381515558108,-0.9991926513883698],[-80.7337886278742,-0.9991430507319023],[-80.7337784020078,-0.9991121646081922],[-80.7337784043288,-0.9990833285066714],[-80.73377704031499,-0.9990676179537985],[-80.73377298705108,-0.9990523848731243],[-80.7337663667367,-0.9990380915859305],[-80.7337573815671,-0.9990251723737202],[-80.73374630384728,-0.9990140208113019],[-80.7336955401203,-0.9989627001171613],[-80.7336912441792,-0.9989586493408069],[-80.7336866983477,-0.9989548934823631],[-80.7336818460044,-0.9989513963485023],[-80.73365163804749,-0.9989311182318801],[-80.7336391484273,-0.9989185416220465],[-80.7336190105512,-0.9988881242387748],[-80.7336189539336,-0.9988880391905894],[-80.7336155280931,-0.9988832267119534],[-80.7336117975401,-0.9988786494353263],[-80.7336077829451,-0.998874334503995],[-80.7335977082067,-0.9988641899751655],[-80.7335918800037,-0.9988465800535238],[-80.73359172095428,-0.9988461041584742],[-80.7335896487663,-0.998840562586949],[-80.73358722243879,-0.9988351702651245],[-80.73358445005931,-0.9988299489069163],[-80.7335813442091,-0.998824921131316],[-80.7335779192675,-0.9988201077480311],[-80.73357418781579,-0.998815531376053],[-80.7335701741197,-0.9988112164447642],[-80.7335450969194,-0.9987859646024901],[-80.7335408009786,-0.9987819147307421],[-80.7335362551476,-0.9987781579675074],[-80.73353147470479,-0.9987747096942173],[-80.7335314028046,-0.9987746617382384],[-80.7335087461649,-0.9987594515669258],[-80.7334936418606,-0.998736637850655],[-80.7334935852431,-0.9987365518977781],[-80.73349015940282,-0.9987317394190994],[-80.73348642885018,-0.9987271630471354],[-80.7334824142555,-0.998722847210999],[-80.7334723395179,-0.9987127026820275],[-80.73346651041689,-0.9986950936650345],[-80.7334663513676,-0.9986946168652651],[-80.7334642800785,-0.9986890761985165],[-80.73346185375138,-0.9986836829719864],[-80.73345908137219,-0.9986784616137356],[-80.73345603213991,-0.9986735188862781],[-80.73343095955319,-0.9986356480268057],[-80.7334309029357,-0.9986355629786061],[-80.7334274770955,-0.9986307504999274],[-80.73342374654308,-0.9986261732232151],[-80.7334197319486,-0.9986218582917843],[-80.73336958024942,-0.9985713591300254],[-80.73336528520788,-0.9985673083535431],[-80.7333607393775,-0.9985635515901805],[-80.7333559580364,-0.9985601033166774],[-80.733355887035,-0.9985600553607837],[-80.73332085278608,-0.9985365370507111],[-80.73331799552808,-0.9985250242713164],[-80.73331761545448,-0.998523547739282],[-80.73331606813818,-0.9985183581461855],[-80.7333066581897,-0.9984899311147899],[-80.73321868054009,-0.9983382623085646],[-80.73269190352829,-0.9981929530895286],[-80.73269242929999,-0.9981932824501456],[-80.73244124226171,-0.998284625811948],[-80.7323334183057,-0.9983212454202857],[-80.73229464299109,-0.9983344149470668],[-80.7310562965009,-0.9987549874738022],[-80.7308828753589,-0.9988138848408283],[-80.7308666628923,-0.9987685118684907],[-80.73085456589999,-0.9987247758712526],[-80.73070397109558,-0.9988229118485634],[-80.7307039667758,-0.9988759817339031],[-80.73070395828448,-0.9989802921636085],[-80.73070393868099,-0.9992210649105147],[-80.7307044313513,-0.9992305355449815],[-80.7307243494277,-0.9994211487213533],[-80.73072459462868,-0.9994232558311325],[-80.730764435601,-0.9997342570263328],[-80.73076496021189,-0.9997378017569076],[-80.7308190679005,-1.000059197537453],[-80.73086089852,-1.000307671990086],[-80.7308617232763,-1.0003118817136],[-80.7308876270408,-1.000429260228259],[-80.73089090584318,-1.00044057762338],[-80.73089567848609,-1.000451484399605],[-80.73104904464309,-1.000747430500354],[-80.73107292897778,-1.000807549210947],[-80.73100994510078,-1.001132335263662],[-80.73101162806998,-1.001160347298807],[-80.731043188005,-1.001685587886669],[-80.731015258564,-1.001841029799124],[-80.73100827550829,-1.001899429709937],[-80.73100823079149,-1.001929754062942],[-80.73100818802129,-1.001958250884627],[-80.7310308810206,-1.002354146745304],[-80.73104517408791,-1.00260350283736],[-80.7310448631358,-1.002691208038186],[-80.73104416306339,-1.002888282823804],[-80.73104493131751,-1.002913015178535],[-80.7310482382978,-1.003019577727329],[-80.73104932120289,-1.003054455622006],[-80.73106045413219,-1.003413165689253],[-80.7310645858376,-1.003546288128859],[-80.73106532809228,-1.003570202615848],[-80.7310699546338,-1.003719254475939],[-80.7310709550632,-1.003751493299717],[-80.7310664625228,-1.003810533956042],[-80.73122598867968,-1.004046336718304],[-80.7312543379634,-1.004088241104256],[-80.73138108969039,-1.004275597092558],[-80.73150947437591,-1.004465129062808],[-80.73155314115128,-1.004516810198965],[-80.73155969458278,-1.004524566893238],[-80.7316140263969,-1.004578061966811],[-80.7316151093664,-1.00457912871957],[-80.7316752531847,-1.004628355810723],[-80.7317746376612,-1.004690375245929],[-80.7318633952464,-1.004745762213872],[-80.7319585744496,-1.004805157613916],[-80.73206602707509,-1.004872211563722],[-80.7322095656788,-1.004961784221479],[-80.7326749535414,-1.005252200187741],[-80.7327999005003,-1.005330170993247],[-80.73281636662298,-1.005340446334685],[-80.7328184265735,-1.005341732109571],[-80.73283484596088,-1.005351978496094],[-80.73283622016008,-1.005352835377835],[-80.7328574281237,-1.005366070444438],[-80.7328945791343,-1.005389254205582],[-80.73289737157168,-1.005390996018974],[-80.7328919831193,-1.005392623164198],[-80.73288386673471,-1.005395073378807],[-80.7328723105491,-1.005398561927166],[-80.7328601845087,-1.005402222325117],[-80.7328582745068,-1.005402798473625],[-80.7328532662571,-1.005404310750819],[-80.73284869310909,-1.005404821540267],[-80.732840549378,-1.005423033761261],[-80.7328277274289,-1.005451706858963],[-80.7328164121459,-1.005477013622468],[-80.73280330612299,-1.005506322713771],[-80.7328013382867,-1.005510724008019],[-80.7327921571484,-1.005531255841973],[-80.7327708714342,-1.005578858575362],[-80.7327604865801,-1.005602081847996],[-80.73275170008719,-1.005621732518222],[-80.73274810542509,-1.005626050444235],[-80.73273729986549,-1.00563902955254],[-80.7326920245605,-1.005693414793186],[-80.7326248567802,-1.005774098399186],[-80.7325673808325,-1.005843139073193]]]}},{"type":"Feature","properties":{"name":"URBIMANTA","clave_catastral":"","clave_parroquia":"","descripcion":"URBIMANTA","layer":"parroquias"},"geometry":{"type":"Polygon","coordinates":[[[-80.7261484942703,-0.9810784547746749],[-80.7259664910764,-0.981407709287069],[-80.72579282231014,-0.9817366077048035],[-80.72552210787478,-0.9815626717411875],[-80.7240190289316,-0.9805789427540788],[-80.72313092414818,-0.9800608386473328],[-80.72198493129119,-0.9790667291915583],[-80.7216966016405,-0.9788981105621702],[-80.7216278826564,-0.9790905896886244],[-80.72158592501918,-0.9791983251836456],[-80.721364070109,-0.9795367507604738],[-80.72108185805551,-0.9798140765548311],[-80.72076177327378,-0.9800175162509249],[-80.7203848108073,-0.9801791667305935],[-80.7202878186684,-0.9802178732653317],[-80.7191801381683,-0.98063392915995],[-80.71871680450958,-0.9808466625988927],[-80.7184333260914,-0.9810017524587948],[-80.7180961229434,-0.9812445781570461],[-80.71745215967249,-0.9817935504697745],[-80.7173859979994,-0.9818528735096378],[-80.7162615196539,-0.9828731334668818],[-80.71581084095152,-0.983282042589053],[-80.7156681435606,-0.9834436074743138],[-80.7156045817199,-0.9835491825540004],[-80.71554720175841,-0.9836444914276825],[-80.7154694253963,-0.9838039077334172],[-80.7153942821294,-0.9840206697772941],[-80.71533383394049,-0.9842929365898384],[-80.7153231814443,-0.9845363951410206],[-80.71532357734648,-0.9846584587488536],[-80.7153425875294,-0.9848308099619344],[-80.71536373137218,-0.9849087577114801],[-80.7154000358507,-0.9850425993038526],[-80.7155613046706,-0.985596824082677],[-80.71577992164148,-0.9862940661068791],[-80.7157954809819,-0.9863436902932108],[-80.7158994845365,-0.986668871884902],[-80.7159393167016,-0.9867934123845146],[-80.7160213379542,-0.9870498616064508],[-80.7161913214025,-0.98761719198842],[-80.71626145465969,-0.987848193203348],[-80.7162959238865,-0.9880025925415481],[-80.7163154253622,-0.9881263288125269],[-80.7163196914501,-0.9881534001365253],[-80.71632800708149,-0.9882491498195519],[-80.71632085639078,-0.9884382541634267],[-80.71631014302969,-0.988583074992647],[-80.7162804044322,-0.9887326810454339],[-80.71624711712879,-0.9888746726892634],[-80.7162054734799,-0.9889876068008333],[-80.71613887511519,-0.9891384066181104],[-80.7160806032628,-0.9892461199789722],[-80.71602352193868,-0.9893370771678037],[-80.71595098108588,-0.9894411984711979],[-80.71586774045988,-0.9895405310844154],[-80.71575715132359,-0.9896494368649086],[-80.7156239695136,-0.9897643244910626],[-80.7155086257652,-0.9898516858119137],[-80.7153873377967,-0.9899234872831072],[-80.71513881751059,-0.9900634997747346],[-80.71442589779468,-0.9904562690359741],[-80.71402689851361,-0.990676090668444],[-80.713939447722,-0.9907242701149244],[-80.7139394477311,-0.9907242701241615],[-80.7141701613252,-0.990959594474532],[-80.7142384082816,-0.9910388454965045],[-80.71423965637878,-0.9910322312164652],[-80.7143317216897,-0.9911193019681833],[-80.7145672377908,-0.9913420421048612],[-80.7146777803628,-0.9914527890988296],[-80.7148089043923,-0.991575299201557],[-80.71495881883908,-0.9917065495956336],[-80.7150325525995,-0.9917693098977196],[-80.71504751738429,-0.9917820478058842],[-80.71519913194808,-0.9919288061026066],[-80.71546308819639,-0.9921693028460937],[-80.7155664420845,-0.9922608691944674],[-80.71583282680082,-0.9924819147081932],[-80.71596014290209,-0.9926021753314272],[-80.7159989561945,-0.9926382832461654],[-80.7161205089308,-0.9927513644351933],[-80.7161595156323,-0.9927855480316197],[-80.716222514845,-0.992840759334655],[-80.7163442919167,-0.9929582926537392],[-80.7164928651897,-0.993114099643563],[-80.71657421530192,-0.9931994097645287],[-80.7166723238051,-0.993302294563648],[-80.7167739787381,-0.9933973547656763],[-80.71685611375199,-0.9934693212725563],[-80.7169014728457,-0.9935179175627411],[-80.71711799960369,-0.9937498967593967],[-80.71732236696648,-0.9939769984749773],[-80.7173637696651,-0.9940244110511571],[-80.7174792818431,-0.9941566888986415],[-80.717563915246,-0.9942745446972765],[-80.7176524191454,-0.9943892696010437],[-80.7177124995334,-0.9944501613612858],[-80.71786051253478,-0.9946218370238853],[-80.7178930625962,-0.994663227940336],[-80.71803917435699,-0.994849026983033],[-80.71812095453679,-0.9949724374983049],[-80.7181394656534,-0.9950211128977742],[-80.7181504222373,-0.995081934386377],[-80.7181580620201,-0.9951243427769185],[-80.7181746861828,-0.9951668659344648],[-80.718204882203,-0.9952093902590917],[-80.71824244909331,-0.9952434108717654],[-80.71830706358658,-0.995276741700394],[-80.7183769933436,-0.9953128142793873],[-80.7184272330049,-0.9953502739069364],[-80.71843419635799,-0.9953566174806383],[-80.7184820554813,-0.9954002190311968],[-80.71859963863838,-0.9955211980238801],[-80.71861704325438,-0.9955391047858058],[-80.71868543554109,-0.9956132975070204],[-80.7188978909186,-0.9958567752700418],[-80.71899713052879,-0.9959670688713516],[-80.71907170223739,-0.9960499474092899],[-80.7191284427272,-0.9961110361009275],[-80.7195443375035,-0.9965588011696127],[-80.7195601215266,-0.9965775202270494],[-80.7195940352033,-0.9966177405498087],[-80.71965541791769,-0.9966905375874546],[-80.71976550726748,-0.9968505915840922],[-80.7198183506644,-0.99692143550854],[-80.7199833376491,-0.9971149597133433],[-80.7202309304995,-0.9974053772084943],[-80.72024568732168,-0.9974226857218866],[-80.7202550473537,-0.9974340805382268],[-80.72030133704929,-0.9974904348444226],[-80.7203912778413,-0.9975999323870611],[-80.72047928690559,-0.9977119593546321],[-80.72049990494548,-0.9977382042663265],[-80.720541540949,-0.9977912025751862],[-80.7206218160584,-0.9979008051414127],[-80.7207999546713,-0.9981440238903189],[-80.72088142775829,-0.9982552613822264],[-80.72095810655328,-0.9983570242590502],[-80.721004279912,-0.9984183020264652],[-80.72112243631058,-0.9985651957693449],[-80.72114359280438,-0.9985906907147069],[-80.7212864056607,-0.9987627910946628],[-80.7214455453697,-0.9989545659550458],[-80.7214632976144,-0.9989753135546521],[-80.7216265458396,-0.9991661044292925],[-80.72171584652149,-0.9992678756144359],[-80.7217213089033,-0.9992741005391252],[-80.72179637845889,-0.999359652537521],[-80.7218734828265,-0.9994460949510682],[-80.72192404489579,-0.9994985846586674],[-80.72196338553009,-0.9995394242622381],[-80.72193397842749,-0.9997764650798189],[-80.7219262886536,-0.9997828806835827],[-80.72185416567419,-0.9998430500350678],[-80.72173359756219,-0.9999436353318458],[-80.72158671971589,-1.000066169545462],[-80.72154959127,-1.000097143914857],[-80.7213957948597,-1.000225450529626],[-80.721351985159,-1.000261999196169],[-80.7210068171073,-1.000549959453153],[-80.72088982822109,-1.00064755853667],[-80.7204352557932,-1.001026790835013],[-80.72012651045388,-1.001284364609475],[-80.7201495800808,-1.001346547841678],[-80.721267727589,-1.004360415280587],[-80.7188834502104,-1.005430113427821],[-80.71801627221149,-1.005819168939809],[-80.7150237667923,-1.007161741225801],[-80.71509577768839,-1.007267335309805],[-80.71518035918518,-1.007373415427807],[-80.71520458194638,-1.007403795252003],[-80.7153113710422,-1.007530560969656],[-80.71533307026229,-1.007557581356153],[-80.7155431972762,-1.007819238655003],[-80.715617263129,-1.007901025279565],[-80.71566694323329,-1.007955884467606],[-80.715686919111,-1.007976516492619],[-80.7158234735233,-1.008117560354464],[-80.71590226442599,-1.008198941173248],[-80.7160447415209,-1.008334693859098],[-80.7161359524997,-1.008421599065201],[-80.7161604068821,-1.008444899493554],[-80.7162336406146,-1.008514676820425],[-80.71625993379558,-1.008539728037903],[-80.7162778768966,-1.008556825152084],[-80.7164886613583,-1.00875283076185],[-80.7165649175784,-1.008835283441087],[-80.71670744347449,-1.008989390119609],[-80.7168052655986,-1.009102628601724],[-80.71681797968019,-1.009117345849504],[-80.7170757953048,-1.009433904637959],[-80.717138511976,-1.009506194339835],[-80.71724067675149,-1.009623952260995],[-80.7172692677391,-1.009654185897617],[-80.71751338804208,-1.009912332200471],[-80.7176213558216,-1.010026502514805],[-80.7176673505382,-1.010075140530319],[-80.7178035399513,-1.010219154511447],[-80.7179509543973,-1.010375038459983],[-80.7181258868239,-1.010580453570142],[-80.7182426738071,-1.010714221732385],[-80.71834048265409,-1.010826253302071],[-80.7183872697097,-1.010879842901545],[-80.7185237283261,-1.011029678750987],[-80.71862777469289,-1.011143924705323],[-80.71864922824152,-1.01116454056644],[-80.71896241089789,-1.011465495938737],[-80.7190133951036,-1.011511878015156],[-80.71912895235839,-1.011617004507187],[-80.7192038114052,-1.011685106407953],[-80.7192934276481,-1.011766632888111],[-80.7193795180471,-1.011835882946684],[-80.7195080110768,-1.01193896318172],[-80.71953000866729,-1.011956609804002],[-80.71990850369289,-1.012260250585456],[-80.71998827238808,-1.012324242770902],[-80.7199921845782,-1.012327747987158],[-80.72005037672159,-1.012379891018682],[-80.7203750651729,-1.01267082666736],[-80.72065769074909,-1.012917770370038],[-80.7206597138044,-1.012919538363974],[-80.7207470386187,-1.012995838069685],[-80.7209221011088,-1.013155459932136],[-80.7210971636164,-1.013315081789727],[-80.7213022336629,-1.013484516095943],[-80.7213152033835,-1.013495231791566],[-80.72140088600909,-1.01358329177188],[-80.7214339963067,-1.013633960642878],[-80.7214982441565,-1.013775901042834],[-80.7215573920801,-1.013898172437038],[-80.72166358947669,-1.01411770596961],[-80.721713424179,-1.014195828139478],[-80.72180267425098,-1.014335738706976],[-80.72181538183777,-1.0143533257109],[-80.7218893924443,-1.014433004276825],[-80.7219382359628,-1.014477336959658],[-80.72201214598759,-1.014524501767056],[-80.7220702845994,-1.014551772274558],[-80.7222684198328,-1.014644710252199],[-80.7225074653506,-1.014744673268197],[-80.7227988022771,-1.014846282844061],[-80.7231575325453,-1.014968161171893],[-80.72321529188419,-1.014984855478573],[-80.72345056790539,-1.01505285985877],[-80.7235488330576,-1.015087273832677],[-80.7236081568624,-1.015118775786348],[-80.72368304622938,-1.015181255715262],[-80.7237654553516,-1.015281919910365],[-80.7238517874946,-1.015396304489613],[-80.7238953674875,-1.015474449629863],[-80.7239388383843,-1.015620196190596],[-80.7239911860483,-1.015795706925957],[-80.7242675530686,-1.016274065015409],[-80.7243215235566,-1.016348735121738],[-80.7244361904058,-1.016507379126267],[-80.7246077426569,-1.016697465154323],[-80.724680047082,-1.016792160955958],[-80.7248310973683,-1.016974607590171],[-80.72489881225978,-1.017050991503751],[-80.7249000282268,-1.017052363160573],[-80.72497064103538,-1.017116161789716],[-80.72503631779219,-1.01715656398666],[-80.72510667312208,-1.017172282257064],[-80.72514265825049,-1.017176168391714],[-80.7252170750329,-1.017184205047229],[-80.72530756084319,-1.017179359892836],[-80.72542690062468,-1.017168234844618],[-80.72558318668669,-1.017135837603803],[-80.72570727892659,-1.017087138199983],[-80.7257805516136,-1.017062272861921],[-80.72601153135089,-1.016983887020558],[-80.7264907767246,-1.016889979282979],[-80.726629607262,-1.016876819327436],[-80.7266743162967,-1.016815384632835],[-80.7267962504459,-1.016756483393124],[-80.7268552959626,-1.016731325495186],[-80.72701826863229,-1.016661885962989],[-80.72718852252319,-1.016570946411932],[-80.727302558128,-1.016510035097127],[-80.7273381191441,-1.016491039941769],[-80.7274695055774,-1.01642653564835],[-80.72759306845029,-1.01637702729326],[-80.72768083400149,-1.016334831446471],[-80.7277881468879,-1.016280393702857],[-80.72795838011189,-1.016188987263078],[-80.72804360572279,-1.016124214848972],[-80.7282137174781,-1.015958916420942],[-80.72822687705082,-1.015946128437506],[-80.72832922155818,-1.015781270287547],[-80.72844010940929,-1.015570756245197],[-80.7285237285805,-1.015412010585578],[-80.7286066142288,-1.01524354818487],[-80.72883273210809,-1.014863832571265],[-80.7288473181524,-1.014839338553259],[-80.7289562038626,-1.014666342069916],[-80.72900073538378,-1.014609380234418],[-80.7290452669034,-1.01455241749315],[-80.7291995456404,-1.014338295419634],[-80.7292894005631,-1.01419126906238],[-80.7293682091061,-1.014088294317645],[-80.72942987018929,-1.01400772619192],[-80.72954801671239,-1.013872080844422],[-80.72963368848549,-1.013758555839772],[-80.72970770621072,-1.013668443964292],[-80.7297811000631,-1.013590360264772],[-80.7298401327348,-1.013534947600263],[-80.7298898453075,-1.01347344630166],[-80.72992188259158,-1.013404703057034],[-80.7299505683518,-1.013421346854742],[-80.7299948819934,-1.013422675080577],[-80.73006749083909,-1.01340296916635],[-80.73019059232878,-1.013344491251445],[-80.7302684230991,-1.013315452694201],[-80.7303462538684,-1.013286414134654],[-80.730492212568,-1.013242156675673],[-80.73057044152789,-1.013223723252878],[-80.7306732600722,-1.013204136559963],[-80.73067453639439,-1.013203893297458],[-80.730762284278,-1.013178356816383],[-80.7309117507402,-1.013115521234653],[-80.73106955407279,-1.013057955421374],[-80.7312171429939,-1.013016094659548],[-80.7312291547713,-1.013014200277041],[-80.7312837272848,-1.013005595530871],[-80.73135622095458,-1.012998247123619],[-80.73144194667329,-1.013003626494012],[-80.7315252181094,-1.013004738100165],[-80.7315977314213,-1.012999000087987],[-80.7317160118437,-1.012993364502393],[-80.73174352794868,-1.012992053143776],[-80.7317060325213,-1.012915615777459],[-80.7316608688835,-1.012823546045084],[-80.7313405937391,-1.012885515177473],[-80.73128988059389,-1.012895327141791],[-80.7311480972363,-1.012847741588558],[-80.7310153672893,-1.01280319483115],[-80.73080622042971,-1.012733001055864],[-80.73043379145228,-1.012608006571554],[-80.73029101887839,-1.01251288609248],[-80.7294635841571,-1.011961616123159],[-80.7288215383852,-1.011501964342898],[-80.7285790276996,-1.010841271570598],[-80.72861770360589,-1.010500881789028],[-80.72863614344149,-1.010338590440853],[-80.72868541944969,-1.010230115234975],[-80.7286988877812,-1.01020046512788],[-80.7287739335845,-1.010035259006386],[-80.72883551824219,-1.009899684895672],[-80.7288644811703,-1.009835925491871],[-80.7290357623502,-1.009132180254497],[-80.73019127969809,-1.008304826848502],[-80.73031380095279,-1.00821710108734],[-80.730475201313,-1.008101537657041],[-80.73068048200479,-1.007954556089899],[-80.7307067456717,-1.007935750987528],[-80.73071077614098,-1.007932865270931],[-80.7307538906881,-1.007989165872559],[-80.7307568878744,-1.007993079934224],[-80.73080957544539,-1.008061882732505],[-80.7308111239168,-1.008063904907232],[-80.73084075881239,-1.008036367741198],[-80.7308499174144,-1.008027856911298],[-80.7308961454772,-1.007984901102418],[-80.7308987989459,-1.007982435060399],[-80.73093007158388,-1.00795337538807],[-80.73095109438998,-1.007933840644398],[-80.73100393185199,-1.007884743248653],[-80.73108648959689,-1.007808028169308],[-80.7311896404808,-1.007712177285953],[-80.73114302900699,-1.007662912394593],[-80.731109382541,-1.007627351446956],[-80.7314393894228,-1.007202569148802],[-80.7315104229956,-1.00711113694301],[-80.73180845689268,-1.006727509386295],[-80.73188989517799,-1.006622683668724],[-80.7319315491716,-1.006569067157855],[-80.731939451376,-1.006558896060341],[-80.73195943026279,-1.006533178372592],[-80.7319928962007,-1.006490101154782],[-80.7320577480261,-1.006406624512493],[-80.73207071551421,-1.006389933526179],[-80.73208480752238,-1.006371794178236],[-80.73208549774078,-1.006372554198947],[-80.7321090861436,-1.006347727955841],[-80.7322017714303,-1.00625018071122],[-80.73232064287329,-1.006125072466986],[-80.73234080114788,-1.006103856670052],[-80.73235642817,-1.006087410175482],[-80.73237459632459,-1.00606828954227],[-80.73240089754148,-1.006040608227735],[-80.73244489368139,-1.005988423164069],[-80.73249977626818,-1.005923325948302],[-80.73254493287078,-1.005869763996344],[-80.73255570066529,-1.005856992971275],[-80.7325558759488,-1.005856784900431],[-80.7325673808325,-1.005843139073193],[-80.7326248567802,-1.005774098399186],[-80.7326920245605,-1.005693414793186],[-80.73273729986549,-1.00563902955254],[-80.73274810542509,-1.005626050444235],[-80.73275170008719,-1.005621732518222],[-80.7327604865801,-1.005602081847996],[-80.7327708714342,-1.005578858575362],[-80.7327921571484,-1.005531255841973],[-80.7328013382867,-1.005510724008019],[-80.73280330612299,-1.005506322713771],[-80.7328164121459,-1.005477013622468],[-80.7328277274289,-1.005451706858963],[-80.732840549378,-1.005423033761261],[-80.73284869310909,-1.005404821540267],[-80.7328532662571,-1.005404310750819],[-80.7328582745068,-1.005402798473625],[-80.7328601845087,-1.005402222325117],[-80.7328723105491,-1.005398561927166],[-80.73288386673471,-1.005395073378807],[-80.7328919831193,-1.005392623164198],[-80.73289737157168,-1.005390996018974],[-80.7328945791343,-1.005389254205582],[-80.7328574281237,-1.005366070444438],[-80.73283622016008,-1.005352835377835],[-80.73283484596088,-1.005351978496094],[-80.7328184265735,-1.005341732109571],[-80.73281636662298,-1.005340446334685],[-80.7327999005003,-1.005330170993247],[-80.7326749535414,-1.005252200187741],[-80.7322095656788,-1.004961784221479],[-80.73206602707509,-1.004872211563722],[-80.7319585744496,-1.004805157613916],[-80.7318633952464,-1.004745762213872],[-80.7317746376612,-1.004690375245929],[-80.7316752531847,-1.004628355810723],[-80.7316151093664,-1.00457912871957],[-80.7316140263969,-1.004578061966811],[-80.73155969458278,-1.004524566893238],[-80.73155314115128,-1.004516810198965],[-80.73150947437591,-1.004465129062808],[-80.73138108969039,-1.004275597092558],[-80.7312543379634,-1.004088241104256],[-80.73122598867968,-1.004046336718304],[-80.7310664625228,-1.003810533956042],[-80.7310709550632,-1.003751493299717],[-80.7310699546338,-1.003719254475939],[-80.73106532809228,-1.003570202615848],[-80.7310645858376,-1.003546288128859],[-80.73106045413219,-1.003413165689253],[-80.73106043620449,-1.003412574001857],[-80.73104932120289,-1.003054455622006],[-80.7310482382978,-1.003019577727329],[-80.73104493131751,-1.002913015178535],[-80.73104416306339,-1.002888282823804],[-80.7310448631358,-1.002691208038186],[-80.73104517408791,-1.00260350283736],[-80.7310308810206,-1.002354146745304],[-80.73100818802129,-1.001958250884627],[-80.73100823079149,-1.001929754062942],[-80.73100827550829,-1.001899429709937],[-80.731015258564,-1.001841029799124],[-80.731043188005,-1.001685587886669],[-80.73101162806998,-1.001160347298807],[-80.73100994510078,-1.001132335263662],[-80.73107292897778,-1.000807549210947],[-80.73104904464309,-1.000747430500354],[-80.73089567848609,-1.000451484399605],[-80.73089090584318,-1.00044057762338],[-80.7308876270408,-1.000429260228259],[-80.7308617232763,-1.0003118817136],[-80.73086089852,-1.000307671990086],[-80.7308190679005,-1.000059197537453],[-80.73076496021189,-0.9997378017569076],[-80.730764435601,-0.9997342570263328],[-80.73072459462868,-0.9994232558311325],[-80.7307243494277,-0.9994211487213533],[-80.7307044313513,-0.9992305355449815],[-80.73070393868099,-0.9992210649105147],[-80.73070395828448,-0.9989802921636085],[-80.7307039667758,-0.9988759817339031],[-80.73070397109558,-0.9988229118485634],[-80.73085456589999,-0.9987247758712526],[-80.7308666628923,-0.9987685118684907],[-80.7308828753589,-0.9988138848408283],[-80.7310562965009,-0.9987549874738022],[-80.73229464299109,-0.9983344149470668],[-80.7323334183057,-0.9983212454202857],[-80.73244124226171,-0.998284625811948],[-80.73269242929999,-0.9981932824501456],[-80.73269190352829,-0.9981929530895286],[-80.73321868054009,-0.9983382623085646],[-80.7333066581897,-0.9984899311147899],[-80.73331606813818,-0.9985183581461855],[-80.73331761545448,-0.998523547739282],[-80.73331799552808,-0.9985250242713164],[-80.73332085278608,-0.9985365370507111],[-80.733355887035,-0.9985600553607837],[-80.7333559580364,-0.9985601033166774],[-80.7333607393775,-0.9985635515901805],[-80.73336528520788,-0.9985673083535431],[-80.73336958024942,-0.9985713591300254],[-80.7334197319486,-0.9986218582917843],[-80.73342374654308,-0.9986261732232151],[-80.7334274770955,-0.9986307504999274],[-80.7334309029357,-0.9986355629786061],[-80.73343095955319,-0.9986356480268057],[-80.73345603213991,-0.9986735188862781],[-80.73345908137219,-0.9986784616137356],[-80.73346185375138,-0.9986836829719864],[-80.7334642800785,-0.9986890761985165],[-80.7334663513676,-0.9986946168652651],[-80.73346651041689,-0.9986950936650345],[-80.7334723395179,-0.9987127026820275],[-80.7334824142555,-0.998722847210999],[-80.73348642885018,-0.9987271630471354],[-80.73349015940282,-0.9987317394190994],[-80.7334935852431,-0.9987365518977781],[-80.7334936418606,-0.998736637850655],[-80.7335087461649,-0.9987594515669258],[-80.7335314028046,-0.9987746617382384],[-80.73353147470479,-0.9987747096942173],[-80.7335362551476,-0.9987781579675074],[-80.7335408009786,-0.9987819147307421],[-80.7335450969194,-0.9987859646024901],[-80.7335701741197,-0.9988112164447642],[-80.73357418781579,-0.998815531376053],[-80.7335779192675,-0.9988201077480311],[-80.7335813442091,-0.998824921131316],[-80.73358445005931,-0.9988299489069163],[-80.73358722243879,-0.9988351702651245],[-80.7335896487663,-0.998840562586949],[-80.73359172095428,-0.9988461041584742],[-80.7335918800037,-0.9988465800535238],[-80.7335977082067,-0.9988641899751655],[-80.7336077829451,-0.998874334503995],[-80.7336117975401,-0.9988786494353263],[-80.7336155280931,-0.9988832267119534],[-80.7336189539336,-0.9988880391905894],[-80.7336190105512,-0.9988881242387748],[-80.7336391484273,-0.9989185416220465],[-80.73365163804749,-0.9989311182318801],[-80.7336818460044,-0.9989513963485023],[-80.73368191790452,-0.9989514443044528],[-80.7336866983477,-0.9989548934823631],[-80.7336912441792,-0.9989586493408069],[-80.7336955401203,-0.9989627001171613],[-80.733746332623,-0.9990138452982079],[-80.73374630384728,-0.9990140208113019],[-80.7337573815671,-0.9990251723737202],[-80.7337663667367,-0.9990380915859305],[-80.73377298705108,-0.9990523848731243],[-80.73377704031499,-0.9990676179537985],[-80.7337784043288,-0.9990833285066714],[-80.7337784020078,-0.9991121646081922],[-80.7337886278742,-0.9991430507319023],[-80.73381515558108,-0.9991926513883698],[-80.7338712970647,-0.9992969989933586],[-80.73387672484388,-0.9993091461903986],[-80.73387946096788,-0.9993181474606985],[-80.73390539195388,-0.9994225912167423],[-80.7339067099931,-0.9994288239319644],[-80.7339078659807,-0.99943837966606],[-80.7339208427089,-0.9996301982971687],[-80.7339294174764,-0.9997727872012376],[-80.73393782634659,-0.9998659766364993],[-80.7339460024963,-0.9999359781102726],[-80.73396423909558,-1.000037356957066],[-80.73393682548809,-1.000296270762149],[-80.7339281363447,-1.000357450756255],[-80.7339033568258,-1.000519507390649],[-80.73390303579649,-1.000521460652308],[-80.7339017176519,-1.000527693152392],[-80.7338661720206,-1.00067076157363],[-80.73382976459258,-1.00101254325962],[-80.73382890934299,-1.001018615662161],[-80.7338275911979,-1.001024848162132],[-80.73377818423299,-1.001223708548892],[-80.73377625486759,-1.001230375263816],[-80.73371575260012,-1.001413025799366],[-80.7336564815975,-1.001663515863854],[-80.73365349376719,-1.001699569566696],[-80.73364499630819,-1.001802110600167],[-80.7336449797077,-1.002007675366229],[-80.7336569185898,-1.002284608944819],[-80.7337023345382,-1.002513280327733],[-80.7337851464843,-1.002669604413015],[-80.73389823421898,-1.002752405385735],[-80.73398464510119,-1.002795904999928],[-80.73414657872712,-1.00285025203209],[-80.73428900284628,-1.002839236054086],[-80.73429589667728,-1.002838970629981],[-80.7343946785879,-1.002838978698833],[-80.73450580733949,-1.002838987772634],[-80.7345169533243,-1.002839687125416],[-80.7345279275263,-1.002841771588663],[-80.7345385591757,-1.002845210388003],[-80.73482254817459,-1.002957094802539],[-80.7348337090683,-1.002962409126368],[-80.734844041147,-1.002969211645109],[-80.73485334938078,-1.002977375682164],[-80.73493977656048,-1.003064385920624],[-80.73494354131742,-1.003068414940529],[-80.7350575457005,-1.003198159106091],[-80.73508526760772,-1.00322970800687],[-80.7352275133715,-1.003391592799034],[-80.73523683113129,-1.003404271383474],[-80.73524381908109,-1.003418385566988],[-80.7352482669353,-1.003433507400388],[-80.7352500381132,-1.003449176370708],[-80.7352490796236,-1.003464917496146],[-80.7352454202666,-1.003480251278106],[-80.7352393917788,-1.003494199742491],[-80.73535783769718,-1.003650903079063],[-80.73547464661809,-1.00371053175445],[-80.73559620466159,-1.003828017586159],[-80.7357298247915,-1.003898826329959],[-80.73588933497031,-1.004036286007349],[-80.73601350954289,-1.004197494394248],[-80.73605897701309,-1.00425652285665],[-80.73611368808389,-1.004311611114332],[-80.73671059318418,-1.003911124190822],[-80.73677749557089,-1.004011763313059],[-80.73694798299888,-1.003934117854811],[-80.73694924136788,-1.003933545269604],[-80.736970026927,-1.003924078163607],[-80.7369898399465,-1.003915054291042],[-80.73703261730049,-1.003895572820937],[-80.7370486453258,-1.003888272131221],[-80.73707597350399,-1.003875826314285],[-80.7370906820393,-1.003869127155696],[-80.73718733534179,-1.004019203431113],[-80.7373107013425,-1.004210757804827],[-80.7376911801176,-1.003968362756538],[-80.73777860746299,-1.003912665358271],[-80.73780614636618,-1.00389512055493],[-80.7378883199422,-1.003842769284432],[-80.73820846438268,-1.003638812608855],[-80.7381799704685,-1.003594660022216],[-80.7380277168439,-1.003358857154623],[-80.7380619681995,-1.003338748914601],[-80.7380057044575,-1.003232324085843],[-80.7380046179693,-1.003230267571837],[-80.73798303198919,-1.003189437670116],[-80.7379468561524,-1.003121009946867],[-80.73793524807199,-1.00309905419374],[-80.7380575448838,-1.00303747077416],[-80.7381120405383,-1.003010029605818],[-80.7383369860624,-1.002901600846613],[-80.7386478837084,-1.002751740126101],[-80.73868656513419,-1.002733094258858],[-80.73928553260829,-1.002444376776069],[-80.7392651493693,-1.002401532166644],[-80.7391746003327,-1.002175896093647],[-80.73898363718519,-1.001700041034127],[-80.738975749317,-1.001677113913885],[-80.73964734333198,-1.001456875797601],[-80.73985761715728,-1.001387919522131],[-80.7398597354861,-1.001389785222358],[-80.7398602262198,-1.001389938159079],[-80.7399049935356,-1.00140392688408],[-80.739911713961,-1.001402857137919],[-80.73992456878538,-1.001400811689578],[-80.7399928246499,-1.001389948747317],[-80.73999587701908,-1.001389463156769],[-80.7400292121982,-1.001384157830074],[-80.7400317948981,-1.00138995185813],[-80.740046344827,-1.001422589860837],[-80.7400505445661,-1.00143859106025],[-80.74005124362408,-1.001441254609446],[-80.74005229939911,-1.00144527978955],[-80.74006989715109,-1.001512328126609],[-80.7400746261255,-1.001530348701621],[-80.7400850104616,-1.001569915616471],[-80.7400903441485,-1.001590237845477],[-80.74009070985122,-1.001591629332836],[-80.74021758170379,-1.002075036372958],[-80.7402495631646,-1.002196892845276],[-80.7402612325465,-1.002239548574522],[-80.7402706322082,-1.00227390694252],[-80.74041265335079,-1.00254112348567],[-80.7405306899332,-1.002763212527938],[-80.7405641615468,-1.002851759166802],[-80.7414779531798,-1.002851279150164],[-80.7423547942132,-1.002850817662875],[-80.742382026846,-1.002853120521593],[-80.74240848884808,-1.002859992151912],[-80.7424334306338,-1.002871237075212],[-80.7424561421741,-1.002886535869308],[-80.7424759808592,-1.002905456027534],[-80.7424891037959,-1.002923059287212],[-80.7426529996064,-1.003186529265832],[-80.74274778260559,-1.003338905991157],[-80.7437015460677,-1.002737799761547],[-80.7438384538672,-1.002651512973543],[-80.74383698608578,-1.00262886049137],[-80.74383676879079,-1.002626092937305],[-80.74381146204549,-1.002303101563072],[-80.7437657143302,-1.001719233620094],[-80.74304106229,-1.0010037261859],[-80.743042665926,-1.001001498893075],[-80.74310052266499,-1.000921145369418],[-80.743159945283,-1.000838616117036],[-80.74330280009839,-1.000640213347737],[-80.7434443281206,-1.000443652471887],[-80.74356368299159,-1.000277887397488],[-80.7436005108689,-1.000226738358663],[-80.7436504240117,-1.000157417247394],[-80.7436163389561,-1.000131647251976],[-80.74359733490878,-1.000117279717074],[-80.7435289967338,-1.000065613051419],[-80.7433672408031,-0.9999433175381965],[-80.74313391157219,-0.9997856110936141],[-80.74313300652649,-0.9997849994319807],[-80.7431247298975,-0.9997794048998826],[-80.74311068043659,-0.9997716150637643],[-80.7430955000835,-0.9997663963512338],[-80.74307965170868,-0.9997639089340851],[-80.74306361436749,-0.9997642270369766],[-80.7430478752111,-0.9997673407463878],[-80.74303291151038,-0.9997731560090415],[-80.7430191771739,-0.9997814964404625],[-80.7430070883663,-0.9997921096566813],[-80.74299701272248,-0.9998046727018705],[-80.74293966159618,-0.9998906463857226],[-80.7427481783319,-1.000177692430768],[-80.7426395418698,-1.000340544210545],[-80.74251959445168,-1.000520353150947],[-80.7424934083977,-1.000559607762256],[-80.7424840040345,-1.00057370616652],[-80.74247941691301,-1.000580582576305],[-80.74247897644858,-1.000581242986684],[-80.74247793731242,-1.00058279992669],[-80.7424749996849,-1.000587202963956],[-80.7424742562889,-1.000588317519515],[-80.74247344277832,-1.000589537016992],[-80.7424727947791,-1.000589063797548],[-80.74247239471829,-1.000590269756913],[-80.74247219783429,-1.000590865046732],[-80.74247184272402,-1.000591936206433],[-80.74242229786259,-1.000652277075673],[-80.742400189959,-1.000630211936496],[-80.742378885522,-1.000608948442121],[-80.74236835867659,-1.000598442008439],[-80.7423086298624,-1.000538828945054],[-80.7420775021368,-1.000308148841413],[-80.74207923069599,-1.000306052743341],[-80.7422740760697,-1.000069790729569],[-80.74257100165518,-0.9997097521387701],[-80.7426473286706,-0.9995726099339919],[-80.74280529713599,-0.9992887766189398],[-80.7428561701127,-0.9991973695847634],[-80.7429460097698,-0.9990359475702489],[-80.7430580367273,-0.998834660834035],[-80.7430684139377,-0.9988160153825872],[-80.7430892195971,-0.9987786312974265],[-80.7431498342238,-0.9986697214131794],[-80.7431554974617,-0.9986595455740429],[-80.7432278143404,-0.9985176261080397],[-80.74328672714681,-0.9984020103041332],[-80.7432876377711,-0.9984002226500053],[-80.7432918474979,-0.9983919619872949],[-80.74329820388868,-0.998379488214681],[-80.74329827498269,-0.9983783437501188],[-80.7432991550431,-0.9983766158050571],[-80.7432991811407,-0.9983761987314494],[-80.7433062986373,-0.9982617169929],[-80.7432143985525,-0.9981620802537066],[-80.7432777901029,-0.9980924815467773],[-80.7433695762954,-0.9979917084345118],[-80.7433686604808,-0.9979908859725697],[-80.7433705274495,-0.9979888360248452],[-80.74327735881948,-0.9979051783444817],[-80.74310657873589,-0.9977518339752861],[-80.7430352527759,-0.9975292112890912],[-80.7429680822289,-0.9974655644237912],[-80.74292889559129,-0.9974284343708888],[-80.74292537173369,-0.9974240416808727],[-80.7428836624171,-0.9973720541265436],[-80.74286950038848,-0.9973324462049078],[-80.74280278789129,-0.9971458679050188],[-80.7426908820163,-0.9967030097941318],[-80.74268067118089,-0.9966626042209867],[-80.74255478787411,-0.9961644322772544],[-80.7425114735981,-0.9959930207274397],[-80.7424562457885,-0.9957744587881906],[-80.7424215780185,-0.9956372662174573],[-80.7424165822226,-0.9956174958956723],[-80.74246234370239,-0.9955253891036336],[-80.7424760983949,-0.995497703960794],[-80.74248738549478,-0.9954749846288565],[-80.74248705925349,-0.9954746851410478],[-80.7424883375472,-0.9954721122194741],[-80.7424675812265,-0.9954531150987833],[-80.7424057867985,-0.9953965598484018],[-80.742398487946,-0.995369461118287],[-80.74238592633628,-0.9953228218442405],[-80.74236118230219,-0.9952309474505796],[-80.74232138500449,-0.9950831855453116],[-80.742240508197,-0.9947828982871272],[-80.74222540114721,-0.9947251968090143],[-80.7417356455181,-0.9948913751226911],[-80.7409056957772,-0.9951729840418011],[-80.73923247412509,-0.9955744788049686],[-80.73873582643199,-0.9956936504593159],[-80.738619479001,-0.9957221515919343],[-80.73850477140019,-0.9957567352776096],[-80.7383920155197,-0.995797307450502],[-80.738281521454,-0.9958437559502329],[-80.7381735894115,-0.995895955044972],[-80.7380840695663,-0.9959446281080914],[-80.7380229329511,-0.9959816533709328],[-80.73795270072569,-0.9959927676539877],[-80.73787725605578,-0.9959280660576582],[-80.7377902131593,-0.9958534170500855],[-80.73772428075179,-0.9957968722559656],[-80.73737230000448,-0.9961128171834446],[-80.73729808187879,-0.9960636433676484],[-80.73716902005239,-0.9959781307274937],[-80.73709407933619,-0.9959284773495511],[-80.7370916811631,-0.9959306792431732],[-80.736812176889,-0.9957029444424422],[-80.736773812168,-0.9956732439578247],[-80.7367405586094,-0.9956475020293851],[-80.7359583433494,-0.9950199848063761],[-80.73593364591298,-0.9950113988432888],[-80.73591184253209,-0.9950038191606723],[-80.73585707229978,-0.9950499128925117],[-80.7357700694935,-0.9951275642404767],[-80.7356138164274,-0.9952670222062068],[-80.73551499624858,-0.9953552198040256],[-80.73486774413088,-0.9959329001643482],[-80.7348316631946,-0.9959717721083762],[-80.7347702599829,-0.9960379237983972],[-80.7346677202483,-0.9959160534789362],[-80.7346393037945,-0.9958822798307949],[-80.73461869242159,-0.995860968412586],[-80.7345569328989,-0.9957971119694804],[-80.7344855839773,-0.9957233399345995],[-80.7343577627457,-0.9955911781940898],[-80.73413138786148,-0.9953613603427556],[-80.7335166807488,-0.9947342489137014],[-80.7334602794038,-0.9946767096428887],[-80.7334355833139,-0.9946515148361357],[-80.7333459893284,-0.9945601128608814],[-80.73328813924319,-0.9945010960651075],[-80.7319436935589,-0.9931295188875993],[-80.73198459165529,-0.9930731437762574],[-80.7320270915878,-0.9930145594716889],[-80.73206959061979,-0.9929559760707889],[-80.73211209054908,-0.9928973926689793],[-80.73215459047671,-0.9928388092661606],[-80.73219708950379,-0.9927802258623046],[-80.73223958942809,-0.9927216424575532],[-80.7322820884521,-0.9926630590517505],[-80.7323245883731,-0.9926044756450382],[-80.7323673642545,-0.9925455113732511],[-80.73236667312709,-0.9925449024412529],[-80.73236831541449,-0.9925426389687999],[-80.7322852075813,-0.9924693454600373],[-80.732242846602,-0.9924319870781914],[-80.7321888488024,-0.9923843655236055],[-80.7321348510043,-0.9923367448732137],[-80.73208085320782,-0.9922891233176613],[-80.7320268545142,-0.9922415017615691],[-80.73196334181418,-0.9921854890681203],[-80.73138113632288,-0.9916237496876762],[-80.7312897202441,-0.991536805092224],[-80.7312849560787,-0.991532273872096],[-80.7312988845229,-0.9915129049838498],[-80.73133924559939,-0.9914505731661477],[-80.73139034772238,-0.9913831975133718],[-80.7314272949605,-0.9913344832400101],[-80.73156972199939,-0.9911466969830512],[-80.7315738128061,-0.9911420380156386],[-80.7316082803909,-0.9911027841795459],[-80.73164621675589,-0.9910595788145571],[-80.7317499678108,-0.9909359348482952],[-80.73177313925619,-0.990908320199125],[-80.73181467148488,-0.9908567238582009],[-80.7318797473896,-0.9907758780696271],[-80.731908539856,-0.9907378451362803],[-80.7319134945584,-0.9907313008047679],[-80.7319157031403,-0.9907283832668412],[-80.7319533754151,-0.9906719391258463],[-80.73197566020681,-0.9906385495826129],[-80.7321094639119,-0.9904868183375299],[-80.73214547215008,-0.9904459858832695],[-80.7322001204633,-0.9903840152868355],[-80.7322522294384,-0.9903249232974076],[-80.73226887759529,-0.9903060440759361],[-80.7322869786134,-0.9902709334138963],[-80.7323070510022,-0.9902319986658057],[-80.7323774360533,-0.9900954705684626],[-80.7324195926486,-0.9900136982765133],[-80.7324721238835,-0.9899118022623554],[-80.7324738884987,-0.9899083780452287],[-80.7324871981728,-0.9898825611673487],[-80.7324894374269,-0.9898782186992321],[-80.73253287410319,-0.9897939621505003],[-80.73256988876538,-0.9897221639612042],[-80.7326209816893,-0.9896230561684405],[-80.7326232209431,-0.9896187127953908],[-80.73264343085988,-0.9895795120668255],[-80.73269156717278,-0.9894861399487525],[-80.73270873238619,-0.9894528440717211],[-80.73275319024219,-0.9893666080749881],[-80.73279028759539,-0.9892946488472063],[-80.7328481530982,-0.9891824041747271],[-80.73288777376358,-0.9891055515252845],[-80.7329490030819,-0.988986783194477],[-80.7329512018824,-0.9889825185282177],[-80.7329857534353,-0.9889154961399669],[-80.7330604982654,-0.988770511958208],[-80.7330982949758,-0.9886971966062106],[-80.7331692858334,-0.9885594932922857],[-80.7331723350277,-0.9885535784874405],[-80.73320664026119,-0.9884870346706124],[-80.733279597982,-0.9883455172162173],[-80.7332809275096,-0.9883429379703585],[-80.73331942807619,-0.9882682565445009],[-80.7333964193148,-0.9881189135928992],[-80.73342802053598,-0.9880576160171586],[-80.73351363616068,-0.9878915446006148],[-80.73354204255638,-0.9878364431838946],[-80.7335893688676,-0.9877446415645608],[-80.7336380354899,-0.9876502416993844],[-80.73365902565531,-0.9876095265212256],[-80.7337593343663,-0.98741495491862],[-80.7337848938213,-0.9873653747671086],[-80.73381478884471,-0.9873073865075526],[-80.73386296193578,-0.9872139437881486],[-80.7338828347172,-0.9871753953185874],[-80.733888861185,-0.9871637059316782],[-80.7339033583276,-0.9871355857231094],[-80.7339803333233,-0.9869862735017847],[-80.7340122724289,-0.9869141401235595],[-80.73401363525042,-0.9869110614749417],[-80.734027837899,-0.9868789867153539],[-80.73408798902099,-0.9867431362558676],[-80.73412273556849,-0.986664661926426],[-80.734139969503,-0.98662573778293],[-80.73419240754998,-0.9865073088701024],[-80.73419769881949,-0.9864953579590862],[-80.7342191704418,-0.9864468640389816],[-80.73424065554761,-0.986398340263932],[-80.7343353329383,-0.9861845139432575],[-80.73434346042,-0.986166156040369],[-80.7344275228971,-0.9859763039115705],[-80.73444412665309,-0.9859388037413482],[-80.73444457073842,-0.9859378013484701],[-80.7344615277844,-0.985899503244326],[-80.7345507466678,-0.985698003266279],[-80.73455225062439,-0.9856946061674137],[-80.7345709040009,-0.9856524776182171],[-80.7346545250578,-0.9854636206314495],[-80.7346548441878,-0.9854629005007638],[-80.73467557595139,-0.9854160775303313],[-80.73467858476289,-0.9854092824276961],[-80.7347600132471,-0.9852253785951034],[-80.7347811783046,-0.9851775767519796],[-80.7348225753331,-0.9850840819009221],[-80.73485179860941,-0.9850180813649985],[-80.7348844073917,-0.9849444344260975],[-80.7349391044533,-0.9848209012424293],[-80.73496516792268,-0.9847620377900769],[-80.73503284142399,-0.9846091981756189],[-80.7350541952528,-0.98456097112566],[-80.7351287844207,-0.9843925120869841],[-80.7351294289729,-0.9843910564457303],[-80.735150852917,-0.9843426692646347],[-80.73520763823099,-0.9842144208423774],[-80.73517468625958,-0.9841724229641926],[-80.73517266147378,-0.9841698434486119],[-80.73515275242978,-0.984144468109477],[-80.7350089980499,-0.9839612528390091],[-80.7349487703461,-0.9838844916677232],[-80.734860338546,-0.9837717846614566],[-80.7348350938874,-0.9837396099320728],[-80.73479775533949,-0.9836920223481088],[-80.73470195775309,-0.9835699273875065],[-80.7346792519422,-0.9835409890404776],[-80.73464260899702,-0.983494287231366],[-80.7345370901178,-0.9833598022701864],[-80.73452492063639,-0.983322837195132],[-80.73451705625638,-0.9832989483672208],[-80.7344954957066,-0.9832334558481932],[-80.7344461968658,-0.9830837019218563],[-80.7344339959355,-0.9830466409442096],[-80.7343656292147,-0.98283896629178],[-80.73435503404929,-0.9828067818777555],[-80.73428350343208,-0.9825894979532421],[-80.7342749678143,-0.9825635716448601],[-80.73420581934089,-0.9823535220442494],[-80.7341974239026,-0.9823280209650562],[-80.7341283760764,-0.9821182762635202],[-80.7341191638291,-0.9820902934751103],[-80.734116272197,-0.9820815111372525],[-80.7341161544588,-0.9820814595588274],[-80.7340756948423,-0.9820626019774892],[-80.73394170904719,-0.9820001529769087],[-80.73392562208811,-0.9819926551874687],[-80.7335001243447,-0.9817943365552538],[-80.73322460230709,-0.9816659194572708],[-80.7327340072866,-0.9814372603011633],[-80.7326938002415,-0.9814185203409522],[-80.732542895304,-0.9813481853127115],[-80.73236476326208,-0.9812651603109117],[-80.73175333517919,-0.9809801825229556],[-80.7315239712104,-0.9809500812072258],[-80.7315774336175,-0.9804731549088643],[-80.731581647259,-0.9804381923939474],[-80.73160700285692,-0.9802277704356328],[-80.73160864514249,-0.9802141409805216],[-80.7316342183853,-0.9800019159339115],[-80.7316380659736,-0.9799699814825402],[-80.7316638433701,-0.9797560591984933],[-80.73166748679549,-0.9797258228875023],[-80.7316938964542,-0.9795066569030267],[-80.7316968500475,-0.9794821428822048],[-80.7317195056503,-0.9792941269645469],[-80.73172690581958,-0.9792327170621888],[-80.7317446363645,-0.9790855723203578],[-80.7317497502867,-0.9790431350902368],[-80.7317519663795,-0.9790247459555559],[-80.731851718577,-0.9789529147941778],[-80.7318527369702,-0.9789521811492534],[-80.73192293239279,-0.9789016338284995],[-80.73199632680819,-0.9788487833490079],[-80.73203280919088,-0.978822512345701],[-80.7322067917143,-0.9786972282110042],[-80.7322489377254,-0.9786668791872302],[-80.7323945220816,-0.9785620448297578],[-80.73242776052199,-0.9785381104485252],[-80.73259594546019,-0.9784170001924082],[-80.7326742817135,-0.9783605909245949],[-80.7326957209953,-0.9783451518077726],[-80.7327694497595,-0.9782920615807029],[-80.7328166652543,-0.9782580615080576],[-80.73293849217478,-0.9781703343508212],[-80.7329482599364,-0.9781633009442601],[-80.73298308663088,-0.9781382222131327],[-80.73301284832681,-0.9781167909023197],[-80.7331320560004,-0.9780309498642196],[-80.73319849151498,-0.9779831100283758],[-80.7333052510608,-0.9779062328447594],[-80.73344056873819,-0.977808791869407],[-80.733442192953,-0.9778076221977159],[-80.73352804263429,-0.977745802378621],[-80.7335410174725,-0.9777023054360399],[-80.7335841611434,-0.9775576687598148],[-80.7335947103902,-0.9775223005220964],[-80.73365169375779,-0.9773312673448658],[-80.73366796803978,-0.9772767086662526],[-80.7337175757365,-0.9771103999595283],[-80.7337336567235,-0.9770564899479693],[-80.7337750490568,-0.9769177256548716],[-80.73377535472778,-0.9769166988233167],[-80.73380063101068,-0.9768319621521186],[-80.73383823571518,-0.9767058943797622],[-80.73386463467018,-0.9767001044733803],[-80.7350562680743,-0.9762226035017534],[-80.73591213253479,-0.9758796479368783],[-80.73653697968439,-0.9756292637659243],[-80.73671812749718,-0.9755566752326104],[-80.73730478898659,-0.9753215848701159],[-80.7380157876553,-0.9749729012447261],[-80.7380329211266,-0.9749644986496406],[-80.738069920163,-0.9750438580891654],[-80.7382433270656,-0.9754308309384357],[-80.73844453216059,-0.9758729268891244],[-80.7386366133789,-0.976294974452827],[-80.7388940196665,-0.9768605581252672],[-80.7389210463466,-0.97691994148866],[-80.73900560953058,-0.97710574758581],[-80.7391108945285,-0.9773370825872547],[-80.739406225422,-0.977928430203562],[-80.7397092630217,-0.9786201868863885],[-80.7397935466173,-0.9787960084804866],[-80.73981713082,-0.9788452071500018],[-80.74009721708408,-0.979429485909904],[-80.7401668365155,-0.979574716893751],[-80.7403785798991,-0.9794859198252936],[-80.7407364793912,-0.9793358303363249],[-80.742051531479,-0.9787313826048063],[-80.74219056230689,-0.9786412253993718],[-80.74244149511068,-0.9784671912412222],[-80.7425305911577,-0.9784053985428756],[-80.74275942126819,-0.9782598974988019],[-80.7429888850376,-0.9781140653551149],[-80.74321837215749,-0.9779682458580936],[-80.7434478116259,-0.9778223982899306],[-80.74357004568469,-0.9777442145834243],[-80.74367693026029,-0.977675847708781],[-80.7437218265179,-0.9776453512504162],[-80.7441051961606,-0.9773956418681422],[-80.7441329990251,-0.9773782263374642],[-80.7441987869695,-0.9773346808912606],[-80.74468313041359,-0.9770192024196831],[-80.7447341093824,-0.9769929658283588],[-80.7442676320143,-0.9760191763486432],[-80.7438887095272,-0.9752597566586871],[-80.743584151276,-0.9746999946692227],[-80.74343895119439,-0.9744825054664973],[-80.7426846020613,-0.9735804483859029],[-80.7423977304495,-0.9733237309277315],[-80.7418806310422,-0.9731543434745903],[-80.7415406260102,-0.9729707087598456],[-80.7411315620066,-0.9726908079189939],[-80.7409527122825,-0.9725018377828006],[-80.740865948447,-0.9723467442869377],[-80.74081992026049,-0.9721363931271726],[-80.7407703667927,-0.971708563665274],[-80.7407172614072,-0.971412646834196],[-80.7406358112074,-0.9712468581113144],[-80.7403879005651,-0.970988360973891],[-80.7335123637606,-0.9656323779686034],[-80.73344869334089,-0.9656964582380283],[-80.7332955544832,-0.9658911435629706],[-80.7331878981648,-0.9661092501227984],[-80.73312584234439,-0.9662658366809893],[-80.7331233681419,-0.9662751550901446],[-80.733063728352,-0.9664997251291396],[-80.73303717044658,-0.966700527198114],[-80.7330290694418,-0.966921628095207],[-80.73305157237428,-0.9671993469138158],[-80.7332847357132,-0.969199950553147],[-80.7333660436616,-0.9698975958382335],[-80.73336100669269,-0.9701867592589508],[-80.73331921919191,-0.97042412945234],[-80.7332568072499,-0.9706267455552506],[-80.7331615676348,-0.9708387108082803],[-80.7330369437257,-0.971051112676875],[-80.7328631741268,-0.9712569437540424],[-80.73272402345589,-0.9713883267938713],[-80.73200707742679,-0.9718931910226587],[-80.73142568217429,-0.9722867995835855],[-80.7309373138196,-0.9725929406580462],[-80.730583397933,-0.9727577663404219],[-80.73031514425259,-0.9728616741574143],[-80.7300076984612,-0.9729559026786206],[-80.72807746194708,-0.9735474946026557],[-80.7276768083017,-0.9737045457430044],[-80.727510825211,-0.9737782004815757],[-80.7274596852689,-0.9738023491454301],[-80.72695337276629,-0.974041433646363],[-80.72691292170829,-0.9740627524148521],[-80.7281968944231,-0.9745647736750271],[-80.72810502352779,-0.9754032188016168],[-80.7281095073785,-0.97642818269847],[-80.72812437592607,-0.9768205584295799],[-80.7279041979222,-0.9773350784640938],[-80.7279363192672,-0.9776080740779349],[-80.7278846359455,-0.9777781310716733],[-80.727652687279,-0.9782263673524199],[-80.7275812852869,-0.9785461636692644],[-80.72714189971688,-0.9794547334969081],[-80.72706611274319,-0.9794171904463127],[-80.72688202143028,-0.9797519265786718],[-80.7267169085173,-0.9800597380207705],[-80.7265413611785,-0.9803709666137763],[-80.7263901824902,-0.9806421824057735],[-80.7262762030797,-0.9808474219486101],[-80.7261484942703,-0.9810784547746749]]]}},{"type":"Feature","properties":{"name":"MANTA","clave_catastral":"02","clave_parroquia":"02","descripcion":"MANTA","layer":"parroquias"},"geometry":{"type":"Polygon","coordinates":[[[-80.7418806310422,-0.9731543434745903],[-80.74155092206581,-0.972976269599542],[-80.7415406260102,-0.9729707087598456],[-80.74153497670508,-0.972966843240016],[-80.7411315620066,-0.9726908079189939],[-80.7409527122825,-0.9725018377828006],[-80.740865948447,-0.9723467442869377],[-80.74081992026049,-0.9721363931271726],[-80.7408092962785,-0.9720446689196365],[-80.7407703667927,-0.971708563665274],[-80.7407172614072,-0.971412646834196],[-80.7406358112074,-0.9712468581113144],[-80.74040430298625,-0.9710054638269129],[-80.7403879005651,-0.970988360973891],[-80.74003781755749,-0.9707156500102059],[-80.73810080218769,-0.9692067342689938],[-80.73765654933668,-0.9688606654141978],[-80.73855009791373,-0.9682390328070198],[-80.7387806485076,-0.9680786410303739],[-80.7394433861839,-0.9677127673621015],[-80.73978534161272,-0.9675239859597013],[-80.7398024305503,-0.9675145517647508],[-80.73986594849922,-0.9674794857619844],[-80.74088066171078,-0.966919298358789],[-80.74153130456251,-0.9665601010814128],[-80.74146811368742,-0.966510415407285],[-80.7413682359793,-0.9664996359155253],[-80.74126478941638,-0.9665121951298943],[-80.74116134285354,-0.9665247543409238],[-80.74103233223684,-0.9665361072353846],[-80.74087597374802,-0.9665498667272628],[-80.74060487382177,-0.966564208347819],[-80.74045861904666,-0.9666180562884819],[-80.74036045619411,-0.9666551014873477],[-80.7403159313584,-0.9666719044960814],[-80.7401946472985,-0.9667113918951742],[-80.74013149952631,-0.9667143434949992],[-80.74006830230654,-0.966717297404827],[-80.74004126188467,-0.9667185613045177],[-80.73996774309589,-0.966710555184136],[-80.73990928065065,-0.9667041886829537],[-80.73978086787554,-0.9666718632703208],[-80.73972219110422,-0.9666491412654921],[-80.7396417554756,-0.966617993354447],[-80.73958945372358,-0.9666091774260082],[-80.73947410441265,-0.9665897342643035],[-80.73941519872176,-0.9665477274212293],[-80.7393911045732,-0.9665305453946473],[-80.73936798614095,-0.9665140591708905],[-80.73935996374927,-0.9665083382403026],[-80.73927911629133,-0.966422157303299],[-80.73926010057544,-0.9663072562457273],[-80.73930766578027,-0.9662545976083123],[-80.73931091467772,-0.9662480582186532],[-80.7393242731758,-0.9662211701967748],[-80.73934096372142,-0.9661875754194256],[-80.73932676643173,-0.9661160923397318],[-80.73932670083767,-0.9661157620748354],[-80.73927915716374,-0.9658859592255596],[-80.73927879330273,-0.9658818352079096],[-80.73927213093339,-0.9658063236047241],[-80.73926760025128,-0.9657549726446604],[-80.73926014910664,-0.9656705210286987],[-80.73926710661186,-0.965627354426644],[-80.7392886993096,-0.9654933863659778],[-80.73939335103488,-0.9652683827435595],[-80.73946044877312,-0.9651658387574003],[-80.73952178114507,-0.9650721058445555],[-80.73958219670476,-0.9649302365372562],[-80.73959313564849,-0.9649045494379322],[-80.73960266098604,-0.964732200782791],[-80.7395693765385,-0.9646220861094434],[-80.73948853019772,-0.9645215427383818],[-80.73941055744744,-0.9644601084596047],[-80.73926976194855,-0.9643491764920782],[-80.7391405645674,-0.9642797054645486],[-80.73895160032417,-0.9641780970447513],[-80.73885124086489,-0.9641241325114294],[-80.73876863970801,-0.9641035535575782],[-80.73850223006389,-0.9640371812066917],[-80.73838990640495,-0.9640091972833034],[-80.73823751921401,-0.9640091854963231],[-80.73813898116079,-0.9640091778708211],[-80.73790002651629,-0.964009159367194],[-80.73763844530548,-0.9639421143399005],[-80.73743869873728,-0.9638080493427736],[-80.7374163665363,-0.9637855663913939],[-80.73736736251486,-0.9637362315739467],[-80.73735310003775,-0.9636596307519483],[-80.73735441109994,-0.9636545420610645],[-80.73738640273862,-0.9635303713165372],[-80.73741936943728,-0.9634483084491166],[-80.73755435693852,-0.96311228865072],[-80.73761830747273,-0.9629530987255919],[-80.73770155867226,-0.9627017623504344],[-80.73769875488536,-0.9626763440242456],[-80.73768967661968,-0.9625940430774875],[-80.73763617766254,-0.9624982892884617],[-80.73746991346987,-0.9623257743017036],[-80.73728543135073,-0.9621343564510596],[-80.73720251027014,-0.9620956839619624],[-80.73690162630807,-0.9619553585650777],[-80.73687868263413,-0.9619446581589983],[-80.73681584192539,-0.9619153506851319],[-80.73675196740042,-0.9619296471899901],[-80.73653052175368,-0.9619792115207276],[-80.73624520157762,-0.9620430723293651],[-80.73600692332549,-0.9621415482970974],[-80.73590294185628,-0.9621845218957219],[-80.73564929173044,-0.9622893507343093],[-80.73523920406217,-0.9624588322152903],[-80.73510594024408,-0.9625299113245519],[-80.73497267642153,-0.9626009904270347],[-80.73480504663202,-0.9626903993379301],[-80.734666794311,-0.9627641391407877],[-80.73453863740275,-0.9628324943326163],[-80.73448372371166,-0.9628617837060887],[-80.73441539056506,-0.9628982306265926],[-80.73436146440419,-0.9629269932766249],[-80.73410631505247,-0.9630630825195396],[-80.73395550154609,-0.9631435220414204],[-80.73380150041739,-0.9631487060195099],[-80.73363624665495,-0.9631542687753695],[-80.73331699177021,-0.9631650154785802],[-80.733180090152,-0.9630866417659547],[-80.73311214663816,-0.9630477453240899],[-80.73294765312853,-0.9629535757349145],[-80.73277125221215,-0.962852589355677],[-80.73276419618024,-0.9628380853985874],[-80.73264285775126,-0.9625886693672925],[-80.73253872028282,-0.962374610581321],[-80.73251446330582,-0.9623247493792064],[-80.73246497359581,-0.9621356021660006],[-80.73245150791242,-0.9620841369913222],[-80.73239155430387,-0.9618549972611277],[-80.73237767653372,-0.9618019571071272],[-80.73231070968325,-0.9615460130917625],[-80.73224504378923,-0.9612950412504944],[-80.73219695938774,-0.9611112650041918],[-80.73211425945972,-0.9610149229615246],[-80.73211047430355,-0.9610105134088228],[-80.73209670993026,-0.9609944784748309],[-80.73206767759675,-0.9609606569886608],[-80.73205747114727,-0.9609487668905673],[-80.73200269044453,-0.9608849496004551],[-80.7319098177749,-0.9607767567126757],[-80.73184651626512,-0.960703013020634],[-80.7316996575434,-0.9605319285517027],[-80.73168910914764,-0.9605196400967628],[-80.73166696523359,-0.9604938433309371],[-80.73153022395134,-0.9604250317710381],[-80.73148964801265,-0.9604046129642398],[-80.73136889429206,-0.9603438467286481],[-80.73129576224063,-0.9603070448829243],[-80.73117234398586,-0.9602449377789384],[-80.7309863013669,-0.9601513165420386],[-80.73091730815098,-0.960116597449769],[-80.73088756444372,-0.9601016296802384],[-80.73082523377245,-0.9600702633428996],[-80.73058987258496,-0.9599564336046882],[-80.73054826499447,-0.9599363105687075],[-80.73047822820821,-0.9599024380752894],[-80.73046471915862,-0.9598959045772233],[-80.73017731390533,-0.9597569042811784],[-80.73012209878793,-0.9597302001113377],[-80.72999987826392,-0.9596710895268501],[-80.72991814566919,-0.9596461516070748],[-80.72970442450018,-0.9595809418555774],[-80.72965791564222,-0.9595667512561903],[-80.7295162175582,-0.9595235168911954],[-80.72941132423497,-0.9594915122466858],[-80.72921845052237,-0.9595306296702972],[-80.72915852640638,-0.9595427830971203],[-80.72881230323787,-0.9596130018468898],[-80.72872048207356,-0.9596316244164456],[-80.72849740802482,-0.9596768668279481],[-80.72844025645688,-0.9596781893566657],[-80.72841878952983,-0.9596786861167033],[-80.72835956493209,-0.9596800566153973],[-80.72831628904038,-0.9596810580492559],[-80.72794069243167,-0.9596897495892448],[-80.72786174286529,-0.9596915765261258],[-80.72775245788381,-0.9596941054383734],[-80.72764624414934,-0.9596911296196566],[-80.72759042810378,-0.9596733583339727],[-80.72755033545987,-0.9596605932257631],[-80.72748370838677,-0.9596309776644035],[-80.72747570157445,-0.9596274186569218],[-80.72746176742251,-0.9596212249623335],[-80.72743857091781,-0.9596109141755135],[-80.72741534372095,-0.9596097597526096],[-80.72735415038314,-0.959606718360675],[-80.72731567928139,-0.9596120361909612],[-80.72730988892465,-0.9596128365873966],[-80.7272762683089,-0.9596174839383451],[-80.72719363031925,-0.9596258553931847],[-80.72709969714931,-0.9596270447214863],[-80.72704262369909,-0.9596294338773106],[-80.72697663426025,-0.9596102786638454],[-80.72691361734059,-0.9595917221229513],[-80.72689889747713,-0.9595842133758622],[-80.72686903066054,-0.9595689780187797],[-80.72685465868595,-0.95955670119001],[-80.72682979545357,-0.9595354625183886],[-80.72679867002164,-0.959504696505931],[-80.72679709979651,-0.9595031444129063],[-80.72676559383088,-0.959462448316188],[-80.72673706138086,-0.9594097837629647],[-80.7267329151895,-0.9594022913836397],[-80.72672101192974,-0.9593807815858213],[-80.72670496654179,-0.9593517867506307],[-80.72669716193464,-0.959337683426952],[-80.72669069600867,-0.9593259991684135],[-80.72667044120443,-0.9592894510998063],[-80.72665695199176,-0.9592651109644095],[-80.72662670033588,-0.959196142289116],[-80.72661053132471,-0.9591592747128885],[-80.72660842901254,-0.9591544811510461],[-80.7265741905333,-0.959085538713623],[-80.72655850234233,-0.9589979266032884],[-80.72653109850378,-0.9589118389595939],[-80.72652284045297,-0.9588858967489672],[-80.72651817274107,-0.9588733999724752],[-80.72646007321964,-0.9587178512221328],[-80.72643154548916,-0.9586058219420152],[-80.72641300489244,-0.9585024109255471],[-80.72640017503858,-0.958355913066157],[-80.72635310147176,-0.958206539967108],[-80.72633326497491,-0.9581020500919379],[-80.72627893726818,-0.9578158757991134],[-80.72612344862199,-0.9573635663173832],[-80.7260635389901,-0.9571462100023781],[-80.72603088888376,-0.9568771918077489],[-80.72602357445642,-0.9568169251126903],[-80.72601600904916,-0.9567545904870514],[-80.72600365040299,-0.9566636274131639],[-80.72598082666502,-0.9565937284011738],[-80.72595547636558,-0.9565703335699993],[-80.7259308896091,-0.9565476433832599],[-80.72591234383295,-0.9565305281882671],[-80.72578868948138,-0.9564768984940883],[-80.72548620919703,-0.9563801671057632],[-80.72527028561183,-0.9563380199142131],[-80.72474891593502,-0.9562851501038665],[-80.72469385098523,-0.9562795662044437],[-80.72457875383643,-0.9562738119387718],[-80.72443226353188,-0.9563044399604478],[-80.72433381462868,-0.9563127429170777],[-80.72426541225828,-0.9563185051756449],[-80.72416984624988,-0.9563265716308109],[-80.7241345297065,-0.9563295501453268],[-80.72411320963323,-0.9563278089985516],[-80.7237312402364,-0.9562966146752956],[-80.72370469833955,-0.9562948018519962],[-80.72346344690874,-0.9562945472134885],[-80.72333598207638,-0.9563117717923575],[-80.72306056265924,-0.9563668356061186],[-80.72289674929951,-0.9563995863290415],[-80.7227749040734,-0.9564235252774865],[-80.7226958009522,-0.956439066676012],[-80.72260781302701,-0.9564402563886746],[-80.72257483919348,-0.9564326358725167],[-80.72253528386533,-0.9564234943199779],[-80.72229511011271,-0.9563085753347879],[-80.72221716489604,-0.9562668518360908],[-80.72186351276807,-0.9560775444336826],[-80.72174937200354,-0.956008116720156],[-80.72153456613023,-0.9558671989048689],[-80.72149344299098,-0.9558402211347783],[-80.72147176741393,-0.9558260014337066],[-80.72124727032983,-0.9556787259218141],[-80.72117383230673,-0.9556305487990358],[-80.72056846775342,-0.9552572677910547],[-80.72042749790519,-0.9551703426798355],[-80.72042212623529,-0.9551670303897736],[-80.72036711039455,-0.955129832172048],[-80.71994004462144,-0.9548410773680729],[-80.71986819955316,-0.954792500278657],[-80.71985485286494,-0.9547834760922881],[-80.71976093471847,-0.9547199745796888],[-80.71963270624458,-0.9546332745862571],[-80.71960585220415,-0.9546112861629865],[-80.71941399404247,-0.9544541902950102],[-80.7193991201767,-0.9544420113864192],[-80.7191137342671,-0.9541817310883828],[-80.71906410051777,-0.9541364636517642],[-80.71903759921423,-0.9541122936841903],[-80.71873697148565,-0.9540244625686398],[-80.71857864702423,-0.9539782066308788],[-80.71846302361023,-0.9539490999392086],[-80.71819816731329,-0.9538824257934237],[-80.71795799297145,-0.9537794752832838],[-80.71790156595345,-0.9536702239269061],[-80.71767055740575,-0.9537640712816114],[-80.71764104338858,-0.9537816420832144],[-80.71760969874126,-0.9537967573291581],[-80.71758369898946,-0.9538032184858025],[-80.71757634855659,-0.9538050454086288],[-80.71755518014314,-0.9538071426054415],[-80.71754651755957,-0.9538080004670775],[-80.71751668704489,-0.9538050404803329],[-80.71751503635534,-0.9538045362777581],[-80.71758683798778,-0.9536691997748079],[-80.71765312670254,-0.9535439922033931],[-80.71781216255847,-0.9532458642489132],[-80.71775664978078,-0.9531045709502024],[-80.71769392288283,-0.9529400833757505],[-80.71765848507924,-0.952834841868011],[-80.71764163915937,-0.9527848134910499],[-80.71740679206619,-0.9520873758316384],[-80.71736413336713,-0.9519606892042133],[-80.71734086849924,-0.9518915976065186],[-80.71731128946271,-0.9518022514612879],[-80.71696404113364,-0.9507533443205602],[-80.7168993396085,-0.9506162623299019],[-80.7168499212939,-0.9505115606049088],[-80.71641718540967,-0.9495947304036463],[-80.71654163635687,-0.9495593559660449],[-80.716612266417,-0.9495045861422255],[-80.71679248446938,-0.9493648366906768],[-80.71688192911822,-0.9493154637803372],[-80.7168849924797,-0.9493137728230749],[-80.71704443354803,-0.9492257622976865],[-80.7170844044717,-0.9492036979377332],[-80.71721189529141,-0.9491333243927329],[-80.71724744531444,-0.9491137009856061],[-80.71727578043709,-0.9490954904336633],[-80.71746766907745,-0.9489721665131583],[-80.71762997699184,-0.9488678536593795],[-80.71770922024729,-0.9488208563040388],[-80.717752335196,-0.948795285816388],[-80.71784738045173,-0.948738916650555],[-80.71806799031083,-0.9486156189923917],[-80.71816919106375,-0.9485624208206928],[-80.71829166096029,-0.9484980420971993],[-80.71834021346291,-0.9484740900055472],[-80.7185182449941,-0.9483862628535746],[-80.71851817878822,-0.9482736156855084],[-80.71851817308742,-0.9482639160372628],[-80.71851811702706,-0.9481688088440023],[-80.71851799847008,-0.9479676795791789],[-80.71851795828825,-0.9478995133559067],[-80.71851778639588,-0.9476079150199297],[-80.71851777583686,-0.9475900030744099],[-80.71851759969371,-0.9472912071970399],[-80.71851758067682,-0.9472589491532091],[-80.71851749481063,-0.9471132975675687],[-80.71820954348503,-0.9471509728797116],[-80.71804189004223,-0.947176093122593],[-80.71794907185038,-0.947191988351662],[-80.71787423541022,-0.9472048041817089],[-80.71776008729276,-0.9472335196183082],[-80.71771251044338,-0.9472347760762858],[-80.71762453842311,-0.9472370993293566],[-80.71760307667554,-0.9472355545575937],[-80.71752466143629,-0.9472299103913571],[-80.7174568875711,-0.9472191323553717],[-80.71741213658683,-0.9471717072508311],[-80.7174117091415,-0.9471712542632247],[-80.71738911954989,-0.9471473148172862],[-80.71737734750077,-0.9471015930043764],[-80.71736415823655,-0.9470503668267014],[-80.7173641643439,-0.9469749640258556],[-80.71739280345857,-0.946891702545983],[-80.7173983061293,-0.9468792741231624],[-80.71740544769138,-0.9468710598937093],[-80.71744621860971,-0.9468241651548936],[-80.71748704195242,-0.9467903294775368],[-80.7175068628475,-0.9467739012924598],[-80.71758594720114,-0.9467616608623503],[-80.71759960790267,-0.9467595465013403],[-80.71764436061208,-0.946759550169773],[-80.71767094901345,-0.9467595523490502],[-80.7177113502623,-0.9467873828466651],[-80.7177387190696,-0.9468062359150621],[-80.71775355241736,-0.9468185342336427],[-80.71785999128326,-0.9469067826214969],[-80.7179024275727,-0.9469383611739488],[-80.71794202840778,-0.9469678297497667],[-80.71802050176495,-0.9469965609678326],[-80.71815961703996,-0.9470037540058627],[-80.71834153898871,-0.9469750440960497],[-80.7186269063958,-0.9469499334538085],[-80.7190406895606,-0.9469032892161094],[-80.71959216222768,-0.9468454050643801],[-80.72012009275835,-0.9467793809674846],[-80.72013163300346,-0.9467759400951508],[-80.72031271885422,-0.946721947016897],[-80.72081211201427,-0.9466674104070165],[-80.72107607636326,-0.9466458877359258],[-80.7211645416587,-0.9466171700969426],[-80.72120217971597,-0.9465884094398405],[-80.7212415947808,-0.9465582909440542],[-80.72131366403926,-0.946390678544546],[-80.72135732595495,-0.9462891339967571],[-80.72147563799892,-0.9460139735387543],[-80.72150560835937,-0.9459306740372284],[-80.72154841852468,-0.9458617379723364],[-80.721605495309,-0.9458129104191215],[-80.72165543878948,-0.9457482831955986],[-80.72173677725966,-0.9456333905536383],[-80.72179956532811,-0.9455342946006199],[-80.72186235430688,-0.9454237087246469],[-80.72198793109324,-0.9452283901921702],[-80.72209168120867,-0.9450964933523665],[-80.72212349244394,-0.945056051392001],[-80.722174258506,-0.9449879283424707],[-80.72226059979299,-0.9448720663263259],[-80.72230329208473,-0.9448147775190988],[-80.72243742668702,-0.9446467477549304],[-80.72263006426894,-0.9444428171286603],[-80.72275563415396,-0.9443221821297527],[-80.72302104324211,-0.9440780425832429],[-80.72329786516542,-0.9438554470707885],[-80.72346909568348,-0.9437046550940238],[-80.72352760205852,-0.9436256661053903],[-80.72358753242247,-0.9435768387279211],[-80.72375448040778,-0.9434576436741366],[-80.72383581298051,-0.9434045097319341],[-80.72390002096833,-0.9433973332064056],[-80.72397421795574,-0.9433686143239584],[-80.72410941398087,-0.9432602899953224],[-80.72412119030614,-0.9432508543435034],[-80.72423962485998,-0.9431503269629503],[-80.72427447752959,-0.9431000810596686],[-80.72429242279767,-0.9430742099788888],[-80.724333102524,-0.9429623909357048],[-80.72357904828561,-0.941873267029024],[-80.72343984058423,-0.9416722012698528],[-80.72385319987123,-0.9413556714074787],[-80.72503889845017,-0.9404477220637801],[-80.72522243025382,-0.940307182392047],[-80.72600859706347,-0.9397051740532305],[-80.72608644645611,-0.9396455607470386],[-80.72580650245736,-0.9392842784658911],[-80.72549407966464,-0.9388810805243112],[-80.72537786224235,-0.9387310958433801],[-80.72478341323121,-0.937965052659834],[-80.72448440588063,-0.9375730543002163],[-80.72451829487859,-0.9375455291169885],[-80.72424330287156,-0.9371792655613403],[-80.72367691024508,-0.9364541223477261],[-80.72360316301845,-0.9363597050645894],[-80.7235294157955,-0.9362652877810262],[-80.72348961745249,-0.9363024269289467],[-80.72346302242194,-0.9362683829806145],[-80.72331234435916,-0.9360755057740135],[-80.72324070950039,-0.935983808732388],[-80.72295136155502,-0.9356134254505406],[-80.72265231232988,-0.9352306238473886],[-80.72273697554022,-0.9351664779105278],[-80.72238815246216,-0.9347198984149542],[-80.72216344800148,-0.9344649472115236],[-80.72204218163922,-0.9343033603062025],[-80.72195981189229,-0.9341502606695258],[-80.72194945158739,-0.9341310040973524],[-80.72191023041442,-0.9339263365196331],[-80.72194772720327,-0.9337445471993675],[-80.7219494826245,-0.9337360366876482],[-80.7220208336497,-0.9336067807478657],[-80.72202797551724,-0.9335134252499557],[-80.72199231562999,-0.933373389218275],[-80.72201016347485,-0.9332154033101006],[-80.72199352473443,-0.9331184559984109],[-80.7218020951203,-0.9330921098473793],[-80.72177949434959,-0.9332177788384968],[-80.72099856000905,-0.9331021575802795],[-80.72005613143277,-0.9329626260559535],[-80.72000107816785,-0.9329544751216758],[-80.72005057270702,-0.9325513737957039],[-80.72066393284163,-0.9326424456368158],[-80.72184049742185,-0.9328171418911352],[-80.72183670270392,-0.9328499698387134],[-80.72182859934665,-0.9329200716425561],[-80.72188091511082,-0.9329272574583171],[-80.72195463546083,-0.9329105070359702],[-80.72200278800082,-0.932873228036442],[-80.72201646825968,-0.9328626369777595],[-80.72205214359079,-0.9327944186298255],[-80.72201171791386,-0.9327860368202181],[-80.7220271843764,-0.9326687449478187],[-80.72206761014606,-0.9326759298146641],[-80.72210090725542,-0.93261967888931],[-80.72213248203715,-0.9325423577630829],[-80.7221365849817,-0.9325323103680461],[-80.72215085803134,-0.932470074123529],[-80.72214610571004,-0.9324186088478542],[-80.72211330217601,-0.9323491961648785],[-80.72207596558901,-0.9322701914834965],[-80.72206764891037,-0.9321816225245243],[-80.72180011783583,-0.9322102066428072],[-80.72179477102011,-0.932163887358243],[-80.72205552519773,-0.9321362598928857],[-80.72203198462292,-0.9319339180330957],[-80.722028790061,-0.9319064593328505],[-80.72205375941057,-0.9319028704892531],[-80.7220356851906,-0.931725344683727],[-80.72202524502691,-0.9316228009278404],[-80.72200742619516,-0.9314109534008566],[-80.72198602758525,-0.9313702583796443],[-80.72191706610215,-0.9313439219839807],[-80.72176011788476,-0.9313235624038897],[-80.72158283741526,-0.9313033215284179],[-80.72157070246055,-0.9313898541472696],[-80.72125476052264,-0.9313427165544539],[-80.71979045476823,-0.9311242461409961],[-80.71982233751508,-0.9309046238522853],[-80.7198418513494,-0.9307289246362274],[-80.7205945189786,-0.9308404985118557],[-80.72162877866766,-0.9309938147424363],[-80.72161164812275,-0.931105361519414],[-80.72165350095365,-0.9311034495570851],[-80.72172722175078,-0.9310804755714628],[-80.72181188241055,-0.9310474492237404],[-80.72194874341176,-0.9309801960974511],[-80.72203673619339,-0.9309083901639781],[-80.72206247395832,-0.9308733127639357],[-80.72206624064626,-0.9308681792327037],[-80.72209381493681,-0.9308305988734135],[-80.72211046736611,-0.9307528034705398],[-80.72210453078488,-0.9306510692402838],[-80.72206471936406,-0.9303853611858699],[-80.72202905694125,-0.9302776398878052],[-80.7219933895646,-0.9302447234093448],[-80.72193988633312,-0.9302058208050141],[-80.7218120711643,-0.9301639204017391],[-80.72166344717111,-0.9301250102461722],[-80.7214301058185,-0.9300860933560955],[-80.72119676447554,-0.9300471764520638],[-80.72059631959785,-0.9299483868177703],[-80.72009991064606,-0.9298825199442717],[-80.71954702391275,-0.9298076709732754],[-80.71953456349591,-0.9298027287438656],[-80.71944893307521,-0.9297687647758011],[-80.71941623800429,-0.929735848517609],[-80.71940137882517,-0.9296969489760158],[-80.71940435392979,-0.9296610427635841],[-80.71942813672268,-0.9296251391199633],[-80.71949650688028,-0.9296041994591633],[-80.719591629221,-0.9295952304504311],[-80.72073366718737,-0.9297389455506675],[-80.72165395195105,-0.9299017928861844],[-80.72194406732466,-0.9299664471615614],[-80.72209387655909,-0.930043058817759],[-80.72209915346114,-0.9300480393151248],[-80.7222080143156,-0.9301507854287364],[-80.72223654408603,-0.9302345691250338],[-80.72228984861007,-0.9305809626623898],[-80.72233637049122,-0.93088327994559],[-80.72241064920749,-0.9317822075868634],[-80.72245262325204,-0.9321609097047769],[-80.72246278348223,-0.9322525776071727],[-80.72246387658588,-0.9322624398363359],[-80.72250917333467,-0.9326711174024069],[-80.7225308563266,-0.9328526694364001],[-80.72261270789721,-0.9335380139718551],[-80.7226247097457,-0.9336385056502793],[-80.72269521281257,-0.934277698907664],[-80.72270156397161,-0.934335279641445],[-80.72278001800777,-0.9346081715296037],[-80.72285250036973,-0.934758987660203],[-80.72288701235162,-0.9348307977279973],[-80.7232401150602,-0.935283242371824],[-80.72359321785264,-0.9357356870058311],[-80.7239427590735,-0.9361163197789041],[-80.72414409573537,-0.9361665844354974],[-80.72414953133199,-0.9361679414578957],[-80.72425759405772,-0.9361949198268745],[-80.7248059689462,-0.9363318241492067],[-80.72583324554847,-0.9367915030728398],[-80.72622212509862,-0.9369661423078951],[-80.72659829052202,-0.9371350717919853],[-80.72660008249,-0.9371358765341711],[-80.72682485176757,-0.9372368165637397],[-80.72728914086127,-0.9374177699850037],[-80.72741357508876,-0.9374662673409659],[-80.72793060589187,-0.9376677763667374],[-80.72815789143878,-0.9377817285881775],[-80.72849161077038,-0.9379490425755534],[-80.72969266469778,-0.9385512042898371],[-80.73017589435617,-0.9387794756825655],[-80.73119790909247,-0.939262261840824],[-80.73217525046705,-0.9396860290230649],[-80.7325868858461,-0.9398198655244698],[-80.73306509466293,-0.9399753472208943],[-80.7332604658849,-0.9400388689250008],[-80.73334845321374,-0.9400674765379051],[-80.73349410450149,-0.9401206698310604],[-80.73364678499946,-0.9401764303471083],[-80.73373019296012,-0.940206892104996],[-80.73404302075701,-0.9403211406268214],[-80.73421397559392,-0.9403835749162966],[-80.73502534066343,-0.9406798936319944],[-80.73548764429566,-0.9408487323500053],[-80.73565740672622,-0.940910731233231],[-80.73579689884997,-0.940961675059512],[-80.7360363997973,-0.9410491432591783],[-80.73654457793039,-0.9412414466235077],[-80.7368747364949,-0.9414113372014583],[-80.73706754067447,-0.9415038648198787],[-80.73713220688485,-0.9415348988866867],[-80.73720293945546,-0.9415598763169726],[-80.73720624055922,-0.9415610420254836],[-80.7372325563605,-0.9415703353100184],[-80.73783202123917,-0.9417820219542676],[-80.73797322504521,-0.941831884784591],[-80.73799130492387,-0.9418382692715425],[-80.73804243361192,-0.9418563241731589],[-80.73817039785399,-0.9419022937185133],[-80.73824701787173,-0.9419298182407516],[-80.73839690439175,-0.9419836630885214],[-80.7385604278913,-0.9420424070730178],[-80.73881066570021,-0.9421323018122649],[-80.73882621511801,-0.9421378877415094],[-80.73894161729953,-0.9421761389380237],[-80.73918600104807,-0.9422751351587806],[-80.73933534618199,-0.9423321057837483],[-80.73942252733829,-0.9423653627390252],[-80.73943878158478,-0.942371563238609],[-80.73948134958805,-0.9423831867409405],[-80.73951621112559,-0.9423927059364842],[-80.73955665135483,-0.9424037484337475],[-80.73956058531151,-0.9424048226582044],[-80.73964935392624,-0.9424290613448818],[-80.73966786100547,-0.9424341150310624],[-80.73969602770384,-0.9424418061506827],[-80.73976000523902,-0.9424592756758727],[-80.73988774764166,-0.9424941566521028],[-80.73991831326663,-0.9424883901137662],[-80.73993722958919,-0.9424848213431858],[-80.73994862598073,-0.9424826712896106],[-80.73996146677099,-0.9424728243823779],[-80.73998857930026,-0.9424520341552522],[-80.74002092207525,-0.9424405466470488],[-80.74005136022713,-0.9424424642248396],[-80.7401331575719,-0.9424706388114005],[-80.74019594158068,-0.942492264513504],[-80.7403162659407,-0.942537429003309],[-80.74048522873285,-0.9426008494520488],[-80.7405235191232,-0.9426152218810984],[-80.74054275323309,-0.9426224414699078],[-80.74062968468294,-0.9426550714847083],[-80.74083021511296,-0.942710228266776],[-80.74085089593461,-0.9427159168068755],[-80.7408565445235,-0.9427174707100505],[-80.74101967632421,-0.9427623407335376],[-80.74133200383898,-0.9428569736759584],[-80.7414305931733,-0.9428868455135984],[-80.74182196870892,-0.9430238322868689],[-80.74193702066589,-0.9430580454397841],[-80.74216400470974,-0.9431193145699837],[-80.74311812133901,-0.9433492554365442],[-80.74324738195837,-0.9433810492181038],[-80.74324463474673,-0.9434003991604385],[-80.74324357542916,-0.9434078594009634],[-80.74353083704848,-0.9434883103131284],[-80.74364589397443,-0.9435126032530688],[-80.7436509273158,-0.9435136659848382],[-80.74388468482643,-0.9435630211686997],[-80.74392901813131,-0.9435736350320951],[-80.74402097446944,-0.9435956500331457],[-80.74403568620657,-0.9435991724981392],[-80.74406077654638,-0.9436051796803896],[-80.74408975652109,-0.9436121174084207],[-80.74412216081382,-0.9436198750658917],[-80.74415672844874,-0.9436281512876691],[-80.74429343748173,-0.9436461866211658],[-80.74428158575307,-0.9436331229161681],[-80.74428749275225,-0.9436168743294503],[-80.74436505970043,-0.9434035082245913],[-80.74436983875778,-0.9430887314107821],[-80.74435321174143,-0.9428242216113745],[-80.74435562452088,-0.9423478669878307],[-80.74442696653965,-0.9423382972858718],[-80.74443883931306,-0.9425776724366131],[-80.74443930835784,-0.9426754529742425],[-80.7444406264719,-0.9429501453783901],[-80.74444118175244,-0.9430659961277001],[-80.74443401941785,-0.9434525850490729],[-80.74440736413861,-0.9435419961707794],[-80.74437614162835,-0.943646726945417],[-80.74444168813297,-0.943656748541514],[-80.74451013664046,-0.9436672138319722],[-80.74459041811129,-0.9436794882176542],[-80.74468795517187,-0.9436944006842936],[-80.74471554043102,-0.943698618716624],[-80.74511807922914,-0.9437601639524331],[-80.74514233912257,-0.9437638730353086],[-80.74515706333669,-0.9437661242601648],[-80.745274136563,-0.9437840238758213],[-80.74527484479921,-0.9437841324944144],[-80.74527562314006,-0.9437842510700847],[-80.74534999513446,-0.9437956225476967],[-80.74557742460318,-0.9438303944022834],[-80.74564099035625,-0.9438401127734722],[-80.7458172207535,-0.9438670574447912],[-80.74598349923747,-0.9439015630256476],[-80.7460913835133,-0.9439239519177535],[-80.74635356079598,-0.943965570047979],[-80.7464049361234,-0.9439740439590452],[-80.74641533893383,-0.9439706067865927],[-80.7465152461836,-0.9439804951666133],[-80.74667055308714,-0.9439958671972591],[-80.74667673220412,-0.943996478336345],[-80.74687020840196,-0.9440131529363782],[-80.74687763593315,-0.9440137813562614],[-80.74707395859852,-0.9440304027754108],[-80.74714725048635,-0.9440290985144487],[-80.74717041206291,-0.9440286863438416],[-80.74721873425058,-0.9440315062733475],[-80.74727885027366,-0.9440350137474524],[-80.74727921244931,-0.944023056993842],[-80.74740656747039,-0.9440382688763407],[-80.74749328173087,-0.9440513713853705],[-80.74772342883186,-0.9440504789557025],[-80.74824040010152,-0.9440551660251799],[-80.74831387726556,-0.9440551713790342],[-80.74834384511654,-0.9440551735621909],[-80.74880128166554,-0.9440576628448268],[-80.74904804978488,-0.9440876137704065],[-80.74953735271998,-0.9441317432779641],[-80.74953677094206,-0.9441479723627423],[-80.74953674871817,-0.9441483743395764],[-80.74953582869213,-0.944165015413617],[-80.74985462346974,-0.9441859520270414],[-80.75015122550496,-0.9442054304071945],[-80.75026738828673,-0.9442130592664172],[-80.75038355107004,-0.9442206881218453],[-80.75049464555897,-0.9443233393774477],[-80.75060810422718,-0.9443074172575194],[-80.75080956392918,-0.9443440005930483],[-80.75086044452847,-0.9443532396486631],[-80.75095937060526,-0.9443639713381629],[-80.75108264775069,-0.9443716395878283],[-80.75123691775397,-0.9444303444344513],[-80.75127593036831,-0.9444451900862134],[-80.75130862732036,-0.9444557448567394],[-80.75141486355504,-0.94449003893466],[-80.75147530113755,-0.9445095481507337],[-80.75162292697009,-0.944547858299174],[-80.75185061764203,-0.9444856787641385],[-80.75190923082732,-0.944528603814689],[-80.75195927942477,-0.944534094539307],[-80.75215256360131,-0.9445861967897998],[-80.7524052042328,-0.944618386773314],[-80.75277351630118,-0.9446230091459142],[-80.75281408028299,-0.9446244704596012],[-80.75290135953433,-0.9446276142776355],[-80.75300789729809,-0.9446153656530215],[-80.75302452914423,-0.9446057496644613],[-80.75312464330784,-0.944554786683625],[-80.75314117162768,-0.9445475121034974],[-80.75323485607416,-0.9445062789274205],[-80.75360829954907,-0.9443419160733839],[-80.75367863216037,-0.9444022332258015],[-80.75377953946786,-0.9444285172751279],[-80.75401118133777,-0.9443771782282369],[-80.75418175205213,-0.9443688741825157],[-80.7543314962415,-0.9443707747990969],[-80.75438528015842,-0.94436421668658],[-80.75442046060678,-0.9443627951582698],[-80.75468814910946,-0.9443519819637346],[-80.75485404298874,-0.9443244178604573],[-80.75501080887128,-0.9442570209679673],[-80.75514931106144,-0.9441942187527985],[-80.7552680287277,-0.944111499514591],[-80.75544154140961,-0.9439583127475402],[-80.7555861368473,-0.9438127832872283],[-80.75567746510997,-0.9436488661292088],[-80.75584338004145,-0.9433317542702326],[-80.75592557638103,-0.943170899838094],[-80.75600597633664,-0.9430811131643395],[-80.75603668773985,-0.9430468161938421],[-80.7560728788413,-0.9430223380195599],[-80.75614544075161,-0.942973260121974],[-80.75625397418726,-0.9429294023907743],[-80.7563346177701,-0.9429311713734876],[-80.75643734798047,-0.942948413538133],[-80.75658913302694,-0.942973450145672],[-80.75668162744243,-0.9429887068915264],[-80.7568847096666,-0.9430222048389822],[-80.75709938818798,-0.9430576155559862],[-80.75727345793527,-0.9431064600795622],[-80.75744752768946,-0.9431553045956207],[-80.75766440196064,-0.9432012796158773],[-80.75804108594978,-0.9431840710637687],[-80.75829791898838,-0.9431323842315039],[-80.75865747989234,-0.9431324093444431],[-80.75889147610326,-0.9431783854864904],[-80.75911406098875,-0.9431898909544998],[-80.7593537672816,-0.9431956526225918],[-80.75953069927942,-0.9431267251997325],[-80.75961226952855,-0.9430410578198973],[-80.7596576383317,-0.9429934102180937],[-80.75966197668525,-0.9429888539561802],[-80.7598560359746,-0.9428280080576172],[-80.7600386807562,-0.9426786513074603],[-80.76017565874614,-0.9426384459597443],[-80.7603525827399,-0.9426729280869779],[-80.76048517131395,-0.9427396711781739],[-80.76054662522675,-0.9427706061500202],[-80.76080343891775,-0.9429889330883867],[-80.76096060689846,-0.9430694374984938],[-80.76104517172786,-0.9431127531983208],[-80.76112874470064,-0.943155560847714],[-80.7617622442341,-0.9433451888443755],[-80.7623215456734,-0.9435692824187639],[-80.76276100314904,-0.9436554872944782],[-80.76298929493477,-0.9436612479366175],[-80.76321759228505,-0.9435980688139409],[-80.76342876022142,-0.9436325531494986],[-80.76355392376132,-0.9436488185179854],[-80.76360568601136,-0.9436555451726037],[-80.76368482104715,-0.9436522315347702],[-80.7637426617116,-0.9436498095594033],[-80.76386704574993,-0.94357209617786],[-80.76390519599849,-0.9435481356969717],[-80.76392519803134,-0.9435422046567511],[-80.7639522948286,-0.9435341698635398],[-80.76398890421997,-0.9435344970599147],[-80.76402769562964,-0.9435418077057561],[-80.7640362266081,-0.943545990272753],[-80.76410060557541,-0.9435972770607748],[-80.7641462721254,-0.9436336568083874],[-80.76419354609588,-0.9436713170883309],[-80.76435584274644,-0.9438143725461146],[-80.76438040593925,-0.9438360236309647],[-80.76442042149185,-0.9438712951086359],[-80.76442419207054,-0.9438746186633721],[-80.76444258638068,-0.943890832221399],[-80.76451128557984,-0.9439513867303049],[-80.7645125330845,-0.9439638741290537],[-80.76451354941842,-0.9439740475313982],[-80.76451603049941,-0.943998882907664],[-80.76451986556654,-0.9440372715519487],[-80.76452523736933,-0.9440910427691449],[-80.7645275407779,-0.9441140996623291],[-80.76452957177233,-0.944134429716911],[-80.76453662040835,-0.9442049858706838],[-80.76453829467974,-0.9442217451630909],[-80.76454860129586,-0.944324913378921],[-80.7645501420623,-0.9443403362999305],[-80.76455962562532,-0.9444352658366597],[-80.76456146414505,-0.9444536692391806],[-80.76457004772546,-0.9445395900392412],[-80.76457031515938,-0.9445422670267476],[-80.76457179861079,-0.9445571162302996],[-80.76457250926394,-0.9445642297990134],[-80.7645786132987,-0.9446253305904975],[-80.76458315523806,-0.9446707949599329],[-80.76458486516057,-0.9446952284098842],[-80.76458762371958,-0.9447346460520976],[-80.76458892187098,-0.9447531956117956],[-80.76459099526573,-0.944782822869101],[-80.76459288455129,-0.9448132841187373],[-80.76460441402678,-0.9449991756844015],[-80.76461665035593,-0.9451964639860506],[-80.76464368058208,-0.9455582429141458],[-80.7646654136394,-0.9458491233206416],[-80.76470923157574,-0.9464355930953445],[-80.76475835951008,-0.9467092814478661],[-80.76480494907454,-0.9467749976039813],[-80.7648680366751,-0.9468639847938505],[-80.76487427563133,-0.9469148523298543],[-80.764926587307,-0.9469956448404133],[-80.76497506642782,-0.9470151683146355],[-80.76499049569114,-0.94702138197556],[-80.76500842164496,-0.9470445099004934],[-80.76523541367382,-0.947337373206949],[-80.76535073828535,-0.9474989589533749],[-80.76543871692554,-0.9476366053703913],[-80.76545806659506,-0.9476681105872445],[-80.76553501746444,-0.9477934023254448],[-80.76560804566364,-0.947933920125891],[-80.765675032621,-0.9480628136136175],[-80.76592384835772,-0.9485415743251622],[-80.76592399719246,-0.9485418607066975],[-80.76599035550836,-0.948669544551322],[-80.76608431596847,-0.9488621709551949],[-80.7662851934173,-0.9492739856170119],[-80.76644624272708,-0.9496370352890864],[-80.76645931032262,-0.9496664932598264],[-80.7664681183196,-0.9496887584201517],[-80.76658735720925,-0.9499901746018935],[-80.76671460014826,-0.9503118236539337],[-80.7667052226927,-0.9503165518020752],[-80.76623313392058,-0.9505545806715786],[-80.76561508650813,-0.950866202253195],[-80.76550460545337,-0.9509219071526758],[-80.76530326737456,-0.9508813113193924],[-80.76521507439594,-0.9508635289493412],[-80.76504057346686,-0.9508283442809926],[-80.76482860529558,-0.9507856050704078],[-80.76470416354198,-0.9507605138333018],[-80.76470962434446,-0.9507467744521136],[-80.76462211228039,-0.9507265599303878],[-80.76460588317097,-0.9507878645337939],[-80.76459266786894,-0.9508600006657986],[-80.7645839043878,-0.9509702475782831],[-80.76458629638368,-0.9510451912263704],[-80.76459503990259,-0.9511234782552974],[-80.76460933890165,-0.9512009052757975],[-80.76481087016008,-0.9520497059120174],[-80.76483664957253,-0.9521247742086842],[-80.76486670731217,-0.9521853364994683],[-80.764920945999,-0.9522608156836867],[-80.76495457185219,-0.9522961211174702],[-80.76654553066322,-0.9535934211459107],[-80.766662013188,-0.9536850276033277],[-80.76676344492456,-0.9537579550602402],[-80.76695892442143,-0.9538833609535119],[-80.76706841654443,-0.9539426928015757],[-80.7672068204639,-0.9540097348416907],[-80.7678028809048,-0.9542751346814669],[-80.76792459168523,-0.9543544481104362],[-80.76797022154182,-0.9543943005669604],[-80.76866203569058,-0.9552389049224247],[-80.76868178297717,-0.9552666938741936],[-80.76870115759243,-0.9553030360371082],[-80.76882793933713,-0.9558801124002656],[-80.76937740454635,-0.9556966304694329],[-80.76959529450166,-0.9556432575846543],[-80.76974184661705,-0.9556254411034928],[-80.76991665914832,-0.95561498231325],[-80.77004386029249,-0.9556200755352933],[-80.7701532503874,-0.955628461019046],[-80.77027334098793,-0.9556482175187995],[-80.77039343103444,-0.9556763521296716],[-80.77055216301375,-0.9557272299336006],[-80.77066036194478,-0.9557679309096443],[-80.77087319078625,-0.9558786560174184],[-80.77092788362114,-0.9559163612092333],[-80.77101943465222,-0.9559798016576765],[-80.7713433710812,-0.956223695414252],[-80.77142249531252,-0.9562850314727881],[-80.77155506613038,-0.9563748058814099],[-80.77164661766177,-0.9564310650764725],[-80.77174887081561,-0.9564819390545125],[-80.77185171864578,-0.9565304193226041],[-80.77197121316622,-0.9565747116436256],[-80.77205503803478,-0.9566004500338322],[-80.77217274984658,-0.9566321750557023],[-80.77229343526052,-0.9566483409139153],[-80.7724105533913,-0.9566674987144239],[-80.77253480652823,-0.9566740898127506],[-80.77271494507252,-0.9566651252739717],[-80.77283622705583,-0.9566501724352321],[-80.77298069570254,-0.9566262445824664],[-80.77303152775188,-0.956610389389013],[-80.77308004303042,-0.9566805183551425],[-80.77327771152088,-0.9568795258791168],[-80.77379844567493,-0.9574037874181585],[-80.77509813442302,-0.9597345567344462],[-80.77488007351496,-0.960718719541191],[-80.77438220192384,-0.9615552291159588],[-80.77383417015274,-0.9622206507187769],[-80.7749515783068,-0.962408660225222],[-80.7773120566368,-0.9624088161602202],[-80.77756883900823,-0.9680814965337845],[-80.77760987733555,-0.9689880844353667],[-80.77760955141763,-0.9739732085137689],[-80.7751625269285,-0.975135066039428],[-80.77318856836024,-0.9760723078096021],[-80.772849768523,-0.9762333556810887],[-80.7686212930468,-0.9782433492444227],[-80.76862127596128,-0.9784927625707668],[-80.76862113811843,-0.9805026606234293],[-80.76609108626397,-0.9805024836702074],[-80.76360027918227,-0.9805023075819577],[-80.76188015398569,-0.9805021848884508],[-80.76188016905787,-0.9802888336190421],[-80.76188031325198,-0.9782453664471547],[-80.76188040542625,-0.9769368654743431],[-80.76188045185121,-0.9762771548218154],[-80.76129537864753,-0.9757389796468915],[-80.76077727601657,-0.9752624071885664],[-80.76064539267469,-0.9751767912335367],[-80.75994080898639,-0.9747193890543143],[-80.75850078697988,-0.9737845539727489],[-80.75736361466952,-0.972856570719884],[-80.75712775018572,-0.972664094790801],[-80.75686968392843,-0.9724535010052477],[-80.75671838935065,-0.9723300377899164],[-80.75660683638735,-0.9722643020821096],[-80.75659796043517,-0.9722918564546177],[-80.75657974786968,-0.9723483938905559],[-80.75657402846329,-0.9723661477113552],[-80.75656574959316,-0.972417285534121],[-80.75657067531445,-0.9724755010392983],[-80.75659040031154,-0.972513993845851],[-80.7566054268667,-0.9725433177942335],[-80.75672676774778,-0.972657237248697],[-80.75684635388309,-0.9727891072152488],[-80.75691784791158,-0.9728679450707745],[-80.75694365965923,-0.9729061870762621],[-80.75690749482837,-0.972953746424011],[-80.75678922411996,-0.9731092808782619],[-80.75627149277886,-0.973791703191452],[-80.75559044253067,-0.9746893957023559],[-80.75523276582469,-0.9751608491648938],[-80.75409895610113,-0.9766553217595657],[-80.75394078613901,-0.9768638051432958],[-80.7539155713591,-0.9768970406703232],[-80.75388917106135,-0.9769318388238588],[-80.75396889203252,-0.9772239801998808],[-80.75423134427585,-0.9782022519380575],[-80.7542483867461,-0.9782717112488654],[-80.75424902914614,-0.978274327788185],[-80.75428026115581,-0.9784016224340205],[-80.75435956453502,-0.9787248360063926],[-80.75440328436147,-0.9789285481120231],[-80.75447545658724,-0.9792177496001813],[-80.75453914826828,-0.979436842027539],[-80.75460066964148,-0.9796674928592068],[-80.75466329730108,-0.9798357598710083],[-80.75473025351918,-0.9800320054998934],[-80.75482163931271,-0.9803479730319395],[-80.75489357357024,-0.9805656646578882],[-80.75501645464915,-0.9809806302192641],[-80.75509332362991,-0.9812444997758973],[-80.75513905053569,-0.9814913492906499],[-80.75518162979012,-0.9816946502452595],[-80.75520978450565,-0.9817762685525224],[-80.7552712835667,-0.9819564254055706],[-80.75538053903705,-0.9822692944381116],[-80.75553585242871,-0.9826442040457692],[-80.75557558265166,-0.9827886914719244],[-80.75564283163018,-0.9830225686185656],[-80.75572026237282,-0.9832606036766407],[-80.7557735842311,-0.9834071592342326],[-80.75581776376637,-0.9835811544623709],[-80.75583635370378,-0.9836861290105929],[-80.75583707345109,-0.9837491441706163],[-80.75584961485019,-0.9838068908425299],[-80.75589099074789,-0.9838845025648482],[-80.75594385226539,-0.983994115305876],[-80.7562682907472,-0.985025380723215],[-80.7563591111081,-0.9851326462542146],[-80.75678976877713,-0.9856412843065243],[-80.75683556050967,-0.9856953677476525],[-80.75776560472157,-0.9867938175733428],[-80.7592703444782,-0.9885710230606861],[-80.75986236026186,-0.9892646690278326],[-80.76106370006872,-0.9906722394835157],[-80.76190103462828,-0.991480573568623],[-80.76245221167248,-0.9924365487815977],[-80.76300953198648,-0.9936229037996186],[-80.76326579634126,-0.9941741709331069],[-80.76338615591568,-0.9944330835936485],[-80.76394389167778,-0.9962530192193668],[-80.76464926300002,-0.9982284715903376],[-80.764689289075,-0.9983405688114714],[-80.7649035854888,-0.9995058550959186],[-80.76490277697305,-0.9997783633657633],[-80.76490167001775,-1.000151433809933],[-80.76490073124478,-1.000467828403814],[-80.76453205933109,-1.002638106336647],[-80.76446158203812,-1.00280781762747],[-80.76400803618162,-1.003899966347234],[-80.7634030187251,-1.004737129243296],[-80.76272557221998,-1.005722180866897],[-80.76240331442608,-1.00619076394257],[-80.76217308733439,-1.007553144732725],[-80.76193693277763,-1.008466274354006],[-80.76211673720842,-1.009905627268637],[-80.76116307666439,-1.009905556881762],[-80.75847911190503,-1.009905357274661],[-80.75512222224197,-1.009905104482428],[-80.752582235914,-1.009904910888608],[-80.75259304579303,-1.009691560631779],[-80.75264633851098,-1.008639710121741],[-80.75275663260871,-1.007490457057173],[-80.75279038044981,-1.007138802173614],[-80.75282412827453,-1.006787147287113],[-80.75316592318536,-1.005203550341633],[-80.75362539367171,-1.002919616494424],[-80.75314464612417,-1.001962247706089],[-80.75272714500048,-1.001050813637647],[-80.75259790658892,-0.9997492381859131],[-80.75284741839471,-0.9984286561113578],[-80.75285074413449,-0.997330411150017],[-80.75247277891309,-0.9960700947613077],[-80.75228533335905,-0.9949454311473857],[-80.75228226633338,-0.9949270299642734],[-80.75241984077816,-0.9938865918248609],[-80.75239627093974,-0.9931301755743647],[-80.7523924170993,-0.9930064846603273],[-80.75237722803327,-0.9925190336693106],[-80.75223092367345,-0.9922774508089559],[-80.75169822183416,-0.9913978372053266],[-80.75166937839924,-0.9913502105621034],[-80.75084637728001,-0.9904444710974758],[-80.75015887686318,-0.9899473866465769],[-80.74973356983953,-0.9875379052998454],[-80.75046787061211,-0.9866606597847607],[-80.75014805682021,-0.9864266289946215],[-80.74991290344182,-0.9862318159517685],[-80.74932788243775,-0.9857074737711855],[-80.74904238980189,-0.9854095432305598],[-80.7490171154649,-0.9853798189620875],[-80.74892076048828,-0.9852582494512491],[-80.74886871320236,-0.9851820490850827],[-80.74871208155167,-0.984964923415518],[-80.74839115975618,-0.9844453184014981],[-80.74796524669233,-0.9835658808826508],[-80.74741740909349,-0.9824340634873039],[-80.747187855391,-0.9819625570558089],[-80.74615318089431,-0.9798277420740931],[-80.74481070347912,-0.9771432645820823],[-80.7447341093824,-0.9769929658283588],[-80.74470154323824,-0.9769249827619575],[-80.7442676320143,-0.9760191763486432],[-80.7438887095272,-0.9752597566586871],[-80.743584151276,-0.9746999946692227],[-80.74343895119439,-0.9744825054664973],[-80.7426846020613,-0.9735804483859029],[-80.7423977304495,-0.9733237309277315],[-80.7418806310422,-0.9731543434745903]]]}}]}